Using pre-set license
Built from '2022.3/respin/2022.3.62f2-4af31df585-v2' branch; Version is '2022.3.62f3 (96770f904ca7) revision 9860879'; Using compiler version '192829333'; Build Type 'Release'
OS: 'Windows 11  (10.0.26100) 64bit Professional' Language: 'en' Physical Memory: 32692 MB
BatchMode: 1, IsHumanControllingUs: 0, StartBugReporterOnCrash: 0, Is64bit: 1, IsPro: 1

COMMAND LINE ARGUMENTS:
C:\Program Files\Unity\Hub\Editor\2022.3.62f3\Editor\Unity.exe
-adb2
-batchMode
-noUpm
-name
AssetImportWorker2
-projectPath
C:/Users/Nik0la/unity/qx1
-logFile
Logs/AssetImportWorker2.log
-srvPort
56248
Successfully changed project path to: C:/Users/Nik0la/unity/qx1
C:/Users/Nik0la/unity/qx1
[UnityMemory] Configuration Parameters - Can be set up in boot.config
    "memorysetup-bucket-allocator-granularity=16"
    "memorysetup-bucket-allocator-bucket-count=8"
    "memorysetup-bucket-allocator-block-size=33554432"
    "memorysetup-bucket-allocator-block-count=8"
    "memorysetup-main-allocator-block-size=16777216"
    "memorysetup-thread-allocator-block-size=16777216"
    "memorysetup-gfx-main-allocator-block-size=16777216"
    "memorysetup-gfx-thread-allocator-block-size=16777216"
    "memorysetup-cache-allocator-block-size=4194304"
    "memorysetup-typetree-allocator-block-size=2097152"
    "memorysetup-profiler-bucket-allocator-granularity=16"
    "memorysetup-profiler-bucket-allocator-bucket-count=8"
    "memorysetup-profiler-bucket-allocator-block-size=33554432"
    "memorysetup-profiler-bucket-allocator-block-count=8"
    "memorysetup-profiler-allocator-block-size=16777216"
    "memorysetup-profiler-editor-allocator-block-size=1048576"
    "memorysetup-temp-allocator-size-main=16777216"
    "memorysetup-job-temp-allocator-block-size=2097152"
    "memorysetup-job-temp-allocator-block-size-background=1048576"
    "memorysetup-job-temp-allocator-reduction-small-platforms=262144"
    "memorysetup-allocator-temp-initial-block-size-main=262144"
    "memorysetup-allocator-temp-initial-block-size-worker=262144"
    "memorysetup-temp-allocator-size-background-worker=32768"
    "memorysetup-temp-allocator-size-job-worker=262144"
    "memorysetup-temp-allocator-size-preload-manager=33554432"
    "memorysetup-temp-allocator-size-nav-mesh-worker=65536"
    "memorysetup-temp-allocator-size-audio-worker=65536"
    "memorysetup-temp-allocator-size-cloud-worker=32768"
    "memorysetup-temp-allocator-size-gi-baking-worker=262144"
    "memorysetup-temp-allocator-size-gfx=262144"
Player connection [15528]  Target information:

Player connection [15528]  * "[IP] 192.168.100.102 [Port] 0 [Flags] 2 [Guid] 1707052830 [EditorId] 1707052830 [Version] 1048832 [Id] WindowsEditor(7,DESKTOP-BR8H1BK) [Debug] 1 [PackageName] WindowsEditor [ProjectName] Editor" 

Player connection [15528] Host joined multi-casting on [225.0.0.222:54997]...
Player connection [15528] Host joined alternative multi-casting on [225.0.0.222:34997]...
Input System module state changed to: Initialized.
[PhysX] Initialized MultithreadedTaskDispatcher with 16 workers.
Refreshing native plugins compatible for Editor in 58.91 ms, found 2 plugins.
Preloading 0 native plugins for Editor in 0.00 ms.
Initialize engine version: 2022.3.62f3 (96770f904ca7)
[Subsystems] Discovering subsystems at path C:/Program Files/Unity/Hub/Editor/2022.3.62f3/Editor/Data/Resources/UnitySubsystems
[Subsystems] Discovering subsystems at path C:/Users/Nik0la/unity/qx1/Assets
GfxDevice: creating device client; threaded=0; jobified=0
Direct3D:
    Version:  Direct3D 11.0 [level 11.0]
    Renderer: NVIDIA GeForce GTX 670 (ID=0x1189)
    Vendor:   NVIDIA
    VRAM:     2007 MB
    Driver:   27.21.14.5671
Shader Hidden/ProbeVolume/VoxelizeScene is not supported: GPU does not support conservative rasterization
Initialize mono
Mono path[0] = 'C:/Program Files/Unity/Hub/Editor/2022.3.62f3/Editor/Data/Managed'
Mono path[1] = 'C:/Program Files/Unity/Hub/Editor/2022.3.62f3/Editor/Data/MonoBleedingEdge/lib/mono/unityjit-win32'
Mono config path = 'C:/Program Files/Unity/Hub/Editor/2022.3.62f3/Editor/Data/MonoBleedingEdge/etc'
Using monoOptions --debugger-agent=transport=dt_socket,embedding=1,server=y,suspend=n,address=127.0.0.1:56740
Begin MonoManager ReloadAssembly
Registering precompiled unity dll's ...
Register platform support module: C:/Program Files/Unity/Hub/Editor/2022.3.62f3/Editor/Data/PlaybackEngines/WebGLSupport/UnityEditor.WebGL.Extensions.dll
Register platform support module: C:/Program Files/Unity/Hub/Editor/2022.3.62f3/Editor/Data/PlaybackEngines/WindowsStandaloneSupport/UnityEditor.WindowsStandalone.Extensions.dll
Register platform support module: C:/Program Files/Unity/Hub/Editor/2022.3.62f3/Editor/Data/PlaybackEngines/MetroSupport/UnityEditor.UWP.Extensions.dll
Registered in 0.026063 seconds.
- Loaded All Assemblies, in  0.571 seconds
Native extension for UWP target not found
Native extension for WindowsStandalone target not found
Native extension for WebGL target not found
Mono: successfully reloaded assembly
- Finished resetting the current domain, in  0.408 seconds
Domain Reload Profiling: 972ms
	BeginReloadAssembly (163ms)
		ExecutionOrderSort (0ms)
		DisableScriptedObjects (0ms)
		BackupInstance (0ms)
		ReleaseScriptingObjects (0ms)
		CreateAndSetChildDomain (1ms)
	RebuildCommonClasses (53ms)
	RebuildNativeTypeToScriptingClass (16ms)
	initialDomainReloadingComplete (112ms)
	LoadAllAssembliesAndSetupDomain (221ms)
		LoadAssemblies (158ms)
		RebuildTransferFunctionScriptingTraits (0ms)
		AnalyzeDomain (217ms)
			TypeCache.Refresh (214ms)
				TypeCache.ScanAssembly (196ms)
			ScanForSourceGeneratedMonoScriptInfo (1ms)
			ResolveRequiredComponents (1ms)
	FinalizeReload (408ms)
		ReleaseScriptCaches (0ms)
		RebuildScriptCaches (0ms)
		SetupLoadedEditorAssemblies (337ms)
			LogAssemblyErrors (0ms)
			InitializePlatformSupportModulesInManaged (24ms)
			SetLoadedEditorAssemblies (8ms)
			RefreshPlugins (0ms)
			BeforeProcessingInitializeOnLoad (3ms)
			ProcessInitializeOnLoadAttributes (231ms)
			ProcessInitializeOnLoadMethodAttributes (71ms)
			AfterProcessingInitializeOnLoad (0ms)
			EditorAssembliesLoaded (0ms)
		ExecutionOrderSort2 (0ms)
		AwakeInstancesAfterBackupRestoration (0ms)
========================================================================
Worker process is ready to serve import requests
Caller must complete domain reload
Begin MonoManager ReloadAssembly
- Loaded All Assemblies, in  1.487 seconds
Native extension for UWP target not found
Native extension for WindowsStandalone target not found
Native extension for WebGL target not found
Package Manager log level set to [2]
[Package Manager] Server::EnsureServerProcessIsRunning -- launch failed, reason: Unity was launched with the -noUpm command-line argument
[Package Manager] UpmClient::Send -- Unable to send message (not connected to UPM process).
[Package Manager] Cannot connect to Unity Package Manager local server
Mono: successfully reloaded assembly
- Finished resetting the current domain, in  1.173 seconds
Domain Reload Profiling: 2645ms
	BeginReloadAssembly (234ms)
		ExecutionOrderSort (0ms)
		DisableScriptedObjects (8ms)
		BackupInstance (0ms)
		ReleaseScriptingObjects (0ms)
		CreateAndSetChildDomain (31ms)
	RebuildCommonClasses (53ms)
	RebuildNativeTypeToScriptingClass (14ms)
	initialDomainReloadingComplete (95ms)
	LoadAllAssembliesAndSetupDomain (1077ms)
		LoadAssemblies (723ms)
		RebuildTransferFunctionScriptingTraits (0ms)
		AnalyzeDomain (494ms)
			TypeCache.Refresh (437ms)
				TypeCache.ScanAssembly (408ms)
			ScanForSourceGeneratedMonoScriptInfo (39ms)
			ResolveRequiredComponents (15ms)
	FinalizeReload (1173ms)
		ReleaseScriptCaches (0ms)
		RebuildScriptCaches (0ms)
		SetupLoadedEditorAssemblies (906ms)
			LogAssemblyErrors (0ms)
			InitializePlatformSupportModulesInManaged (19ms)
			SetLoadedEditorAssemblies (7ms)
			RefreshPlugins (0ms)
			BeforeProcessingInitializeOnLoad (139ms)
			ProcessInitializeOnLoadAttributes (540ms)
			ProcessInitializeOnLoadMethodAttributes (181ms)
			AfterProcessingInitializeOnLoad (19ms)
			EditorAssembliesLoaded (0ms)
		ExecutionOrderSort2 (0ms)
		AwakeInstancesAfterBackupRestoration (8ms)
Shader Hidden/ProbeVolume/VoxelizeScene is not supported: GPU does not support conservative rasterization
Launched and connected shader compiler UnityShaderCompiler.exe after 0.07 seconds
Refreshing native plugins compatible for Editor in 29.57 ms, found 2 plugins.
Preloading 0 native plugins for Editor in 0.00 ms.
Unloading 5158 Unused Serialized files (Serialized files now loaded: 0)
Unloading 52 unused Assets / (1.1 MB). Loaded Objects now: 5612.
Memory consumption went from 245.3 MB to 244.2 MB.
Total: 8.368500 ms (FindLiveObjects: 0.817400 ms CreateObjectMapping: 0.493000 ms MarkObjects: 6.232000 ms  DeleteObjects: 0.823500 ms)

AssetImportParameters requested are different than current active one (requested -> active):
  custom:container-demuxer-ogg: 62fdf1f143b41e24485cea50d1cbac27 -> 
  custom:video-codec-MediaFoundation-h265: 746d11721c4dcdbdad8f713fa42b33f4 -> 
  custom:video-decoder-ogg-theora: a1e56fd34408186e4bbccfd4996cb3dc -> 
  custom:framework-win-MediaFoundation: 216162199b28c13a410421893ffa2e32 -> 
  custom:CustomObjectIndexerAttribute: 72b91833f83ae208fae7752999fa3104 -> 
  custom:container-demuxer-webm: 4f35f7cbe854078d1ac9338744f61a02 -> 
  custom:container-muxer-webm: aa71ff27fc2769a1b78a27578f13a17b -> 
  custom:video-decoder-webm-vp8: 9c59270c3fd7afecdb556c50c9e8de78 -> 
  custom:SearchIndexIgnoredProperties: e643bd26f0fe6173181afceb89e7c659 -> 
  custom:AudioImporter_EditorPlatform: d09bf68614088b80899f8185d706f6e7 -> 
  custom:video-encoder-webm-vp8: eb34c28f22e8b96e1ab97ce403110664 -> 
  custom:audio-decoder-ogg-vorbis: bf7c407c2cedff20999df2af8eb42d56 -> 
  custom:audio-encoder-webm-vorbis: bf7c407c2cedff20999df2af8eb42d56 -> 
========================================================================
Received Import Request.
  Time since last request: 22903.305694 seconds.
  path: Assets/Scripts/Ui/TitleExtras.cs
  artifactKey: Guid(0d1c16c9dea9eca4f8434dbbbfbca8fb) Importer(815301076,1909f56bfc062723c751e8b465ee728b)
Start importing Assets/Scripts/Ui/TitleExtras.cs using Guid(0d1c16c9dea9eca4f8434dbbbfbca8fb) Importer(815301076,1909f56bfc062723c751e8b465ee728b) [PhysX] Initialized MultithreadedTaskDispatcher with 16 workers.
 -> (artifact id: '444eb89d11ba2ce917db3526e5241489') in 0.003442 seconds
Number of updated asset objects reloaded before import = 0
Number of asset objects unloaded after import = 0
========================================================================
Received Prepare
Caller must complete domain reload
Begin MonoManager ReloadAssembly
- Loaded All Assemblies, in  0.958 seconds
Native extension for UWP target not found
Native extension for WindowsStandalone target not found
Native extension for WebGL target not found
[Package Manager] Server::EnsureServerProcessIsRunning -- launch failed, reason: Unity was launched with the -noUpm command-line argument
[Package Manager] UpmClient::Send -- Unable to send message (not connected to UPM process).
[Package Manager] Cannot connect to Unity Package Manager local server
Mono: successfully reloaded assembly
- Finished resetting the current domain, in  2.116 seconds
Domain Reload Profiling: 3061ms
	BeginReloadAssembly (226ms)
		ExecutionOrderSort (0ms)
		DisableScriptedObjects (7ms)
		BackupInstance (0ms)
		ReleaseScriptingObjects (0ms)
		CreateAndSetChildDomain (55ms)
	RebuildCommonClasses (42ms)
	RebuildNativeTypeToScriptingClass (12ms)
	initialDomainReloadingComplete (62ms)
	LoadAllAssembliesAndSetupDomain (603ms)
		LoadAssemblies (632ms)
		RebuildTransferFunctionScriptingTraits (0ms)
		AnalyzeDomain (88ms)
			TypeCache.Refresh (18ms)
				TypeCache.ScanAssembly (4ms)
			ScanForSourceGeneratedMonoScriptInfo (54ms)
			ResolveRequiredComponents (14ms)
	FinalizeReload (2116ms)
		ReleaseScriptCaches (0ms)
		RebuildScriptCaches (0ms)
		SetupLoadedEditorAssemblies (768ms)
			LogAssemblyErrors (0ms)
			InitializePlatformSupportModulesInManaged (16ms)
			SetLoadedEditorAssemblies (8ms)
			RefreshPlugins (0ms)
			BeforeProcessingInitializeOnLoad (126ms)
			ProcessInitializeOnLoadAttributes (456ms)
			ProcessInitializeOnLoadMethodAttributes (142ms)
			AfterProcessingInitializeOnLoad (20ms)
			EditorAssembliesLoaded (0ms)
		ExecutionOrderSort2 (0ms)
		AwakeInstancesAfterBackupRestoration (25ms)
Shader Hidden/ProbeVolume/VoxelizeScene is not supported: GPU does not support conservative rasterization
Refreshing native plugins compatible for Editor in 25.19 ms, found 2 plugins.
Preloading 0 native plugins for Editor in 0.00 ms.
Unloading 4928 Unused Serialized files (Serialized files now loaded: 0)
Unloading 45 unused Assets / (1.1 MB). Loaded Objects now: 5617.
Memory consumption went from 203.4 MB to 202.4 MB.
Total: 5.949900 ms (FindLiveObjects: 0.509100 ms CreateObjectMapping: 0.148000 ms MarkObjects: 4.958400 ms  DeleteObjects: 0.332900 ms)

Prepare: number of updated asset objects reloaded= 0
AssetImportParameters requested are different than current active one (requested -> active):
  custom:container-demuxer-ogg: 62fdf1f143b41e24485cea50d1cbac27 -> 
  custom:video-codec-MediaFoundation-h265: 746d11721c4dcdbdad8f713fa42b33f4 -> 
  custom:video-decoder-ogg-theora: a1e56fd34408186e4bbccfd4996cb3dc -> 
  custom:framework-win-MediaFoundation: 216162199b28c13a410421893ffa2e32 -> 
  custom:CustomObjectIndexerAttribute: 72b91833f83ae208fae7752999fa3104 -> 
  custom:container-demuxer-webm: 4f35f7cbe854078d1ac9338744f61a02 -> 
  custom:container-muxer-webm: aa71ff27fc2769a1b78a27578f13a17b -> 
  custom:video-decoder-webm-vp8: 9c59270c3fd7afecdb556c50c9e8de78 -> 
  custom:SearchIndexIgnoredProperties: e643bd26f0fe6173181afceb89e7c659 -> 
  custom:AudioImporter_EditorPlatform: d09bf68614088b80899f8185d706f6e7 -> 
  custom:video-encoder-webm-vp8: eb34c28f22e8b96e1ab97ce403110664 -> 
  custom:audio-decoder-ogg-vorbis: bf7c407c2cedff20999df2af8eb42d56 -> 
  custom:scripting/monoscript/fileName/TitleExtras.cs: fbfb93edb3c517d0e499114eda65705c -> 
  custom:audio-encoder-webm-vorbis: bf7c407c2cedff20999df2af8eb42d56 -> 
  custom:scripting/precompiled-assembly-types:Assembly-CSharp: 376b773349d993536bc626f89254b9fa -> 0ac2bf2ed1e5ec182c9b167a7f61b23c
========================================================================
Received Prepare
Caller must complete domain reload
Begin MonoManager ReloadAssembly
- Loaded All Assemblies, in  0.904 seconds
Native extension for UWP target not found
Native extension for WindowsStandalone target not found
Native extension for WebGL target not found
[Package Manager] Server::EnsureServerProcessIsRunning -- launch failed, reason: Unity was launched with the -noUpm command-line argument
[Package Manager] UpmClient::Send -- Unable to send message (not connected to UPM process).
[Package Manager] Cannot connect to Unity Package Manager local server
Mono: successfully reloaded assembly
- Finished resetting the current domain, in  2.233 seconds
Domain Reload Profiling: 3126ms
	BeginReloadAssembly (208ms)
		ExecutionOrderSort (0ms)
		DisableScriptedObjects (7ms)
		BackupInstance (0ms)
		ReleaseScriptingObjects (0ms)
		CreateAndSetChildDomain (44ms)
	RebuildCommonClasses (47ms)
	RebuildNativeTypeToScriptingClass (14ms)
	initialDomainReloadingComplete (62ms)
	LoadAllAssembliesAndSetupDomain (561ms)
		LoadAssemblies (592ms)
		RebuildTransferFunctionScriptingTraits (0ms)
		AnalyzeDomain (77ms)
			TypeCache.Refresh (15ms)
				TypeCache.ScanAssembly (3ms)
			ScanForSourceGeneratedMonoScriptInfo (48ms)
			ResolveRequiredComponents (12ms)
	FinalizeReload (2234ms)
		ReleaseScriptCaches (0ms)
		RebuildScriptCaches (0ms)
		SetupLoadedEditorAssemblies (888ms)
			LogAssemblyErrors (0ms)
			InitializePlatformSupportModulesInManaged (17ms)
			SetLoadedEditorAssemblies (8ms)
			RefreshPlugins (0ms)
			BeforeProcessingInitializeOnLoad (146ms)
			ProcessInitializeOnLoadAttributes (525ms)
			ProcessInitializeOnLoadMethodAttributes (174ms)
			AfterProcessingInitializeOnLoad (18ms)
			EditorAssembliesLoaded (0ms)
		ExecutionOrderSort2 (0ms)
		AwakeInstancesAfterBackupRestoration (29ms)
Shader Hidden/ProbeVolume/VoxelizeScene is not supported: GPU does not support conservative rasterization
Refreshing native plugins compatible for Editor in 30.87 ms, found 2 plugins.
Preloading 0 native plugins for Editor in 0.00 ms.
Unloading 4928 Unused Serialized files (Serialized files now loaded: 0)
Unloading 45 unused Assets / (1.1 MB). Loaded Objects now: 5621.
Memory consumption went from 203.4 MB to 202.4 MB.
Total: 5.976800 ms (FindLiveObjects: 0.693400 ms CreateObjectMapping: 0.949700 ms MarkObjects: 4.064400 ms  DeleteObjects: 0.268100 ms)

Prepare: number of updated asset objects reloaded= 0
AssetImportParameters requested are different than current active one (requested -> active):
  custom:container-demuxer-ogg: 62fdf1f143b41e24485cea50d1cbac27 -> 
  custom:video-codec-MediaFoundation-h265: 746d11721c4dcdbdad8f713fa42b33f4 -> 
  custom:video-decoder-ogg-theora: a1e56fd34408186e4bbccfd4996cb3dc -> 
  custom:framework-win-MediaFoundation: 216162199b28c13a410421893ffa2e32 -> 
  custom:CustomObjectIndexerAttribute: 72b91833f83ae208fae7752999fa3104 -> 
  custom:container-demuxer-webm: 4f35f7cbe854078d1ac9338744f61a02 -> 
  custom:container-muxer-webm: aa71ff27fc2769a1b78a27578f13a17b -> 
  custom:video-decoder-webm-vp8: 9c59270c3fd7afecdb556c50c9e8de78 -> 
  custom:SearchIndexIgnoredProperties: e643bd26f0fe6173181afceb89e7c659 -> 
  custom:AudioImporter_EditorPlatform: d09bf68614088b80899f8185d706f6e7 -> 
  custom:video-encoder-webm-vp8: eb34c28f22e8b96e1ab97ce403110664 -> 
  custom:audio-decoder-ogg-vorbis: bf7c407c2cedff20999df2af8eb42d56 -> 
  custom:scripting/monoscript/fileName/TitleExtras.cs: fbfb93edb3c517d0e499114eda65705c -> 
  custom:audio-encoder-webm-vorbis: bf7c407c2cedff20999df2af8eb42d56 -> 
  custom:scripting/precompiled-assembly-types:Assembly-CSharp: 376b773349d993536bc626f89254b9fa -> 0ac2bf2ed1e5ec182c9b167a7f61b23c
========================================================================
Received Prepare
Caller must complete domain reload
Begin MonoManager ReloadAssembly
- Loaded All Assemblies, in  0.882 seconds
Native extension for UWP target not found
Native extension for WindowsStandalone target not found
Native extension for WebGL target not found
[Package Manager] Server::EnsureServerProcessIsRunning -- launch failed, reason: Unity was launched with the -noUpm command-line argument
[Package Manager] UpmClient::Send -- Unable to send message (not connected to UPM process).
[Package Manager] Cannot connect to Unity Package Manager local server
Mono: successfully reloaded assembly
- Finished resetting the current domain, in  2.156 seconds
Domain Reload Profiling: 3026ms
	BeginReloadAssembly (198ms)
		ExecutionOrderSort (0ms)
		DisableScriptedObjects (6ms)
		BackupInstance (0ms)
		ReleaseScriptingObjects (0ms)
		CreateAndSetChildDomain (40ms)
	RebuildCommonClasses (40ms)
	RebuildNativeTypeToScriptingClass (13ms)
	initialDomainReloadingComplete (59ms)
	LoadAllAssembliesAndSetupDomain (560ms)
		LoadAssemblies (592ms)
		RebuildTransferFunctionScriptingTraits (0ms)
		AnalyzeDomain (77ms)
			TypeCache.Refresh (15ms)
				TypeCache.ScanAssembly (3ms)
			ScanForSourceGeneratedMonoScriptInfo (46ms)
			ResolveRequiredComponents (13ms)
	FinalizeReload (2157ms)
		ReleaseScriptCaches (0ms)
		RebuildScriptCaches (0ms)
		SetupLoadedEditorAssemblies (922ms)
			LogAssemblyErrors (0ms)
			InitializePlatformSupportModulesInManaged (19ms)
			SetLoadedEditorAssemblies (8ms)
			RefreshPlugins (0ms)
			BeforeProcessingInitializeOnLoad (153ms)
			ProcessInitializeOnLoadAttributes (548ms)
			ProcessInitializeOnLoadMethodAttributes (173ms)
			AfterProcessingInitializeOnLoad (21ms)
			EditorAssembliesLoaded (1ms)
		ExecutionOrderSort2 (0ms)
		AwakeInstancesAfterBackupRestoration (26ms)
Shader Hidden/ProbeVolume/VoxelizeScene is not supported: GPU does not support conservative rasterization
Refreshing native plugins compatible for Editor in 30.57 ms, found 2 plugins.
Preloading 0 native plugins for Editor in 0.00 ms.
Unloading 4928 Unused Serialized files (Serialized files now loaded: 0)
Unloading 45 unused Assets / (1.1 MB). Loaded Objects now: 5625.
Memory consumption went from 203.5 MB to 202.4 MB.
Total: 7.060500 ms (FindLiveObjects: 0.833900 ms CreateObjectMapping: 0.423700 ms MarkObjects: 5.242700 ms  DeleteObjects: 0.558000 ms)

Prepare: number of updated asset objects reloaded= 0
AssetImportParameters requested are different than current active one (requested -> active):
  custom:container-demuxer-ogg: 62fdf1f143b41e24485cea50d1cbac27 -> 
  custom:video-codec-MediaFoundation-h265: 746d11721c4dcdbdad8f713fa42b33f4 -> 
  custom:video-decoder-ogg-theora: a1e56fd34408186e4bbccfd4996cb3dc -> 
  custom:framework-win-MediaFoundation: 216162199b28c13a410421893ffa2e32 -> 
  custom:CustomObjectIndexerAttribute: 72b91833f83ae208fae7752999fa3104 -> 
  custom:container-demuxer-webm: 4f35f7cbe854078d1ac9338744f61a02 -> 
  custom:container-muxer-webm: aa71ff27fc2769a1b78a27578f13a17b -> 
  custom:video-decoder-webm-vp8: 9c59270c3fd7afecdb556c50c9e8de78 -> 
  custom:SearchIndexIgnoredProperties: e643bd26f0fe6173181afceb89e7c659 -> 
  custom:AudioImporter_EditorPlatform: d09bf68614088b80899f8185d706f6e7 -> 
  custom:video-encoder-webm-vp8: eb34c28f22e8b96e1ab97ce403110664 -> 
  custom:audio-decoder-ogg-vorbis: bf7c407c2cedff20999df2af8eb42d56 -> 
  custom:scripting/monoscript/fileName/TitleExtras.cs: fbfb93edb3c517d0e499114eda65705c -> 
  custom:audio-encoder-webm-vorbis: bf7c407c2cedff20999df2af8eb42d56 -> 
  custom:scripting/precompiled-assembly-types:Assembly-CSharp: 376b773349d993536bc626f89254b9fa -> 0ac2bf2ed1e5ec182c9b167a7f61b23c
========================================================================
Received Prepare
Caller must complete domain reload
Begin MonoManager ReloadAssembly
- Loaded All Assemblies, in  0.864 seconds
Native extension for UWP target not found
Native extension for WindowsStandalone target not found
Native extension for WebGL target not found
[Package Manager] Server::EnsureServerProcessIsRunning -- launch failed, reason: Unity was launched with the -noUpm command-line argument
[Package Manager] UpmClient::Send -- Unable to send message (not connected to UPM process).
[Package Manager] Cannot connect to Unity Package Manager local server
Mono: successfully reloaded assembly
- Finished resetting the current domain, in  2.171 seconds
Domain Reload Profiling: 3025ms
	BeginReloadAssembly (215ms)
		ExecutionOrderSort (0ms)
		DisableScriptedObjects (7ms)
		BackupInstance (0ms)
		ReleaseScriptingObjects (0ms)
		CreateAndSetChildDomain (45ms)
	RebuildCommonClasses (51ms)
	RebuildNativeTypeToScriptingClass (18ms)
	initialDomainReloadingComplete (65ms)
	LoadAllAssembliesAndSetupDomain (504ms)
		LoadAssemblies (597ms)
		RebuildTransferFunctionScriptingTraits (0ms)
		AnalyzeDomain (24ms)
			TypeCache.Refresh (8ms)
				TypeCache.ScanAssembly (0ms)
			ScanForSourceGeneratedMonoScriptInfo (0ms)
			ResolveRequiredComponents (14ms)
	FinalizeReload (2172ms)
		ReleaseScriptCaches (0ms)
		RebuildScriptCaches (0ms)
		SetupLoadedEditorAssemblies (957ms)
			LogAssemblyErrors (0ms)
			InitializePlatformSupportModulesInManaged (20ms)
			SetLoadedEditorAssemblies (9ms)
			RefreshPlugins (0ms)
			BeforeProcessingInitializeOnLoad (149ms)
			ProcessInitializeOnLoadAttributes (583ms)
			ProcessInitializeOnLoadMethodAttributes (176ms)
			AfterProcessingInitializeOnLoad (19ms)
			EditorAssembliesLoaded (1ms)
		ExecutionOrderSort2 (0ms)
		AwakeInstancesAfterBackupRestoration (33ms)
Shader Hidden/ProbeVolume/VoxelizeScene is not supported: GPU does not support conservative rasterization
Refreshing native plugins compatible for Editor in 27.06 ms, found 2 plugins.
Preloading 0 native plugins for Editor in 0.00 ms.
Unloading 4928 Unused Serialized files (Serialized files now loaded: 0)
Unloading 45 unused Assets / (1.1 MB). Loaded Objects now: 5629.
Memory consumption went from 203.5 MB to 202.4 MB.
Total: 8.074400 ms (FindLiveObjects: 0.612400 ms CreateObjectMapping: 0.210000 ms MarkObjects: 6.658100 ms  DeleteObjects: 0.591600 ms)

Prepare: number of updated asset objects reloaded= 0
AssetImportParameters requested are different than current active one (requested -> active):
  custom:container-demuxer-ogg: 62fdf1f143b41e24485cea50d1cbac27 -> 
  custom:video-codec-MediaFoundation-h265: 746d11721c4dcdbdad8f713fa42b33f4 -> 
  custom:video-decoder-ogg-theora: a1e56fd34408186e4bbccfd4996cb3dc -> 
  custom:framework-win-MediaFoundation: 216162199b28c13a410421893ffa2e32 -> 
  custom:CustomObjectIndexerAttribute: 72b91833f83ae208fae7752999fa3104 -> 
  custom:container-demuxer-webm: 4f35f7cbe854078d1ac9338744f61a02 -> 
  custom:container-muxer-webm: aa71ff27fc2769a1b78a27578f13a17b -> 
  custom:video-decoder-webm-vp8: 9c59270c3fd7afecdb556c50c9e8de78 -> 
  custom:SearchIndexIgnoredProperties: e643bd26f0fe6173181afceb89e7c659 -> 
  custom:AudioImporter_EditorPlatform: d09bf68614088b80899f8185d706f6e7 -> 
  custom:video-encoder-webm-vp8: eb34c28f22e8b96e1ab97ce403110664 -> 
  custom:audio-decoder-ogg-vorbis: bf7c407c2cedff20999df2af8eb42d56 -> 
  custom:scripting/monoscript/fileName/TitleExtras.cs: fbfb93edb3c517d0e499114eda65705c -> 
  custom:audio-encoder-webm-vorbis: bf7c407c2cedff20999df2af8eb42d56 -> 
  custom:scripting/precompiled-assembly-types:Assembly-CSharp: 376b773349d993536bc626f89254b9fa -> 0ac2bf2ed1e5ec182c9b167a7f61b23c
========================================================================
Received Prepare
Caller must complete domain reload
Begin MonoManager ReloadAssembly
- Loaded All Assemblies, in  0.845 seconds
Native extension for UWP target not found
Native extension for WindowsStandalone target not found
Native extension for WebGL target not found
[Package Manager] Server::EnsureServerProcessIsRunning -- launch failed, reason: Unity was launched with the -noUpm command-line argument
[Package Manager] UpmClient::Send -- Unable to send message (not connected to UPM process).
[Package Manager] Cannot connect to Unity Package Manager local server
Mono: successfully reloaded assembly
- Finished resetting the current domain, in  2.079 seconds
Domain Reload Profiling: 2912ms
	BeginReloadAssembly (206ms)
		ExecutionOrderSort (0ms)
		DisableScriptedObjects (6ms)
		BackupInstance (0ms)
		ReleaseScriptingObjects (0ms)
		CreateAndSetChildDomain (42ms)
	RebuildCommonClasses (42ms)
	RebuildNativeTypeToScriptingClass (13ms)
	initialDomainReloadingComplete (61ms)
	LoadAllAssembliesAndSetupDomain (511ms)
		LoadAssemblies (598ms)
		RebuildTransferFunctionScriptingTraits (0ms)
		AnalyzeDomain (24ms)
			TypeCache.Refresh (8ms)
				TypeCache.ScanAssembly (0ms)
			ScanForSourceGeneratedMonoScriptInfo (0ms)
			ResolveRequiredComponents (14ms)
	FinalizeReload (2080ms)
		ReleaseScriptCaches (0ms)
		RebuildScriptCaches (0ms)
		SetupLoadedEditorAssemblies (891ms)
			LogAssemblyErrors (0ms)
			InitializePlatformSupportModulesInManaged (19ms)
			SetLoadedEditorAssemblies (10ms)
			RefreshPlugins (0ms)
			BeforeProcessingInitializeOnLoad (147ms)
			ProcessInitializeOnLoadAttributes (525ms)
			ProcessInitializeOnLoadMethodAttributes (168ms)
			AfterProcessingInitializeOnLoad (21ms)
			EditorAssembliesLoaded (0ms)
		ExecutionOrderSort2 (0ms)
		AwakeInstancesAfterBackupRestoration (30ms)
Shader Hidden/ProbeVolume/VoxelizeScene is not supported: GPU does not support conservative rasterization
Refreshing native plugins compatible for Editor in 24.95 ms, found 2 plugins.
Preloading 0 native plugins for Editor in 0.00 ms.
Unloading 4928 Unused Serialized files (Serialized files now loaded: 0)
Unloading 45 unused Assets / (1.1 MB). Loaded Objects now: 5633.
Memory consumption went from 203.5 MB to 202.4 MB.
Total: 7.918900 ms (FindLiveObjects: 0.805300 ms CreateObjectMapping: 0.388100 ms MarkObjects: 6.262700 ms  DeleteObjects: 0.460800 ms)

Prepare: number of updated asset objects reloaded= 0
AssetImportParameters requested are different than current active one (requested -> active):
  custom:container-demuxer-ogg: 62fdf1f143b41e24485cea50d1cbac27 -> 
  custom:video-codec-MediaFoundation-h265: 746d11721c4dcdbdad8f713fa42b33f4 -> 
  custom:video-decoder-ogg-theora: a1e56fd34408186e4bbccfd4996cb3dc -> 
  custom:framework-win-MediaFoundation: 216162199b28c13a410421893ffa2e32 -> 
  custom:CustomObjectIndexerAttribute: 72b91833f83ae208fae7752999fa3104 -> 
  custom:container-demuxer-webm: 4f35f7cbe854078d1ac9338744f61a02 -> 
  custom:container-muxer-webm: aa71ff27fc2769a1b78a27578f13a17b -> 
  custom:video-decoder-webm-vp8: 9c59270c3fd7afecdb556c50c9e8de78 -> 
  custom:SearchIndexIgnoredProperties: e643bd26f0fe6173181afceb89e7c659 -> 
  custom:AudioImporter_EditorPlatform: d09bf68614088b80899f8185d706f6e7 -> 
  custom:video-encoder-webm-vp8: eb34c28f22e8b96e1ab97ce403110664 -> 
  custom:audio-decoder-ogg-vorbis: bf7c407c2cedff20999df2af8eb42d56 -> 
  custom:scripting/monoscript/fileName/TitleExtras.cs: fbfb93edb3c517d0e499114eda65705c -> 
  custom:audio-encoder-webm-vorbis: bf7c407c2cedff20999df2af8eb42d56 -> 
  custom:scripting/precompiled-assembly-types:Assembly-CSharp: 376b773349d993536bc626f89254b9fa -> 0ac2bf2ed1e5ec182c9b167a7f61b23c
========================================================================
Received Prepare
Caller must complete domain reload
Begin MonoManager ReloadAssembly
- Loaded All Assemblies, in  0.892 seconds
Native extension for UWP target not found
Native extension for WindowsStandalone target not found
Native extension for WebGL target not found
[Package Manager] Server::EnsureServerProcessIsRunning -- launch failed, reason: Unity was launched with the -noUpm command-line argument
[Package Manager] UpmClient::Send -- Unable to send message (not connected to UPM process).
[Package Manager] Cannot connect to Unity Package Manager local server
Mono: successfully reloaded assembly
- Finished resetting the current domain, in  1.869 seconds
Domain Reload Profiling: 2750ms
	BeginReloadAssembly (206ms)
		ExecutionOrderSort (0ms)
		DisableScriptedObjects (6ms)
		BackupInstance (0ms)
		ReleaseScriptingObjects (0ms)
		CreateAndSetChildDomain (45ms)
	RebuildCommonClasses (43ms)
	RebuildNativeTypeToScriptingClass (13ms)
	initialDomainReloadingComplete (61ms)
	LoadAllAssembliesAndSetupDomain (556ms)
		LoadAssemblies (587ms)
		RebuildTransferFunctionScriptingTraits (0ms)
		AnalyzeDomain (81ms)
			TypeCache.Refresh (18ms)
				TypeCache.ScanAssembly (5ms)
			ScanForSourceGeneratedMonoScriptInfo (47ms)
			ResolveRequiredComponents (14ms)
	FinalizeReload (1869ms)
		ReleaseScriptCaches (0ms)
		RebuildScriptCaches (0ms)
		SetupLoadedEditorAssemblies (741ms)
			LogAssemblyErrors (0ms)
			InitializePlatformSupportModulesInManaged (15ms)
			SetLoadedEditorAssemblies (7ms)
			RefreshPlugins (0ms)
			BeforeProcessingInitializeOnLoad (116ms)
			ProcessInitializeOnLoadAttributes (447ms)
			ProcessInitializeOnLoadMethodAttributes (136ms)
			AfterProcessingInitializeOnLoad (20ms)
			EditorAssembliesLoaded (0ms)
		ExecutionOrderSort2 (0ms)
		AwakeInstancesAfterBackupRestoration (22ms)
Shader Hidden/ProbeVolume/VoxelizeScene is not supported: GPU does not support conservative rasterization
Refreshing native plugins compatible for Editor in 20.66 ms, found 2 plugins.
Preloading 0 native plugins for Editor in 0.00 ms.
Unloading 4928 Unused Serialized files (Serialized files now loaded: 0)
Unloading 45 unused Assets / (1.1 MB). Loaded Objects now: 5637.
Memory consumption went from 203.5 MB to 202.4 MB.
Total: 5.083400 ms (FindLiveObjects: 0.503200 ms CreateObjectMapping: 0.134200 ms MarkObjects: 4.169400 ms  DeleteObjects: 0.275600 ms)

Prepare: number of updated asset objects reloaded= 0
AssetImportParameters requested are different than current active one (requested -> active):
  custom:container-demuxer-ogg: 62fdf1f143b41e24485cea50d1cbac27 -> 
  custom:video-codec-MediaFoundation-h265: 746d11721c4dcdbdad8f713fa42b33f4 -> 
  custom:video-decoder-ogg-theora: a1e56fd34408186e4bbccfd4996cb3dc -> 
  custom:framework-win-MediaFoundation: 216162199b28c13a410421893ffa2e32 -> 
  custom:CustomObjectIndexerAttribute: 72b91833f83ae208fae7752999fa3104 -> 
  custom:container-demuxer-webm: 4f35f7cbe854078d1ac9338744f61a02 -> 
  custom:container-muxer-webm: aa71ff27fc2769a1b78a27578f13a17b -> 
  custom:video-decoder-webm-vp8: 9c59270c3fd7afecdb556c50c9e8de78 -> 
  custom:SearchIndexIgnoredProperties: e643bd26f0fe6173181afceb89e7c659 -> 
  custom:AudioImporter_EditorPlatform: d09bf68614088b80899f8185d706f6e7 -> 
  custom:video-encoder-webm-vp8: eb34c28f22e8b96e1ab97ce403110664 -> 
  custom:audio-decoder-ogg-vorbis: bf7c407c2cedff20999df2af8eb42d56 -> 
  custom:scripting/monoscript/fileName/TitleExtras.cs: fbfb93edb3c517d0e499114eda65705c -> 
  custom:audio-encoder-webm-vorbis: bf7c407c2cedff20999df2af8eb42d56 -> 
  custom:scripting/precompiled-assembly-types:Assembly-CSharp: 376b773349d993536bc626f89254b9fa -> 0ac2bf2ed1e5ec182c9b167a7f61b23c
========================================================================
Received Prepare
Caller must complete domain reload
Begin MonoManager ReloadAssembly
- Loaded All Assemblies, in  0.831 seconds
Native extension for UWP target not found
Native extension for WindowsStandalone target not found
Native extension for WebGL target not found
[Package Manager] Server::EnsureServerProcessIsRunning -- launch failed, reason: Unity was launched with the -noUpm command-line argument
[Package Manager] UpmClient::Send -- Unable to send message (not connected to UPM process).
[Package Manager] Cannot connect to Unity Package Manager local server
Mono: successfully reloaded assembly
- Finished resetting the current domain, in  2.091 seconds
Domain Reload Profiling: 2911ms
	BeginReloadAssembly (198ms)
		ExecutionOrderSort (0ms)
		DisableScriptedObjects (6ms)
		BackupInstance (0ms)
		ReleaseScriptingObjects (0ms)
		CreateAndSetChildDomain (42ms)
	RebuildCommonClasses (43ms)
	RebuildNativeTypeToScriptingClass (13ms)
	initialDomainReloadingComplete (65ms)
	LoadAllAssembliesAndSetupDomain (501ms)
		LoadAssemblies (586ms)
		RebuildTransferFunctionScriptingTraits (0ms)
		AnalyzeDomain (22ms)
			TypeCache.Refresh (7ms)
				TypeCache.ScanAssembly (0ms)
			ScanForSourceGeneratedMonoScriptInfo (0ms)
			ResolveRequiredComponents (13ms)
	FinalizeReload (2092ms)
		ReleaseScriptCaches (0ms)
		RebuildScriptCaches (0ms)
		SetupLoadedEditorAssemblies (919ms)
			LogAssemblyErrors (0ms)
			InitializePlatformSupportModulesInManaged (19ms)
			SetLoadedEditorAssemblies (10ms)
			RefreshPlugins (0ms)
			BeforeProcessingInitializeOnLoad (147ms)
			ProcessInitializeOnLoadAttributes (553ms)
			ProcessInitializeOnLoadMethodAttributes (172ms)
			AfterProcessingInitializeOnLoad (17ms)
			EditorAssembliesLoaded (1ms)
		ExecutionOrderSort2 (0ms)
		AwakeInstancesAfterBackupRestoration (22ms)
Shader Hidden/ProbeVolume/VoxelizeScene is not supported: GPU does not support conservative rasterization
Refreshing native plugins compatible for Editor in 27.33 ms, found 2 plugins.
Preloading 0 native plugins for Editor in 0.00 ms.
Unloading 4928 Unused Serialized files (Serialized files now loaded: 0)
Unloading 45 unused Assets / (1.1 MB). Loaded Objects now: 5641.
Memory consumption went from 203.5 MB to 202.4 MB.
Total: 8.631200 ms (FindLiveObjects: 1.039500 ms CreateObjectMapping: 1.369500 ms MarkObjects: 5.671500 ms  DeleteObjects: 0.548700 ms)

Prepare: number of updated asset objects reloaded= 0
AssetImportParameters requested are different than current active one (requested -> active):
  custom:container-demuxer-ogg: 62fdf1f143b41e24485cea50d1cbac27 -> 
  custom:video-codec-MediaFoundation-h265: 746d11721c4dcdbdad8f713fa42b33f4 -> 
  custom:video-decoder-ogg-theora: a1e56fd34408186e4bbccfd4996cb3dc -> 
  custom:framework-win-MediaFoundation: 216162199b28c13a410421893ffa2e32 -> 
  custom:CustomObjectIndexerAttribute: 72b91833f83ae208fae7752999fa3104 -> 
  custom:container-demuxer-webm: 4f35f7cbe854078d1ac9338744f61a02 -> 
  custom:container-muxer-webm: aa71ff27fc2769a1b78a27578f13a17b -> 
  custom:video-decoder-webm-vp8: 9c59270c3fd7afecdb556c50c9e8de78 -> 
  custom:SearchIndexIgnoredProperties: e643bd26f0fe6173181afceb89e7c659 -> 
  custom:AudioImporter_EditorPlatform: d09bf68614088b80899f8185d706f6e7 -> 
  custom:video-encoder-webm-vp8: eb34c28f22e8b96e1ab97ce403110664 -> 
  custom:audio-decoder-ogg-vorbis: bf7c407c2cedff20999df2af8eb42d56 -> 
  custom:scripting/monoscript/fileName/TitleExtras.cs: fbfb93edb3c517d0e499114eda65705c -> 
  custom:audio-encoder-webm-vorbis: bf7c407c2cedff20999df2af8eb42d56 -> 
  custom:scripting/precompiled-assembly-types:Assembly-CSharp: 376b773349d993536bc626f89254b9fa -> 0ac2bf2ed1e5ec182c9b167a7f61b23c
========================================================================
Received Prepare
Caller must complete domain reload
Begin MonoManager ReloadAssembly
- Loaded All Assemblies, in  0.945 seconds
Native extension for UWP target not found
Native extension for WindowsStandalone target not found
Native extension for WebGL target not found
[Package Manager] Server::EnsureServerProcessIsRunning -- launch failed, reason: Unity was launched with the -noUpm command-line argument
[Package Manager] UpmClient::Send -- Unable to send message (not connected to UPM process).
[Package Manager] Cannot connect to Unity Package Manager local server
Mono: successfully reloaded assembly
- Finished resetting the current domain, in  2.141 seconds
Domain Reload Profiling: 3075ms
	BeginReloadAssembly (206ms)
		ExecutionOrderSort (0ms)
		DisableScriptedObjects (7ms)
		BackupInstance (0ms)
		ReleaseScriptingObjects (0ms)
		CreateAndSetChildDomain (45ms)
	RebuildCommonClasses (44ms)
	RebuildNativeTypeToScriptingClass (16ms)
	initialDomainReloadingComplete (71ms)
	LoadAllAssembliesAndSetupDomain (596ms)
		LoadAssemblies (629ms)
		RebuildTransferFunctionScriptingTraits (0ms)
		AnalyzeDomain (77ms)
			TypeCache.Refresh (16ms)
				TypeCache.ScanAssembly (3ms)
			ScanForSourceGeneratedMonoScriptInfo (46ms)
			ResolveRequiredComponents (13ms)
	FinalizeReload (2142ms)
		ReleaseScriptCaches (0ms)
		RebuildScriptCaches (0ms)
		SetupLoadedEditorAssemblies (738ms)
			LogAssemblyErrors (0ms)
			InitializePlatformSupportModulesInManaged (17ms)
			SetLoadedEditorAssemblies (8ms)
			RefreshPlugins (0ms)
			BeforeProcessingInitializeOnLoad (121ms)
			ProcessInitializeOnLoadAttributes (444ms)
			ProcessInitializeOnLoadMethodAttributes (131ms)
			AfterProcessingInitializeOnLoad (17ms)
			EditorAssembliesLoaded (0ms)
		ExecutionOrderSort2 (0ms)
		AwakeInstancesAfterBackupRestoration (26ms)
Shader Hidden/ProbeVolume/VoxelizeScene is not supported: GPU does not support conservative rasterization
Refreshing native plugins compatible for Editor in 22.09 ms, found 2 plugins.
Preloading 0 native plugins for Editor in 0.00 ms.
Unloading 4928 Unused Serialized files (Serialized files now loaded: 0)
Unloading 45 unused Assets / (1.1 MB). Loaded Objects now: 5645.
Memory consumption went from 203.5 MB to 202.4 MB.
Total: 4.029600 ms (FindLiveObjects: 0.487500 ms CreateObjectMapping: 0.134500 ms MarkObjects: 3.151100 ms  DeleteObjects: 0.255600 ms)

Prepare: number of updated asset objects reloaded= 0
AssetImportParameters requested are different than current active one (requested -> active):
  custom:container-demuxer-ogg: 62fdf1f143b41e24485cea50d1cbac27 -> 
  custom:video-codec-MediaFoundation-h265: 746d11721c4dcdbdad8f713fa42b33f4 -> 
  custom:video-decoder-ogg-theora: a1e56fd34408186e4bbccfd4996cb3dc -> 
  custom:framework-win-MediaFoundation: 216162199b28c13a410421893ffa2e32 -> 
  custom:CustomObjectIndexerAttribute: 72b91833f83ae208fae7752999fa3104 -> 
  custom:container-demuxer-webm: 4f35f7cbe854078d1ac9338744f61a02 -> 
  custom:container-muxer-webm: aa71ff27fc2769a1b78a27578f13a17b -> 
  custom:video-decoder-webm-vp8: 9c59270c3fd7afecdb556c50c9e8de78 -> 
  custom:SearchIndexIgnoredProperties: e643bd26f0fe6173181afceb89e7c659 -> 
  custom:AudioImporter_EditorPlatform: d09bf68614088b80899f8185d706f6e7 -> 
  custom:video-encoder-webm-vp8: eb34c28f22e8b96e1ab97ce403110664 -> 
  custom:audio-decoder-ogg-vorbis: bf7c407c2cedff20999df2af8eb42d56 -> 
  custom:scripting/monoscript/fileName/TitleExtras.cs: fbfb93edb3c517d0e499114eda65705c -> 
  custom:audio-encoder-webm-vorbis: bf7c407c2cedff20999df2af8eb42d56 -> 
  custom:scripting/precompiled-assembly-types:Assembly-CSharp: 376b773349d993536bc626f89254b9fa -> 0ac2bf2ed1e5ec182c9b167a7f61b23c
========================================================================
Received Prepare
Caller must complete domain reload
Begin MonoManager ReloadAssembly
- Loaded All Assemblies, in  0.818 seconds
Native extension for UWP target not found
Native extension for WindowsStandalone target not found
Native extension for WebGL target not found
[Package Manager] Server::EnsureServerProcessIsRunning -- launch failed, reason: Unity was launched with the -noUpm command-line argument
[Package Manager] UpmClient::Send -- Unable to send message (not connected to UPM process).
[Package Manager] Cannot connect to Unity Package Manager local server
Mono: successfully reloaded assembly
- Finished resetting the current domain, in  2.085 seconds
Domain Reload Profiling: 2892ms
	BeginReloadAssembly (201ms)
		ExecutionOrderSort (0ms)
		DisableScriptedObjects (6ms)
		BackupInstance (0ms)
		ReleaseScriptingObjects (0ms)
		CreateAndSetChildDomain (45ms)
	RebuildCommonClasses (41ms)
	RebuildNativeTypeToScriptingClass (13ms)
	initialDomainReloadingComplete (60ms)
	LoadAllAssembliesAndSetupDomain (492ms)
		LoadAssemblies (577ms)
		RebuildTransferFunctionScriptingTraits (0ms)
		AnalyzeDomain (22ms)
			TypeCache.Refresh (7ms)
				TypeCache.ScanAssembly (0ms)
			ScanForSourceGeneratedMonoScriptInfo (0ms)
			ResolveRequiredComponents (13ms)
	FinalizeReload (2086ms)
		ReleaseScriptCaches (0ms)
		RebuildScriptCaches (0ms)
		SetupLoadedEditorAssemblies (883ms)
			LogAssemblyErrors (0ms)
			InitializePlatformSupportModulesInManaged (17ms)
			SetLoadedEditorAssemblies (9ms)
			RefreshPlugins (0ms)
			BeforeProcessingInitializeOnLoad (151ms)
			ProcessInitializeOnLoadAttributes (523ms)
			ProcessInitializeOnLoadMethodAttributes (164ms)
			AfterProcessingInitializeOnLoad (18ms)
			EditorAssembliesLoaded (0ms)
		ExecutionOrderSort2 (0ms)
		AwakeInstancesAfterBackupRestoration (29ms)
Shader Hidden/ProbeVolume/VoxelizeScene is not supported: GPU does not support conservative rasterization
Refreshing native plugins compatible for Editor in 24.38 ms, found 2 plugins.
Preloading 0 native plugins for Editor in 0.00 ms.
Unloading 4928 Unused Serialized files (Serialized files now loaded: 0)
Unloading 45 unused Assets / (1.1 MB). Loaded Objects now: 5649.
Memory consumption went from 203.5 MB to 202.4 MB.
Total: 6.692700 ms (FindLiveObjects: 0.610000 ms CreateObjectMapping: 0.182200 ms MarkObjects: 5.233400 ms  DeleteObjects: 0.665400 ms)

Prepare: number of updated asset objects reloaded= 0
AssetImportParameters requested are different than current active one (requested -> active):
  custom:container-demuxer-ogg: 62fdf1f143b41e24485cea50d1cbac27 -> 
  custom:video-codec-MediaFoundation-h265: 746d11721c4dcdbdad8f713fa42b33f4 -> 
  custom:video-decoder-ogg-theora: a1e56fd34408186e4bbccfd4996cb3dc -> 
  custom:framework-win-MediaFoundation: 216162199b28c13a410421893ffa2e32 -> 
  custom:CustomObjectIndexerAttribute: 72b91833f83ae208fae7752999fa3104 -> 
  custom:container-demuxer-webm: 4f35f7cbe854078d1ac9338744f61a02 -> 
  custom:container-muxer-webm: aa71ff27fc2769a1b78a27578f13a17b -> 
  custom:video-decoder-webm-vp8: 9c59270c3fd7afecdb556c50c9e8de78 -> 
  custom:SearchIndexIgnoredProperties: e643bd26f0fe6173181afceb89e7c659 -> 
  custom:AudioImporter_EditorPlatform: d09bf68614088b80899f8185d706f6e7 -> 
  custom:video-encoder-webm-vp8: eb34c28f22e8b96e1ab97ce403110664 -> 
  custom:audio-decoder-ogg-vorbis: bf7c407c2cedff20999df2af8eb42d56 -> 
  custom:scripting/monoscript/fileName/TitleExtras.cs: fbfb93edb3c517d0e499114eda65705c -> 
  custom:audio-encoder-webm-vorbis: bf7c407c2cedff20999df2af8eb42d56 -> 
  custom:scripting/precompiled-assembly-types:Assembly-CSharp: 376b773349d993536bc626f89254b9fa -> 0ac2bf2ed1e5ec182c9b167a7f61b23c
========================================================================
Received Prepare
Caller must complete domain reload
Begin MonoManager ReloadAssembly
- Loaded All Assemblies, in  0.841 seconds
Native extension for UWP target not found
Native extension for WindowsStandalone target not found
Native extension for WebGL target not found
[Package Manager] Server::EnsureServerProcessIsRunning -- launch failed, reason: Unity was launched with the -noUpm command-line argument
[Package Manager] UpmClient::Send -- Unable to send message (not connected to UPM process).
[Package Manager] Cannot connect to Unity Package Manager local server
Mono: successfully reloaded assembly
- Finished resetting the current domain, in  2.081 seconds
Domain Reload Profiling: 2911ms
	BeginReloadAssembly (202ms)
		ExecutionOrderSort (0ms)
		DisableScriptedObjects (6ms)
		BackupInstance (0ms)
		ReleaseScriptingObjects (0ms)
		CreateAndSetChildDomain (41ms)
	RebuildCommonClasses (40ms)
	RebuildNativeTypeToScriptingClass (13ms)
	initialDomainReloadingComplete (62ms)
	LoadAllAssembliesAndSetupDomain (512ms)
		LoadAssemblies (598ms)
		RebuildTransferFunctionScriptingTraits (0ms)
		AnalyzeDomain (24ms)
			TypeCache.Refresh (8ms)
				TypeCache.ScanAssembly (0ms)
			ScanForSourceGeneratedMonoScriptInfo (0ms)
			ResolveRequiredComponents (14ms)
	FinalizeReload (2082ms)
		ReleaseScriptCaches (0ms)
		RebuildScriptCaches (0ms)
		SetupLoadedEditorAssemblies (887ms)
			LogAssemblyErrors (0ms)
			InitializePlatformSupportModulesInManaged (19ms)
			SetLoadedEditorAssemblies (9ms)
			RefreshPlugins (0ms)
			BeforeProcessingInitializeOnLoad (143ms)
			ProcessInitializeOnLoadAttributes (528ms)
			ProcessInitializeOnLoadMethodAttributes (169ms)
			AfterProcessingInitializeOnLoad (19ms)
			EditorAssembliesLoaded (0ms)
		ExecutionOrderSort2 (0ms)
		AwakeInstancesAfterBackupRestoration (29ms)
Shader Hidden/ProbeVolume/VoxelizeScene is not supported: GPU does not support conservative rasterization
Refreshing native plugins compatible for Editor in 25.61 ms, found 2 plugins.
Preloading 0 native plugins for Editor in 0.00 ms.
Unloading 4928 Unused Serialized files (Serialized files now loaded: 0)
Unloading 45 unused Assets / (1.1 MB). Loaded Objects now: 5653.
Memory consumption went from 203.5 MB to 202.4 MB.
Total: 6.501500 ms (FindLiveObjects: 0.795400 ms CreateObjectMapping: 0.268800 ms MarkObjects: 5.013600 ms  DeleteObjects: 0.421300 ms)

Prepare: number of updated asset objects reloaded= 0
AssetImportParameters requested are different than current active one (requested -> active):
  custom:container-demuxer-ogg: 62fdf1f143b41e24485cea50d1cbac27 -> 
  custom:video-codec-MediaFoundation-h265: 746d11721c4dcdbdad8f713fa42b33f4 -> 
  custom:video-decoder-ogg-theora: a1e56fd34408186e4bbccfd4996cb3dc -> 
  custom:framework-win-MediaFoundation: 216162199b28c13a410421893ffa2e32 -> 
  custom:CustomObjectIndexerAttribute: 72b91833f83ae208fae7752999fa3104 -> 
  custom:container-demuxer-webm: 4f35f7cbe854078d1ac9338744f61a02 -> 
  custom:container-muxer-webm: aa71ff27fc2769a1b78a27578f13a17b -> 
  custom:video-decoder-webm-vp8: 9c59270c3fd7afecdb556c50c9e8de78 -> 
  custom:SearchIndexIgnoredProperties: e643bd26f0fe6173181afceb89e7c659 -> 
  custom:AudioImporter_EditorPlatform: d09bf68614088b80899f8185d706f6e7 -> 
  custom:video-encoder-webm-vp8: eb34c28f22e8b96e1ab97ce403110664 -> 
  custom:audio-decoder-ogg-vorbis: bf7c407c2cedff20999df2af8eb42d56 -> 
  custom:scripting/monoscript/fileName/TitleExtras.cs: fbfb93edb3c517d0e499114eda65705c -> 
  custom:audio-encoder-webm-vorbis: bf7c407c2cedff20999df2af8eb42d56 -> 
  custom:scripting/precompiled-assembly-types:Assembly-CSharp: 376b773349d993536bc626f89254b9fa -> 0ac2bf2ed1e5ec182c9b167a7f61b23c
========================================================================
Received Prepare
Caller must complete domain reload
Begin MonoManager ReloadAssembly
- Loaded All Assemblies, in  0.847 seconds
Native extension for UWP target not found
Native extension for WindowsStandalone target not found
Native extension for WebGL target not found
[Package Manager] Server::EnsureServerProcessIsRunning -- launch failed, reason: Unity was launched with the -noUpm command-line argument
[Package Manager] UpmClient::Send -- Unable to send message (not connected to UPM process).
[Package Manager] Cannot connect to Unity Package Manager local server
Mono: successfully reloaded assembly
- Finished resetting the current domain, in  2.082 seconds
Domain Reload Profiling: 2918ms
	BeginReloadAssembly (207ms)
		ExecutionOrderSort (0ms)
		DisableScriptedObjects (6ms)
		BackupInstance (0ms)
		ReleaseScriptingObjects (0ms)
		CreateAndSetChildDomain (45ms)
	RebuildCommonClasses (45ms)
	RebuildNativeTypeToScriptingClass (14ms)
	initialDomainReloadingComplete (61ms)
	LoadAllAssembliesAndSetupDomain (509ms)
		LoadAssemblies (594ms)
		RebuildTransferFunctionScriptingTraits (0ms)
		AnalyzeDomain (23ms)
			TypeCache.Refresh (7ms)
				TypeCache.ScanAssembly (0ms)
			ScanForSourceGeneratedMonoScriptInfo (0ms)
			ResolveRequiredComponents (14ms)
	FinalizeReload (2082ms)
		ReleaseScriptCaches (0ms)
		RebuildScriptCaches (0ms)
		SetupLoadedEditorAssemblies (877ms)
			LogAssemblyErrors (0ms)
			InitializePlatformSupportModulesInManaged (19ms)
			SetLoadedEditorAssemblies (8ms)
			RefreshPlugins (0ms)
			BeforeProcessingInitializeOnLoad (140ms)
			ProcessInitializeOnLoadAttributes (522ms)
			ProcessInitializeOnLoadMethodAttributes (168ms)
			AfterProcessingInitializeOnLoad (19ms)
			EditorAssembliesLoaded (0ms)
		ExecutionOrderSort2 (0ms)
		AwakeInstancesAfterBackupRestoration (31ms)
Shader Hidden/ProbeVolume/VoxelizeScene is not supported: GPU does not support conservative rasterization
Refreshing native plugins compatible for Editor in 24.22 ms, found 2 plugins.
Preloading 0 native plugins for Editor in 0.00 ms.
Unloading 4928 Unused Serialized files (Serialized files now loaded: 0)
Unloading 45 unused Assets / (1.1 MB). Loaded Objects now: 5657.
Memory consumption went from 203.5 MB to 202.4 MB.
Total: 5.592800 ms (FindLiveObjects: 0.715600 ms CreateObjectMapping: 0.418400 ms MarkObjects: 3.978400 ms  DeleteObjects: 0.478000 ms)

Prepare: number of updated asset objects reloaded= 0
AssetImportParameters requested are different than current active one (requested -> active):
  custom:container-demuxer-ogg: 62fdf1f143b41e24485cea50d1cbac27 -> 
  custom:video-codec-MediaFoundation-h265: 746d11721c4dcdbdad8f713fa42b33f4 -> 
  custom:video-decoder-ogg-theora: a1e56fd34408186e4bbccfd4996cb3dc -> 
  custom:framework-win-MediaFoundation: 216162199b28c13a410421893ffa2e32 -> 
  custom:CustomObjectIndexerAttribute: 72b91833f83ae208fae7752999fa3104 -> 
  custom:container-demuxer-webm: 4f35f7cbe854078d1ac9338744f61a02 -> 
  custom:container-muxer-webm: aa71ff27fc2769a1b78a27578f13a17b -> 
  custom:video-decoder-webm-vp8: 9c59270c3fd7afecdb556c50c9e8de78 -> 
  custom:SearchIndexIgnoredProperties: e643bd26f0fe6173181afceb89e7c659 -> 
  custom:AudioImporter_EditorPlatform: d09bf68614088b80899f8185d706f6e7 -> 
  custom:video-encoder-webm-vp8: eb34c28f22e8b96e1ab97ce403110664 -> 
  custom:audio-decoder-ogg-vorbis: bf7c407c2cedff20999df2af8eb42d56 -> 
  custom:scripting/monoscript/fileName/TitleExtras.cs: fbfb93edb3c517d0e499114eda65705c -> 
  custom:audio-encoder-webm-vorbis: bf7c407c2cedff20999df2af8eb42d56 -> 
  custom:scripting/precompiled-assembly-types:Assembly-CSharp: 376b773349d993536bc626f89254b9fa -> 0ac2bf2ed1e5ec182c9b167a7f61b23c
========================================================================
Received Import Request.
  Time since last request: 876.296024 seconds.
  path: Assets/Scripts/Ui/TitleExtras.cs
  artifactKey: Guid(0d1c16c9dea9eca4f8434dbbbfbca8fb) Importer(815301076,1909f56bfc062723c751e8b465ee728b)
Start importing Assets/Scripts/Ui/TitleExtras.cs using Guid(0d1c16c9dea9eca4f8434dbbbfbca8fb) Importer(815301076,1909f56bfc062723c751e8b465ee728b) [PhysX] Initialized MultithreadedTaskDispatcher with 16 workers.
 -> (artifact id: '58db52237f689c5ff16dbe9e759d532e') in 0.002363 seconds
Number of updated asset objects reloaded before import = 0
Number of asset objects unloaded after import = 0
========================================================================
Received Import Request.
  Time since last request: 9.708940 seconds.
  path: Assets/Scripts/Ui/ActivateAfterCampaign.cs
  artifactKey: Guid(51bdbc34c8b3f9b4aa92cf48338e07fc) Importer(815301076,1909f56bfc062723c751e8b465ee728b)
Start importing Assets/Scripts/Ui/ActivateAfterCampaign.cs using Guid(51bdbc34c8b3f9b4aa92cf48338e07fc) Importer(815301076,1909f56bfc062723c751e8b465ee728b) [PhysX] Initialized MultithreadedTaskDispatcher with 16 workers.
 -> (artifact id: '5dde000c066434cdc01c7df849dfeb2c') in 0.000820 seconds
Number of updated asset objects reloaded before import = 0
Number of asset objects unloaded after import = 0
========================================================================
Received Prepare
Caller must complete domain reload
Begin MonoManager ReloadAssembly
- Loaded All Assemblies, in  0.903 seconds
Native extension for UWP target not found
Native extension for WindowsStandalone target not found
Native extension for WebGL target not found
[Package Manager] Server::EnsureServerProcessIsRunning -- launch failed, reason: Unity was launched with the -noUpm command-line argument
[Package Manager] UpmClient::Send -- Unable to send message (not connected to UPM process).
[Package Manager] Cannot connect to Unity Package Manager local server
Mono: successfully reloaded assembly
- Finished resetting the current domain, in  2.222 seconds
Domain Reload Profiling: 3112ms
	BeginReloadAssembly (203ms)
		ExecutionOrderSort (0ms)
		DisableScriptedObjects (6ms)
		BackupInstance (0ms)
		ReleaseScriptingObjects (0ms)
		CreateAndSetChildDomain (42ms)
	RebuildCommonClasses (47ms)
	RebuildNativeTypeToScriptingClass (12ms)
	initialDomainReloadingComplete (61ms)
	LoadAllAssembliesAndSetupDomain (566ms)
		LoadAssemblies (605ms)
		RebuildTransferFunctionScriptingTraits (0ms)
		AnalyzeDomain (73ms)
			TypeCache.Refresh (16ms)
				TypeCache.ScanAssembly (4ms)
			ScanForSourceGeneratedMonoScriptInfo (43ms)
			ResolveRequiredComponents (13ms)
	FinalizeReload (2222ms)
		ReleaseScriptCaches (0ms)
		RebuildScriptCaches (0ms)
		SetupLoadedEditorAssemblies (928ms)
			LogAssemblyErrors (0ms)
			InitializePlatformSupportModulesInManaged (19ms)
			SetLoadedEditorAssemblies (8ms)
			RefreshPlugins (0ms)
			BeforeProcessingInitializeOnLoad (148ms)
			ProcessInitializeOnLoadAttributes (554ms)
			ProcessInitializeOnLoadMethodAttributes (178ms)
			AfterProcessingInitializeOnLoad (21ms)
			EditorAssembliesLoaded (0ms)
		ExecutionOrderSort2 (0ms)
		AwakeInstancesAfterBackupRestoration (30ms)
Shader Hidden/ProbeVolume/VoxelizeScene is not supported: GPU does not support conservative rasterization
Refreshing native plugins compatible for Editor in 24.59 ms, found 2 plugins.
Preloading 0 native plugins for Editor in 0.00 ms.
Unloading 4929 Unused Serialized files (Serialized files now loaded: 0)
Unloading 45 unused Assets / (1.1 MB). Loaded Objects now: 5662.
Memory consumption went from 203.5 MB to 202.4 MB.
Total: 13.131500 ms (FindLiveObjects: 1.343400 ms CreateObjectMapping: 1.780300 ms MarkObjects: 9.028300 ms  DeleteObjects: 0.976000 ms)

Prepare: number of updated asset objects reloaded= 0
AssetImportParameters requested are different than current active one (requested -> active):
  custom:container-demuxer-ogg: 62fdf1f143b41e24485cea50d1cbac27 -> 
  custom:video-codec-MediaFoundation-h265: 746d11721c4dcdbdad8f713fa42b33f4 -> 
  custom:video-decoder-ogg-theora: a1e56fd34408186e4bbccfd4996cb3dc -> 
  custom:framework-win-MediaFoundation: 216162199b28c13a410421893ffa2e32 -> 
  custom:CustomObjectIndexerAttribute: 72b91833f83ae208fae7752999fa3104 -> 
  custom:container-demuxer-webm: 4f35f7cbe854078d1ac9338744f61a02 -> 
  custom:container-muxer-webm: aa71ff27fc2769a1b78a27578f13a17b -> 
  custom:video-decoder-webm-vp8: 9c59270c3fd7afecdb556c50c9e8de78 -> 
  custom:scripting/monoscript/fileName/ActivateAfterCampaign.cs: ed40f55a86134fc3921448ba518ca9f5 -> 
  custom:SearchIndexIgnoredProperties: e643bd26f0fe6173181afceb89e7c659 -> 
  custom:AudioImporter_EditorPlatform: d09bf68614088b80899f8185d706f6e7 -> 
  custom:video-encoder-webm-vp8: eb34c28f22e8b96e1ab97ce403110664 -> 
  custom:audio-decoder-ogg-vorbis: bf7c407c2cedff20999df2af8eb42d56 -> 
  custom:scripting/monoscript/fileName/TitleExtras.cs: fbfb93edb3c517d0e499114eda65705c -> 
  custom:audio-encoder-webm-vorbis: bf7c407c2cedff20999df2af8eb42d56 -> 
  custom:scripting/precompiled-assembly-types:Assembly-CSharp: 64e3964e3d4d255da02015c2618f8611 -> 0ac2bf2ed1e5ec182c9b167a7f61b23c
========================================================================
Received Prepare
Caller must complete domain reload
Begin MonoManager ReloadAssembly
- Loaded All Assemblies, in  0.898 seconds
Native extension for UWP target not found
Native extension for WindowsStandalone target not found
Native extension for WebGL target not found
[Package Manager] Server::EnsureServerProcessIsRunning -- launch failed, reason: Unity was launched with the -noUpm command-line argument
[Package Manager] UpmClient::Send -- Unable to send message (not connected to UPM process).
[Package Manager] Cannot connect to Unity Package Manager local server
Mono: successfully reloaded assembly
- Finished resetting the current domain, in  2.043 seconds
Domain Reload Profiling: 2930ms
	BeginReloadAssembly (204ms)
		ExecutionOrderSort (0ms)
		DisableScriptedObjects (7ms)
		BackupInstance (0ms)
		ReleaseScriptingObjects (0ms)
		CreateAndSetChildDomain (41ms)
	RebuildCommonClasses (41ms)
	RebuildNativeTypeToScriptingClass (13ms)
	initialDomainReloadingComplete (63ms)
	LoadAllAssembliesAndSetupDomain (565ms)
		LoadAssemblies (604ms)
		RebuildTransferFunctionScriptingTraits (0ms)
		AnalyzeDomain (74ms)
			TypeCache.Refresh (18ms)
				TypeCache.ScanAssembly (3ms)
			ScanForSourceGeneratedMonoScriptInfo (42ms)
			ResolveRequiredComponents (12ms)
	FinalizeReload (2044ms)
		ReleaseScriptCaches (0ms)
		RebuildScriptCaches (0ms)
		SetupLoadedEditorAssemblies (749ms)
			LogAssemblyErrors (0ms)
			InitializePlatformSupportModulesInManaged (14ms)
			SetLoadedEditorAssemblies (6ms)
			RefreshPlugins (0ms)
			BeforeProcessingInitializeOnLoad (127ms)
			ProcessInitializeOnLoadAttributes (428ms)
			ProcessInitializeOnLoadMethodAttributes (153ms)
			AfterProcessingInitializeOnLoad (19ms)
			EditorAssembliesLoaded (0ms)
		ExecutionOrderSort2 (0ms)
		AwakeInstancesAfterBackupRestoration (24ms)
Shader Hidden/ProbeVolume/VoxelizeScene is not supported: GPU does not support conservative rasterization
Refreshing native plugins compatible for Editor in 23.66 ms, found 2 plugins.
Preloading 0 native plugins for Editor in 0.00 ms.
Unloading 4929 Unused Serialized files (Serialized files now loaded: 0)
Unloading 45 unused Assets / (1.1 MB). Loaded Objects now: 5666.
Memory consumption went from 203.5 MB to 202.4 MB.
Total: 4.735300 ms (FindLiveObjects: 0.564000 ms CreateObjectMapping: 0.155500 ms MarkObjects: 3.636500 ms  DeleteObjects: 0.378200 ms)

Prepare: number of updated asset objects reloaded= 0
AssetImportParameters requested are different than current active one (requested -> active):
  custom:container-demuxer-ogg: 62fdf1f143b41e24485cea50d1cbac27 -> 
  custom:video-codec-MediaFoundation-h265: 746d11721c4dcdbdad8f713fa42b33f4 -> 
  custom:video-decoder-ogg-theora: a1e56fd34408186e4bbccfd4996cb3dc -> 
  custom:framework-win-MediaFoundation: 216162199b28c13a410421893ffa2e32 -> 
  custom:CustomObjectIndexerAttribute: 72b91833f83ae208fae7752999fa3104 -> 
  custom:container-demuxer-webm: 4f35f7cbe854078d1ac9338744f61a02 -> 
  custom:container-muxer-webm: aa71ff27fc2769a1b78a27578f13a17b -> 
  custom:video-decoder-webm-vp8: 9c59270c3fd7afecdb556c50c9e8de78 -> 
  custom:scripting/monoscript/fileName/ActivateAfterCampaign.cs: ed40f55a86134fc3921448ba518ca9f5 -> 
  custom:SearchIndexIgnoredProperties: e643bd26f0fe6173181afceb89e7c659 -> 
  custom:AudioImporter_EditorPlatform: d09bf68614088b80899f8185d706f6e7 -> 
  custom:video-encoder-webm-vp8: eb34c28f22e8b96e1ab97ce403110664 -> 
  custom:audio-decoder-ogg-vorbis: bf7c407c2cedff20999df2af8eb42d56 -> 
  custom:scripting/monoscript/fileName/TitleExtras.cs: fbfb93edb3c517d0e499114eda65705c -> 
  custom:audio-encoder-webm-vorbis: bf7c407c2cedff20999df2af8eb42d56 -> 
  custom:scripting/precompiled-assembly-types:Assembly-CSharp: 64e3964e3d4d255da02015c2618f8611 -> 0ac2bf2ed1e5ec182c9b167a7f61b23c
========================================================================
Received Prepare
Caller must complete domain reload
Begin MonoManager ReloadAssembly
- Loaded All Assemblies, in  0.825 seconds
Native extension for UWP target not found
Native extension for WindowsStandalone target not found
Native extension for WebGL target not found
[Package Manager] Server::EnsureServerProcessIsRunning -- launch failed, reason: Unity was launched with the -noUpm command-line argument
[Package Manager] UpmClient::Send -- Unable to send message (not connected to UPM process).
[Package Manager] Cannot connect to Unity Package Manager local server
Mono: successfully reloaded assembly
- Finished resetting the current domain, in  2.098 seconds
Domain Reload Profiling: 2910ms
	BeginReloadAssembly (195ms)
		ExecutionOrderSort (0ms)
		DisableScriptedObjects (6ms)
		BackupInstance (0ms)
		ReleaseScriptingObjects (0ms)
		CreateAndSetChildDomain (41ms)
	RebuildCommonClasses (44ms)
	RebuildNativeTypeToScriptingClass (16ms)
	initialDomainReloadingComplete (64ms)
	LoadAllAssembliesAndSetupDomain (492ms)
		LoadAssemblies (575ms)
		RebuildTransferFunctionScriptingTraits (0ms)
		AnalyzeDomain (22ms)
			TypeCache.Refresh (7ms)
				TypeCache.ScanAssembly (0ms)
			ScanForSourceGeneratedMonoScriptInfo (0ms)
			ResolveRequiredComponents (13ms)
	FinalizeReload (2099ms)
		ReleaseScriptCaches (0ms)
		RebuildScriptCaches (0ms)
		SetupLoadedEditorAssemblies (918ms)
			LogAssemblyErrors (0ms)
			InitializePlatformSupportModulesInManaged (16ms)
			SetLoadedEditorAssemblies (8ms)
			RefreshPlugins (0ms)
			BeforeProcessingInitializeOnLoad (162ms)
			ProcessInitializeOnLoadAttributes (541ms)
			ProcessInitializeOnLoadMethodAttributes (171ms)
			AfterProcessingInitializeOnLoad (20ms)
			EditorAssembliesLoaded (0ms)
		ExecutionOrderSort2 (0ms)
		AwakeInstancesAfterBackupRestoration (32ms)
Shader Hidden/ProbeVolume/VoxelizeScene is not supported: GPU does not support conservative rasterization
Refreshing native plugins compatible for Editor in 25.32 ms, found 2 plugins.
Preloading 0 native plugins for Editor in 0.00 ms.
Unloading 4929 Unused Serialized files (Serialized files now loaded: 0)
Unloading 45 unused Assets / (1.1 MB). Loaded Objects now: 5670.
Memory consumption went from 203.5 MB to 202.4 MB.
Total: 6.884100 ms (FindLiveObjects: 0.775800 ms CreateObjectMapping: 0.254900 ms MarkObjects: 5.355900 ms  DeleteObjects: 0.494700 ms)

Prepare: number of updated asset objects reloaded= 0
AssetImportParameters requested are different than current active one (requested -> active):
  custom:container-demuxer-ogg: 62fdf1f143b41e24485cea50d1cbac27 -> 
  custom:video-codec-MediaFoundation-h265: 746d11721c4dcdbdad8f713fa42b33f4 -> 
  custom:video-decoder-ogg-theora: a1e56fd34408186e4bbccfd4996cb3dc -> 
  custom:framework-win-MediaFoundation: 216162199b28c13a410421893ffa2e32 -> 
  custom:CustomObjectIndexerAttribute: 72b91833f83ae208fae7752999fa3104 -> 
  custom:container-demuxer-webm: 4f35f7cbe854078d1ac9338744f61a02 -> 
  custom:container-muxer-webm: aa71ff27fc2769a1b78a27578f13a17b -> 
  custom:video-decoder-webm-vp8: 9c59270c3fd7afecdb556c50c9e8de78 -> 
  custom:scripting/monoscript/fileName/ActivateAfterCampaign.cs: ed40f55a86134fc3921448ba518ca9f5 -> 
  custom:SearchIndexIgnoredProperties: e643bd26f0fe6173181afceb89e7c659 -> 
  custom:AudioImporter_EditorPlatform: d09bf68614088b80899f8185d706f6e7 -> 
  custom:video-encoder-webm-vp8: eb34c28f22e8b96e1ab97ce403110664 -> 
  custom:audio-decoder-ogg-vorbis: bf7c407c2cedff20999df2af8eb42d56 -> 
  custom:scripting/monoscript/fileName/TitleExtras.cs: fbfb93edb3c517d0e499114eda65705c -> 
  custom:audio-encoder-webm-vorbis: bf7c407c2cedff20999df2af8eb42d56 -> 
  custom:scripting/precompiled-assembly-types:Assembly-CSharp: 64e3964e3d4d255da02015c2618f8611 -> 0ac2bf2ed1e5ec182c9b167a7f61b23c
========================================================================
Received Import Request.
  Time since last request: 354.700895 seconds.
  path: Assets/StreamingAssets/klipik.rez
  artifactKey: Guid(c6703c17cc9a3ed4c85c64a4cc95ed5b) Importer(815301076,1909f56bfc062723c751e8b465ee728b)
Start importing Assets/StreamingAssets/klipik.rez using Guid(c6703c17cc9a3ed4c85c64a4cc95ed5b) Importer(815301076,1909f56bfc062723c751e8b465ee728b) [PhysX] Initialized MultithreadedTaskDispatcher with 16 workers.
 -> (artifact id: '00000000000000000000000000000000') in 0.027777 seconds
Import Error Code:(4)
Message: Build asset version error: assets/streamingassets/klipik.rez in SourceAssetDB has modification time of '2026-09-10T16:14:09.8371166Z' while content on disk has modification time of '2026-09-10T16:25:03.6141825Z'
  ERROR: Build asset version error: assets/streamingassets/klipik.rez in SourceAssetDB has modification time of '2026-09-10T16:14:09.8371166Z' while content on disk has modification time of '2026-09-10T16:25:03.6141825Z'
Number of updated asset objects reloaded before import = 0
Number of asset objects unloaded after import = 0
========================================================================
Received Import Request.
  Time since last request: 0.057374 seconds.
  path: Assets/StreamingAssets/klipik.rez
  artifactKey: Guid(c6703c17cc9a3ed4c85c64a4cc95ed5b) Importer(815301076,1909f56bfc062723c751e8b465ee728b)
Start importing Assets/StreamingAssets/klipik.rez using Guid(c6703c17cc9a3ed4c85c64a4cc95ed5b) Importer(815301076,1909f56bfc062723c751e8b465ee728b) [PhysX] Initialized MultithreadedTaskDispatcher with 16 workers.
 -> (artifact id: '00000000000000000000000000000000') in 0.001226 seconds
Import Error Code:(4)
Message: Build asset version error: assets/streamingassets/klipik.rez in SourceAssetDB has modification time of '2026-09-10T16:14:09.8371166Z' while content on disk has modification time of '2026-09-10T16:25:03.6141825Z'
  ERROR: Build asset version error: assets/streamingassets/klipik.rez in SourceAssetDB has modification time of '2026-09-10T16:14:09.8371166Z' while content on disk has modification time of '2026-09-10T16:25:03.6141825Z'
Number of updated asset objects reloaded before import = 0
Number of asset objects unloaded after import = 0
========================================================================
Received Import Request.
  Time since last request: 0.014570 seconds.
  path: Assets/StreamingAssets/klipik.rez
  artifactKey: Guid(c6703c17cc9a3ed4c85c64a4cc95ed5b) Importer(815301076,1909f56bfc062723c751e8b465ee728b)
Start importing Assets/StreamingAssets/klipik.rez using Guid(c6703c17cc9a3ed4c85c64a4cc95ed5b) Importer(815301076,1909f56bfc062723c751e8b465ee728b) [PhysX] Initialized MultithreadedTaskDispatcher with 16 workers.
 -> (artifact id: '00000000000000000000000000000000') in 0.001312 seconds
Import Error Code:(4)
Message: Build asset version error: assets/streamingassets/klipik.rez in SourceAssetDB has modification time of '2026-09-10T16:14:09.8371166Z' while content on disk has modification time of '2026-09-10T16:25:03.6141825Z'
  ERROR: Build asset version error: assets/streamingassets/klipik.rez in SourceAssetDB has modification time of '2026-09-10T16:14:09.8371166Z' while content on disk has modification time of '2026-09-10T16:25:03.6141825Z'
Number of updated asset objects reloaded before import = 0
Number of asset objects unloaded after import = 0
========================================================================
Received Import Request.
  Time since last request: 0.000719 seconds.
  path: Assets/StreamingAssets/klipik.rez
  artifactKey: Guid(c6703c17cc9a3ed4c85c64a4cc95ed5b) Importer(815301076,1909f56bfc062723c751e8b465ee728b)
Start importing Assets/StreamingAssets/klipik.rez using Guid(c6703c17cc9a3ed4c85c64a4cc95ed5b) Importer(815301076,1909f56bfc062723c751e8b465ee728b) [PhysX] Initialized MultithreadedTaskDispatcher with 16 workers.
 -> (artifact id: '00000000000000000000000000000000') in 0.001131 seconds
Import Error Code:(4)
Message: Build asset version error: assets/streamingassets/klipik.rez in SourceAssetDB has modification time of '2026-09-10T16:14:09.8371166Z' while content on disk has modification time of '2026-09-10T16:25:03.6141825Z'
  ERROR: Build asset version error: assets/streamingassets/klipik.rez in SourceAssetDB has modification time of '2026-09-10T16:14:09.8371166Z' while content on disk has modification time of '2026-09-10T16:25:03.6141825Z'
Number of updated asset objects reloaded before import = 0
Number of asset objects unloaded after import = 0
========================================================================
Received Import Request.
  Time since last request: 0.006508 seconds.
  path: Assets/StreamingAssets/klipik.rez
  artifactKey: Guid(c6703c17cc9a3ed4c85c64a4cc95ed5b) Importer(815301076,1909f56bfc062723c751e8b465ee728b)
Start importing Assets/StreamingAssets/klipik.rez using Guid(c6703c17cc9a3ed4c85c64a4cc95ed5b) Importer(815301076,1909f56bfc062723c751e8b465ee728b) [PhysX] Initialized MultithreadedTaskDispatcher with 16 workers.
 -> (artifact id: '00000000000000000000000000000000') in 0.001095 seconds
Import Error Code:(4)
Message: Build asset version error: assets/streamingassets/klipik.rez in SourceAssetDB has modification time of '2026-09-10T16:14:09.8371166Z' while content on disk has modification time of '2026-09-10T16:25:03.6141825Z'
  ERROR: Build asset version error: assets/streamingassets/klipik.rez in SourceAssetDB has modification time of '2026-09-10T16:14:09.8371166Z' while content on disk has modification time of '2026-09-10T16:25:03.6141825Z'
Number of updated asset objects reloaded before import = 0
Number of asset objects unloaded after import = 0
========================================================================
Received Import Request.
  Time since last request: 0.012809 seconds.
  path: Assets/StreamingAssets/klipik.rez
  artifactKey: Guid(c6703c17cc9a3ed4c85c64a4cc95ed5b) Importer(815301076,1909f56bfc062723c751e8b465ee728b)
Start importing Assets/StreamingAssets/klipik.rez using Guid(c6703c17cc9a3ed4c85c64a4cc95ed5b) Importer(815301076,1909f56bfc062723c751e8b465ee728b) [PhysX] Initialized MultithreadedTaskDispatcher with 16 workers.
 -> (artifact id: '00000000000000000000000000000000') in 0.001718 seconds
Import Error Code:(4)
Message: Build asset version error: assets/streamingassets/klipik.rez in SourceAssetDB has modification time of '2026-09-10T16:14:09.8371166Z' while content on disk has modification time of '2026-09-10T16:25:03.6141825Z'
  ERROR: Build asset version error: assets/streamingassets/klipik.rez in SourceAssetDB has modification time of '2026-09-10T16:14:09.8371166Z' while content on disk has modification time of '2026-09-10T16:25:03.6141825Z'
Number of updated asset objects reloaded before import = 0
Number of asset objects unloaded after import = 0
========================================================================
Received Import Request.
  Time since last request: 0.000665 seconds.
  path: Assets/StreamingAssets/klipik.rez
  artifactKey: Guid(c6703c17cc9a3ed4c85c64a4cc95ed5b) Importer(815301076,1909f56bfc062723c751e8b465ee728b)
Start importing Assets/StreamingAssets/klipik.rez using Guid(c6703c17cc9a3ed4c85c64a4cc95ed5b) Importer(815301076,1909f56bfc062723c751e8b465ee728b) [PhysX] Initialized MultithreadedTaskDispatcher with 16 workers.
 -> (artifact id: '00000000000000000000000000000000') in 0.001156 seconds
Import Error Code:(4)
Message: Build asset version error: assets/streamingassets/klipik.rez in SourceAssetDB has modification time of '2026-09-10T16:14:09.8371166Z' while content on disk has modification time of '2026-09-10T16:25:03.6141825Z'
  ERROR: Build asset version error: assets/streamingassets/klipik.rez in SourceAssetDB has modification time of '2026-09-10T16:14:09.8371166Z' while content on disk has modification time of '2026-09-10T16:25:03.6141825Z'
Number of updated asset objects reloaded before import = 0
Number of asset objects unloaded after import = 0
========================================================================
Received Import Request.
  Time since last request: 0.007401 seconds.
  path: Assets/StreamingAssets/klipik.rez
  artifactKey: Guid(c6703c17cc9a3ed4c85c64a4cc95ed5b) Importer(815301076,1909f56bfc062723c751e8b465ee728b)
Start importing Assets/StreamingAssets/klipik.rez using Guid(c6703c17cc9a3ed4c85c64a4cc95ed5b) Importer(815301076,1909f56bfc062723c751e8b465ee728b) [PhysX] Initialized MultithreadedTaskDispatcher with 16 workers.
 -> (artifact id: '00000000000000000000000000000000') in 0.001391 seconds
Import Error Code:(4)
Message: Build asset version error: assets/streamingassets/klipik.rez in SourceAssetDB has modification time of '2026-09-10T16:14:09.8371166Z' while content on disk has modification time of '2026-09-10T16:25:03.6141825Z'
  ERROR: Build asset version error: assets/streamingassets/klipik.rez in SourceAssetDB has modification time of '2026-09-10T16:14:09.8371166Z' while content on disk has modification time of '2026-09-10T16:25:03.6141825Z'
Number of updated asset objects reloaded before import = 0
Number of asset objects unloaded after import = 0
========================================================================
Received Import Request.
  Time since last request: 0.013778 seconds.
  path: Assets/StreamingAssets/klipik.rez
  artifactKey: Guid(c6703c17cc9a3ed4c85c64a4cc95ed5b) Importer(815301076,1909f56bfc062723c751e8b465ee728b)
Start importing Assets/StreamingAssets/klipik.rez using Guid(c6703c17cc9a3ed4c85c64a4cc95ed5b) Importer(815301076,1909f56bfc062723c751e8b465ee728b) [PhysX] Initialized MultithreadedTaskDispatcher with 16 workers.
 -> (artifact id: '00000000000000000000000000000000') in 0.001267 seconds
Import Error Code:(4)
Message: Build asset version error: assets/streamingassets/klipik.rez in SourceAssetDB has modification time of '2026-09-10T16:14:09.8371166Z' while content on disk has modification time of '2026-09-10T16:25:03.6141825Z'
  ERROR: Build asset version error: assets/streamingassets/klipik.rez in SourceAssetDB has modification time of '2026-09-10T16:14:09.8371166Z' while content on disk has modification time of '2026-09-10T16:25:03.6141825Z'
Number of updated asset objects reloaded before import = 0
Number of asset objects unloaded after import = 0
========================================================================
Received Import Request.
  Time since last request: 0.015428 seconds.
  path: Assets/StreamingAssets/klipik.rez
  artifactKey: Guid(c6703c17cc9a3ed4c85c64a4cc95ed5b) Importer(815301076,1909f56bfc062723c751e8b465ee728b)
Start importing Assets/StreamingAssets/klipik.rez using Guid(c6703c17cc9a3ed4c85c64a4cc95ed5b) Importer(815301076,1909f56bfc062723c751e8b465ee728b) [PhysX] Initialized MultithreadedTaskDispatcher with 16 workers.
 -> (artifact id: '00000000000000000000000000000000') in 0.001444 seconds
Import Error Code:(4)
Message: Build asset version error: assets/streamingassets/klipik.rez in SourceAssetDB has modification time of '2026-09-10T16:14:09.8371166Z' while content on disk has modification time of '2026-09-10T16:25:03.6141825Z'
  ERROR: Build asset version error: assets/streamingassets/klipik.rez in SourceAssetDB has modification time of '2026-09-10T16:14:09.8371166Z' while content on disk has modification time of '2026-09-10T16:25:03.6141825Z'
Number of updated asset objects reloaded before import = 0
Number of asset objects unloaded after import = 0
========================================================================
Received Import Request.
  Time since last request: 0.000741 seconds.
  path: Assets/StreamingAssets/klipik.rez
  artifactKey: Guid(c6703c17cc9a3ed4c85c64a4cc95ed5b) Importer(815301076,1909f56bfc062723c751e8b465ee728b)
Start importing Assets/StreamingAssets/klipik.rez using Guid(c6703c17cc9a3ed4c85c64a4cc95ed5b) Importer(815301076,1909f56bfc062723c751e8b465ee728b) [PhysX] Initialized MultithreadedTaskDispatcher with 16 workers.
 -> (artifact id: '00000000000000000000000000000000') in 0.001271 seconds
Import Error Code:(4)
Message: Build asset version error: assets/streamingassets/klipik.rez in SourceAssetDB has modification time of '2026-09-10T16:14:09.8371166Z' while content on disk has modification time of '2026-09-10T16:25:03.6141825Z'
  ERROR: Build asset version error: assets/streamingassets/klipik.rez in SourceAssetDB has modification time of '2026-09-10T16:14:09.8371166Z' while content on disk has modification time of '2026-09-10T16:25:03.6141825Z'
Number of updated asset objects reloaded before import = 0
Number of asset objects unloaded after import = 0
========================================================================
Received Import Request.
  Time since last request: 0.008169 seconds.
  path: Assets/StreamingAssets/klipik.rez
  artifactKey: Guid(c6703c17cc9a3ed4c85c64a4cc95ed5b) Importer(815301076,1909f56bfc062723c751e8b465ee728b)
Start importing Assets/StreamingAssets/klipik.rez using Guid(c6703c17cc9a3ed4c85c64a4cc95ed5b) Importer(815301076,1909f56bfc062723c751e8b465ee728b) [PhysX] Initialized MultithreadedTaskDispatcher with 16 workers.
 -> (artifact id: '00000000000000000000000000000000') in 0.001247 seconds
Import Error Code:(4)
Message: Build asset version error: assets/streamingassets/klipik.rez in SourceAssetDB has modification time of '2026-09-10T16:14:09.8371166Z' while content on disk has modification time of '2026-09-10T16:25:03.6141825Z'
  ERROR: Build asset version error: assets/streamingassets/klipik.rez in SourceAssetDB has modification time of '2026-09-10T16:14:09.8371166Z' while content on disk has modification time of '2026-09-10T16:25:03.6141825Z'
Number of updated asset objects reloaded before import = 0
Number of asset objects unloaded after import = 0
========================================================================
Received Import Request.
  Time since last request: 0.000974 seconds.
  path: Assets/StreamingAssets/klipik.rez
  artifactKey: Guid(c6703c17cc9a3ed4c85c64a4cc95ed5b) Importer(815301076,1909f56bfc062723c751e8b465ee728b)
Start importing Assets/StreamingAssets/klipik.rez using Guid(c6703c17cc9a3ed4c85c64a4cc95ed5b) Importer(815301076,1909f56bfc062723c751e8b465ee728b) [PhysX] Initialized MultithreadedTaskDispatcher with 16 workers.
 -> (artifact id: '00000000000000000000000000000000') in 0.002096 seconds
Import Error Code:(4)
Message: Build asset version error: assets/streamingassets/klipik.rez in SourceAssetDB has modification time of '2026-09-10T16:14:09.8371166Z' while content on disk has modification time of '2026-09-10T16:25:03.6141825Z'
  ERROR: Build asset version error: assets/streamingassets/klipik.rez in SourceAssetDB has modification time of '2026-09-10T16:14:09.8371166Z' while content on disk has modification time of '2026-09-10T16:25:03.6141825Z'
Number of updated asset objects reloaded before import = 0
Number of asset objects unloaded after import = 0
========================================================================
Received Import Request.
  Time since last request: 0.001214 seconds.
  path: Assets/StreamingAssets/klipik.rez
  artifactKey: Guid(c6703c17cc9a3ed4c85c64a4cc95ed5b) Importer(815301076,1909f56bfc062723c751e8b465ee728b)
Start importing Assets/StreamingAssets/klipik.rez using Guid(c6703c17cc9a3ed4c85c64a4cc95ed5b) Importer(815301076,1909f56bfc062723c751e8b465ee728b) [PhysX] Initialized MultithreadedTaskDispatcher with 16 workers.
 -> (artifact id: '00000000000000000000000000000000') in 0.001309 seconds
Import Error Code:(4)
Message: Build asset version error: assets/streamingassets/klipik.rez in SourceAssetDB has modification time of '2026-09-10T16:14:09.8371166Z' while content on disk has modification time of '2026-09-10T16:25:03.6141825Z'
  ERROR: Build asset version error: assets/streamingassets/klipik.rez in SourceAssetDB has modification time of '2026-09-10T16:14:09.8371166Z' while content on disk has modification time of '2026-09-10T16:25:03.6141825Z'
Number of updated asset objects reloaded before import = 0
Number of asset objects unloaded after import = 0
========================================================================
Received Import Request.
  Time since last request: 0.016377 seconds.
  path: Assets/StreamingAssets/klipik.rez
  artifactKey: Guid(c6703c17cc9a3ed4c85c64a4cc95ed5b) Importer(815301076,1909f56bfc062723c751e8b465ee728b)
Start importing Assets/StreamingAssets/klipik.rez using Guid(c6703c17cc9a3ed4c85c64a4cc95ed5b) Importer(815301076,1909f56bfc062723c751e8b465ee728b) [PhysX] Initialized MultithreadedTaskDispatcher with 16 workers.
 -> (artifact id: '00000000000000000000000000000000') in 0.001207 seconds
Import Error Code:(4)
Message: Build asset version error: assets/streamingassets/klipik.rez in SourceAssetDB has modification time of '2026-09-10T16:14:09.8371166Z' while content on disk has modification time of '2026-09-10T16:25:03.6141825Z'
  ERROR: Build asset version error: assets/streamingassets/klipik.rez in SourceAssetDB has modification time of '2026-09-10T16:14:09.8371166Z' while content on disk has modification time of '2026-09-10T16:25:03.6141825Z'
Number of updated asset objects reloaded before import = 0
Number of asset objects unloaded after import = 0
========================================================================
Received Import Request.
  Time since last request: 0.006096 seconds.
  path: Assets/StreamingAssets/klipik.rez
  artifactKey: Guid(c6703c17cc9a3ed4c85c64a4cc95ed5b) Importer(815301076,1909f56bfc062723c751e8b465ee728b)
Start importing Assets/StreamingAssets/klipik.rez using Guid(c6703c17cc9a3ed4c85c64a4cc95ed5b) Importer(815301076,1909f56bfc062723c751e8b465ee728b) [PhysX] Initialized MultithreadedTaskDispatcher with 16 workers.
 -> (artifact id: '00000000000000000000000000000000') in 0.001407 seconds
Import Error Code:(4)
Message: Build asset version error: assets/streamingassets/klipik.rez in SourceAssetDB has modification time of '2026-09-10T16:14:09.8371166Z' while content on disk has modification time of '2026-09-10T16:25:03.6141825Z'
  ERROR: Build asset version error: assets/streamingassets/klipik.rez in SourceAssetDB has modification time of '2026-09-10T16:14:09.8371166Z' while content on disk has modification time of '2026-09-10T16:25:03.6141825Z'
Number of updated asset objects reloaded before import = 0
Number of asset objects unloaded after import = 0
========================================================================
Received Import Request.
  Time since last request: 0.029644 seconds.
  path: Assets/StreamingAssets/klipik.rez
  artifactKey: Guid(c6703c17cc9a3ed4c85c64a4cc95ed5b) Importer(815301076,1909f56bfc062723c751e8b465ee728b)
Start importing Assets/StreamingAssets/klipik.rez using Guid(c6703c17cc9a3ed4c85c64a4cc95ed5b) Importer(815301076,1909f56bfc062723c751e8b465ee728b) [PhysX] Initialized MultithreadedTaskDispatcher with 16 workers.
 -> (artifact id: '00000000000000000000000000000000') in 0.001781 seconds
Import Error Code:(4)
Message: Build asset version error: assets/streamingassets/klipik.rez in SourceAssetDB has modification time of '2026-09-10T16:14:09.8371166Z' while content on disk has modification time of '2026-09-10T16:25:03.6141825Z'
  ERROR: Build asset version error: assets/streamingassets/klipik.rez in SourceAssetDB has modification time of '2026-09-10T16:14:09.8371166Z' while content on disk has modification time of '2026-09-10T16:25:03.6141825Z'
Number of updated asset objects reloaded before import = 0
Number of asset objects unloaded after import = 0
========================================================================
Received Import Request.
  Time since last request: 0.001021 seconds.
  path: Assets/StreamingAssets/klipik.rez
  artifactKey: Guid(c6703c17cc9a3ed4c85c64a4cc95ed5b) Importer(815301076,1909f56bfc062723c751e8b465ee728b)
Start importing Assets/StreamingAssets/klipik.rez using Guid(c6703c17cc9a3ed4c85c64a4cc95ed5b) Importer(815301076,1909f56bfc062723c751e8b465ee728b) [PhysX] Initialized MultithreadedTaskDispatcher with 16 workers.
 -> (artifact id: '00000000000000000000000000000000') in 0.001147 seconds
Import Error Code:(4)
Message: Build asset version error: assets/streamingassets/klipik.rez in SourceAssetDB has modification time of '2026-09-10T16:14:09.8371166Z' while content on disk has modification time of '2026-09-10T16:25:03.6141825Z'
  ERROR: Build asset version error: assets/streamingassets/klipik.rez in SourceAssetDB has modification time of '2026-09-10T16:14:09.8371166Z' while content on disk has modification time of '2026-09-10T16:25:03.6141825Z'
Number of updated asset objects reloaded before import = 0
Number of asset objects unloaded after import = 0
========================================================================
Received Import Request.
  Time since last request: 0.023705 seconds.
  path: Assets/StreamingAssets/klipik.rez
  artifactKey: Guid(c6703c17cc9a3ed4c85c64a4cc95ed5b) Importer(815301076,1909f56bfc062723c751e8b465ee728b)
Start importing Assets/StreamingAssets/klipik.rez using Guid(c6703c17cc9a3ed4c85c64a4cc95ed5b) Importer(815301076,1909f56bfc062723c751e8b465ee728b) [PhysX] Initialized MultithreadedTaskDispatcher with 16 workers.
 -> (artifact id: '00000000000000000000000000000000') in 0.001955 seconds
Import Error Code:(4)
Message: Build asset version error: assets/streamingassets/klipik.rez in SourceAssetDB has modification time of '2026-09-10T16:14:09.8371166Z' while content on disk has modification time of '2026-09-10T16:25:03.6141825Z'
  ERROR: Build asset version error: assets/streamingassets/klipik.rez in SourceAssetDB has modification time of '2026-09-10T16:14:09.8371166Z' while content on disk has modification time of '2026-09-10T16:25:03.6141825Z'
Number of updated asset objects reloaded before import = 0
Number of asset objects unloaded after import = 0
========================================================================
Received Import Request.
  Time since last request: 0.000953 seconds.
  path: Assets/StreamingAssets/klipik.rez
  artifactKey: Guid(c6703c17cc9a3ed4c85c64a4cc95ed5b) Importer(815301076,1909f56bfc062723c751e8b465ee728b)
Start importing Assets/StreamingAssets/klipik.rez using Guid(c6703c17cc9a3ed4c85c64a4cc95ed5b) Importer(815301076,1909f56bfc062723c751e8b465ee728b) [PhysX] Initialized MultithreadedTaskDispatcher with 16 workers.
 -> (artifact id: '00000000000000000000000000000000') in 0.003100 seconds
Import Error Code:(4)
Message: Build asset version error: assets/streamingassets/klipik.rez in SourceAssetDB has modification time of '2026-09-10T16:14:09.8371166Z' while content on disk has modification time of '2026-09-10T16:25:03.6141825Z'
  ERROR: Build asset version error: assets/streamingassets/klipik.rez in SourceAssetDB has modification time of '2026-09-10T16:14:09.8371166Z' while content on disk has modification time of '2026-09-10T16:25:03.6141825Z'
Number of updated asset objects reloaded before import = 0
Number of asset objects unloaded after import = 0
========================================================================
Received Import Request.
  Time since last request: 0.002810 seconds.
  path: Assets/StreamingAssets/klipik.rez
  artifactKey: Guid(c6703c17cc9a3ed4c85c64a4cc95ed5b) Importer(815301076,1909f56bfc062723c751e8b465ee728b)
Start importing Assets/StreamingAssets/klipik.rez using Guid(c6703c17cc9a3ed4c85c64a4cc95ed5b) Importer(815301076,1909f56bfc062723c751e8b465ee728b) [PhysX] Initialized MultithreadedTaskDispatcher with 16 workers.
 -> (artifact id: '00000000000000000000000000000000') in 0.001732 seconds
Import Error Code:(4)
Message: Build asset version error: assets/streamingassets/klipik.rez in SourceAssetDB has modification time of '2026-09-10T16:14:09.8371166Z' while content on disk has modification time of '2026-09-10T16:25:03.6141825Z'
  ERROR: Build asset version error: assets/streamingassets/klipik.rez in SourceAssetDB has modification time of '2026-09-10T16:14:09.8371166Z' while content on disk has modification time of '2026-09-10T16:25:03.6141825Z'
Number of updated asset objects reloaded before import = 0
Number of asset objects unloaded after import = 0
========================================================================
Received Import Request.
  Time since last request: 0.021661 seconds.
  path: Assets/StreamingAssets/klipik.rez
  artifactKey: Guid(c6703c17cc9a3ed4c85c64a4cc95ed5b) Importer(815301076,1909f56bfc062723c751e8b465ee728b)
Start importing Assets/StreamingAssets/klipik.rez using Guid(c6703c17cc9a3ed4c85c64a4cc95ed5b) Importer(815301076,1909f56bfc062723c751e8b465ee728b) [PhysX] Initialized MultithreadedTaskDispatcher with 16 workers.
 -> (artifact id: '00000000000000000000000000000000') in 0.001619 seconds
Import Error Code:(4)
Message: Build asset version error: assets/streamingassets/klipik.rez in SourceAssetDB has modification time of '2026-09-10T16:14:09.8371166Z' while content on disk has modification time of '2026-09-10T16:25:03.6141825Z'
  ERROR: Build asset version error: assets/streamingassets/klipik.rez in SourceAssetDB has modification time of '2026-09-10T16:14:09.8371166Z' while content on disk has modification time of '2026-09-10T16:25:03.6141825Z'
Number of updated asset objects reloaded before import = 0
Number of asset objects unloaded after import = 0
========================================================================
Received Import Request.
  Time since last request: 0.002762 seconds.
  path: Assets/StreamingAssets/klipik.rez
  artifactKey: Guid(c6703c17cc9a3ed4c85c64a4cc95ed5b) Importer(815301076,1909f56bfc062723c751e8b465ee728b)
Start importing Assets/StreamingAssets/klipik.rez using Guid(c6703c17cc9a3ed4c85c64a4cc95ed5b) Importer(815301076,1909f56bfc062723c751e8b465ee728b) [PhysX] Initialized MultithreadedTaskDispatcher with 16 workers.
 -> (artifact id: '00000000000000000000000000000000') in 0.001890 seconds
Import Error Code:(4)
Message: Build asset version error: assets/streamingassets/klipik.rez in SourceAssetDB has modification time of '2026-09-10T16:14:09.8371166Z' while content on disk has modification time of '2026-09-10T16:25:03.6141825Z'
  ERROR: Build asset version error: assets/streamingassets/klipik.rez in SourceAssetDB has modification time of '2026-09-10T16:14:09.8371166Z' while content on disk has modification time of '2026-09-10T16:25:03.6141825Z'
Number of updated asset objects reloaded before import = 0
Number of asset objects unloaded after import = 0
========================================================================
Received Import Request.
  Time since last request: 0.001564 seconds.
  path: Assets/StreamingAssets/klipik.rez
  artifactKey: Guid(c6703c17cc9a3ed4c85c64a4cc95ed5b) Importer(815301076,1909f56bfc062723c751e8b465ee728b)
Start importing Assets/StreamingAssets/klipik.rez using Guid(c6703c17cc9a3ed4c85c64a4cc95ed5b) Importer(815301076,1909f56bfc062723c751e8b465ee728b) [PhysX] Initialized MultithreadedTaskDispatcher with 16 workers.
 -> (artifact id: '00000000000000000000000000000000') in 0.001995 seconds
Import Error Code:(4)
Message: Build asset version error: assets/streamingassets/klipik.rez in SourceAssetDB has modification time of '2026-09-10T16:14:09.8371166Z' while content on disk has modification time of '2026-09-10T16:25:03.6141825Z'
  ERROR: Build asset version error: assets/streamingassets/klipik.rez in SourceAssetDB has modification time of '2026-09-10T16:14:09.8371166Z' while content on disk has modification time of '2026-09-10T16:25:03.6141825Z'
Number of updated asset objects reloaded before import = 0
Number of asset objects unloaded after import = 0
========================================================================
Received Import Request.
  Time since last request: 0.001146 seconds.
  path: Assets/StreamingAssets/klipik.rez
  artifactKey: Guid(c6703c17cc9a3ed4c85c64a4cc95ed5b) Importer(815301076,1909f56bfc062723c751e8b465ee728b)
Start importing Assets/StreamingAssets/klipik.rez using Guid(c6703c17cc9a3ed4c85c64a4cc95ed5b) Importer(815301076,1909f56bfc062723c751e8b465ee728b) [PhysX] Initialized MultithreadedTaskDispatcher with 16 workers.
 -> (artifact id: '00000000000000000000000000000000') in 0.001966 seconds
Import Error Code:(4)
Message: Build asset version error: assets/streamingassets/klipik.rez in SourceAssetDB has modification time of '2026-09-10T16:14:09.8371166Z' while content on disk has modification time of '2026-09-10T16:25:03.6141825Z'
  ERROR: Build asset version error: assets/streamingassets/klipik.rez in SourceAssetDB has modification time of '2026-09-10T16:14:09.8371166Z' while content on disk has modification time of '2026-09-10T16:25:03.6141825Z'
Number of updated asset objects reloaded before import = 0
Number of asset objects unloaded after import = 0
========================================================================
Received Import Request.
  Time since last request: 0.001894 seconds.
  path: Assets/StreamingAssets/klipik.rez
  artifactKey: Guid(c6703c17cc9a3ed4c85c64a4cc95ed5b) Importer(815301076,1909f56bfc062723c751e8b465ee728b)
Start importing Assets/StreamingAssets/klipik.rez using Guid(c6703c17cc9a3ed4c85c64a4cc95ed5b) Importer(815301076,1909f56bfc062723c751e8b465ee728b) [PhysX] Initialized MultithreadedTaskDispatcher with 16 workers.
 -> (artifact id: '00000000000000000000000000000000') in 0.002649 seconds
Import Error Code:(4)
Message: Build asset version error: assets/streamingassets/klipik.rez in SourceAssetDB has modification time of '2026-09-10T16:14:09.8371166Z' while content on disk has modification time of '2026-09-10T16:25:03.6141825Z'
  ERROR: Build asset version error: assets/streamingassets/klipik.rez in SourceAssetDB has modification time of '2026-09-10T16:14:09.8371166Z' while content on disk has modification time of '2026-09-10T16:25:03.6141825Z'
Number of updated asset objects reloaded before import = 0
Number of asset objects unloaded after import = 0
========================================================================
Received Import Request.
  Time since last request: 0.021195 seconds.
  path: Assets/StreamingAssets/klipik.rez
  artifactKey: Guid(c6703c17cc9a3ed4c85c64a4cc95ed5b) Importer(815301076,1909f56bfc062723c751e8b465ee728b)
Start importing Assets/StreamingAssets/klipik.rez using Guid(c6703c17cc9a3ed4c85c64a4cc95ed5b) Importer(815301076,1909f56bfc062723c751e8b465ee728b) [PhysX] Initialized MultithreadedTaskDispatcher with 16 workers.
 -> (artifact id: '00000000000000000000000000000000') in 0.001253 seconds
Import Error Code:(4)
Message: Build asset version error: assets/streamingassets/klipik.rez in SourceAssetDB has modification time of '2026-09-10T16:14:09.8371166Z' while content on disk has modification time of '2026-09-10T16:25:03.6141825Z'
  ERROR: Build asset version error: assets/streamingassets/klipik.rez in SourceAssetDB has modification time of '2026-09-10T16:14:09.8371166Z' while content on disk has modification time of '2026-09-10T16:25:03.6141825Z'
Number of updated asset objects reloaded before import = 0
Number of asset objects unloaded after import = 0
========================================================================
Received Import Request.
  Time since last request: 0.018995 seconds.
  path: Assets/StreamingAssets/klipik.rez
  artifactKey: Guid(c6703c17cc9a3ed4c85c64a4cc95ed5b) Importer(815301076,1909f56bfc062723c751e8b465ee728b)
Start importing Assets/StreamingAssets/klipik.rez using Guid(c6703c17cc9a3ed4c85c64a4cc95ed5b) Importer(815301076,1909f56bfc062723c751e8b465ee728b) [PhysX] Initialized MultithreadedTaskDispatcher with 16 workers.
 -> (artifact id: '00000000000000000000000000000000') in 0.001361 seconds
Import Error Code:(4)
Message: Build asset version error: assets/streamingassets/klipik.rez in SourceAssetDB has modification time of '2026-09-10T16:14:09.8371166Z' while content on disk has modification time of '2026-09-10T16:25:03.6141825Z'
  ERROR: Build asset version error: assets/streamingassets/klipik.rez in SourceAssetDB has modification time of '2026-09-10T16:14:09.8371166Z' while content on disk has modification time of '2026-09-10T16:25:03.6141825Z'
Number of updated asset objects reloaded before import = 0
Number of asset objects unloaded after import = 0
========================================================================
Received Import Request.
  Time since last request: 0.017413 seconds.
  path: Assets/StreamingAssets/klipik.rez
  artifactKey: Guid(c6703c17cc9a3ed4c85c64a4cc95ed5b) Importer(815301076,1909f56bfc062723c751e8b465ee728b)
Start importing Assets/StreamingAssets/klipik.rez using Guid(c6703c17cc9a3ed4c85c64a4cc95ed5b) Importer(815301076,1909f56bfc062723c751e8b465ee728b) [PhysX] Initialized MultithreadedTaskDispatcher with 16 workers.
 -> (artifact id: '00000000000000000000000000000000') in 0.001530 seconds
Import Error Code:(4)
Message: Build asset version error: assets/streamingassets/klipik.rez in SourceAssetDB has modification time of '2026-09-10T16:14:09.8371166Z' while content on disk has modification time of '2026-09-10T16:25:03.6141825Z'
  ERROR: Build asset version error: assets/streamingassets/klipik.rez in SourceAssetDB has modification time of '2026-09-10T16:14:09.8371166Z' while content on disk has modification time of '2026-09-10T16:25:03.6141825Z'
Number of updated asset objects reloaded before import = 0
Number of asset objects unloaded after import = 0
========================================================================
Received Import Request.
  Time since last request: 0.017075 seconds.
  path: Assets/StreamingAssets/klipik.rez
  artifactKey: Guid(c6703c17cc9a3ed4c85c64a4cc95ed5b) Importer(815301076,1909f56bfc062723c751e8b465ee728b)
Start importing Assets/StreamingAssets/klipik.rez using Guid(c6703c17cc9a3ed4c85c64a4cc95ed5b) Importer(815301076,1909f56bfc062723c751e8b465ee728b) [PhysX] Initialized MultithreadedTaskDispatcher with 16 workers.
 -> (artifact id: '00000000000000000000000000000000') in 0.001505 seconds
Import Error Code:(4)
Message: Build asset version error: assets/streamingassets/klipik.rez in SourceAssetDB has modification time of '2026-09-10T16:14:09.8371166Z' while content on disk has modification time of '2026-09-10T16:25:03.6141825Z'
  ERROR: Build asset version error: assets/streamingassets/klipik.rez in SourceAssetDB has modification time of '2026-09-10T16:14:09.8371166Z' while content on disk has modification time of '2026-09-10T16:25:03.6141825Z'
Number of updated asset objects reloaded before import = 0
Number of asset objects unloaded after import = 0
========================================================================
Received Import Request.
  Time since last request: 0.016830 seconds.
  path: Assets/StreamingAssets/klipik.rez
  artifactKey: Guid(c6703c17cc9a3ed4c85c64a4cc95ed5b) Importer(815301076,1909f56bfc062723c751e8b465ee728b)
Start importing Assets/StreamingAssets/klipik.rez using Guid(c6703c17cc9a3ed4c85c64a4cc95ed5b) Importer(815301076,1909f56bfc062723c751e8b465ee728b) [PhysX] Initialized MultithreadedTaskDispatcher with 16 workers.
 -> (artifact id: '00000000000000000000000000000000') in 0.001170 seconds
Import Error Code:(4)
Message: Build asset version error: assets/streamingassets/klipik.rez in SourceAssetDB has modification time of '2026-09-10T16:14:09.8371166Z' while content on disk has modification time of '2026-09-10T16:25:03.6141825Z'
  ERROR: Build asset version error: assets/streamingassets/klipik.rez in SourceAssetDB has modification time of '2026-09-10T16:14:09.8371166Z' while content on disk has modification time of '2026-09-10T16:25:03.6141825Z'
Number of updated asset objects reloaded before import = 0
Number of asset objects unloaded after import = 0
========================================================================
Received Import Request.
  Time since last request: 0.014084 seconds.
  path: Assets/StreamingAssets/klipik.rez
  artifactKey: Guid(c6703c17cc9a3ed4c85c64a4cc95ed5b) Importer(815301076,1909f56bfc062723c751e8b465ee728b)
Start importing Assets/StreamingAssets/klipik.rez using Guid(c6703c17cc9a3ed4c85c64a4cc95ed5b) Importer(815301076,1909f56bfc062723c751e8b465ee728b) [PhysX] Initialized MultithreadedTaskDispatcher with 16 workers.
 -> (artifact id: '00000000000000000000000000000000') in 0.001441 seconds
Import Error Code:(4)
Message: Build asset version error: assets/streamingassets/klipik.rez in SourceAssetDB has modification time of '2026-09-10T16:14:09.8371166Z' while content on disk has modification time of '2026-09-10T16:25:03.6141825Z'
  ERROR: Build asset version error: assets/streamingassets/klipik.rez in SourceAssetDB has modification time of '2026-09-10T16:14:09.8371166Z' while content on disk has modification time of '2026-09-10T16:25:03.6141825Z'
Number of updated asset objects reloaded before import = 0
Number of asset objects unloaded after import = 0
========================================================================
Received Import Request.
  Time since last request: 0.001193 seconds.
  path: Assets/StreamingAssets/klipik.rez
  artifactKey: Guid(c6703c17cc9a3ed4c85c64a4cc95ed5b) Importer(815301076,1909f56bfc062723c751e8b465ee728b)
Start importing Assets/StreamingAssets/klipik.rez using Guid(c6703c17cc9a3ed4c85c64a4cc95ed5b) Importer(815301076,1909f56bfc062723c751e8b465ee728b) [PhysX] Initialized MultithreadedTaskDispatcher with 16 workers.
 -> (artifact id: '00000000000000000000000000000000') in 0.001173 seconds
Import Error Code:(4)
Message: Build asset version error: assets/streamingassets/klipik.rez in SourceAssetDB has modification time of '2026-09-10T16:14:09.8371166Z' while content on disk has modification time of '2026-09-10T16:25:03.6141825Z'
  ERROR: Build asset version error: assets/streamingassets/klipik.rez in SourceAssetDB has modification time of '2026-09-10T16:14:09.8371166Z' while content on disk has modification time of '2026-09-10T16:25:03.6141825Z'
Number of updated asset objects reloaded before import = 0
Number of asset objects unloaded after import = 0
========================================================================
Received Import Request.
  Time since last request: 0.014917 seconds.
  path: Assets/StreamingAssets/klipik.rez
  artifactKey: Guid(c6703c17cc9a3ed4c85c64a4cc95ed5b) Importer(815301076,1909f56bfc062723c751e8b465ee728b)
Start importing Assets/StreamingAssets/klipik.rez using Guid(c6703c17cc9a3ed4c85c64a4cc95ed5b) Importer(815301076,1909f56bfc062723c751e8b465ee728b) [PhysX] Initialized MultithreadedTaskDispatcher with 16 workers.
 -> (artifact id: '00000000000000000000000000000000') in 0.001083 seconds
Import Error Code:(4)
Message: Build asset version error: assets/streamingassets/klipik.rez in SourceAssetDB has modification time of '2026-09-10T16:14:09.8371166Z' while content on disk has modification time of '2026-09-10T16:25:03.6141825Z'
  ERROR: Build asset version error: assets/streamingassets/klipik.rez in SourceAssetDB has modification time of '2026-09-10T16:14:09.8371166Z' while content on disk has modification time of '2026-09-10T16:25:03.6141825Z'
Number of updated asset objects reloaded before import = 0
Number of asset objects unloaded after import = 0
========================================================================
Received Import Request.
  Time since last request: 0.001986 seconds.
  path: Assets/StreamingAssets/klipik.rez
  artifactKey: Guid(c6703c17cc9a3ed4c85c64a4cc95ed5b) Importer(815301076,1909f56bfc062723c751e8b465ee728b)
Start importing Assets/StreamingAssets/klipik.rez using Guid(c6703c17cc9a3ed4c85c64a4cc95ed5b) Importer(815301076,1909f56bfc062723c751e8b465ee728b) [PhysX] Initialized MultithreadedTaskDispatcher with 16 workers.
 -> (artifact id: '00000000000000000000000000000000') in 0.001285 seconds
Import Error Code:(4)
Message: Build asset version error: assets/streamingassets/klipik.rez in SourceAssetDB has modification time of '2026-09-10T16:14:09.8371166Z' while content on disk has modification time of '2026-09-10T16:25:03.6141825Z'
  ERROR: Build asset version error: assets/streamingassets/klipik.rez in SourceAssetDB has modification time of '2026-09-10T16:14:09.8371166Z' while content on disk has modification time of '2026-09-10T16:25:03.6141825Z'
Number of updated asset objects reloaded before import = 0
Number of asset objects unloaded after import = 0
========================================================================
Received Import Request.
  Time since last request: 0.001026 seconds.
  path: Assets/StreamingAssets/klipik.rez
  artifactKey: Guid(c6703c17cc9a3ed4c85c64a4cc95ed5b) Importer(815301076,1909f56bfc062723c751e8b465ee728b)
Start importing Assets/StreamingAssets/klipik.rez using Guid(c6703c17cc9a3ed4c85c64a4cc95ed5b) Importer(815301076,1909f56bfc062723c751e8b465ee728b) [PhysX] Initialized MultithreadedTaskDispatcher with 16 workers.
 -> (artifact id: '00000000000000000000000000000000') in 0.001047 seconds
Import Error Code:(4)
Message: Build asset version error: assets/streamingassets/klipik.rez in SourceAssetDB has modification time of '2026-09-10T16:14:09.8371166Z' while content on disk has modification time of '2026-09-10T16:25:03.6141825Z'
  ERROR: Build asset version error: assets/streamingassets/klipik.rez in SourceAssetDB has modification time of '2026-09-10T16:14:09.8371166Z' while content on disk has modification time of '2026-09-10T16:25:03.6141825Z'
Number of updated asset objects reloaded before import = 0
Number of asset objects unloaded after import = 0
========================================================================
Received Import Request.
  Time since last request: 0.001448 seconds.
  path: Assets/StreamingAssets/klipik.rez
  artifactKey: Guid(c6703c17cc9a3ed4c85c64a4cc95ed5b) Importer(815301076,1909f56bfc062723c751e8b465ee728b)
Start importing Assets/StreamingAssets/klipik.rez using Guid(c6703c17cc9a3ed4c85c64a4cc95ed5b) Importer(815301076,1909f56bfc062723c751e8b465ee728b) [PhysX] Initialized MultithreadedTaskDispatcher with 16 workers.
 -> (artifact id: '00000000000000000000000000000000') in 0.001097 seconds
Import Error Code:(4)
Message: Build asset version error: assets/streamingassets/klipik.rez in SourceAssetDB has modification time of '2026-09-10T16:14:09.8371166Z' while content on disk has modification time of '2026-09-10T16:25:03.6141825Z'
  ERROR: Build asset version error: assets/streamingassets/klipik.rez in SourceAssetDB has modification time of '2026-09-10T16:14:09.8371166Z' while content on disk has modification time of '2026-09-10T16:25:03.6141825Z'
Number of updated asset objects reloaded before import = 0
Number of asset objects unloaded after import = 0
========================================================================
Received Import Request.
  Time since last request: 0.011889 seconds.
  path: Assets/StreamingAssets/klipik.rez
  artifactKey: Guid(c6703c17cc9a3ed4c85c64a4cc95ed5b) Importer(815301076,1909f56bfc062723c751e8b465ee728b)
Start importing Assets/StreamingAssets/klipik.rez using Guid(c6703c17cc9a3ed4c85c64a4cc95ed5b) Importer(815301076,1909f56bfc062723c751e8b465ee728b) [PhysX] Initialized MultithreadedTaskDispatcher with 16 workers.
 -> (artifact id: '00000000000000000000000000000000') in 0.001141 seconds
Import Error Code:(4)
Message: Build asset version error: assets/streamingassets/klipik.rez in SourceAssetDB has modification time of '2026-09-10T16:14:09.8371166Z' while content on disk has modification time of '2026-09-10T16:25:03.6141825Z'
  ERROR: Build asset version error: assets/streamingassets/klipik.rez in SourceAssetDB has modification time of '2026-09-10T16:14:09.8371166Z' while content on disk has modification time of '2026-09-10T16:25:03.6141825Z'
Number of updated asset objects reloaded before import = 0
Number of asset objects unloaded after import = 0
========================================================================
Received Import Request.
  Time since last request: 0.000456 seconds.
  path: Assets/StreamingAssets/klipik.rez
  artifactKey: Guid(c6703c17cc9a3ed4c85c64a4cc95ed5b) Importer(815301076,1909f56bfc062723c751e8b465ee728b)
Start importing Assets/StreamingAssets/klipik.rez using Guid(c6703c17cc9a3ed4c85c64a4cc95ed5b) Importer(815301076,1909f56bfc062723c751e8b465ee728b) [PhysX] Initialized MultithreadedTaskDispatcher with 16 workers.
 -> (artifact id: '00000000000000000000000000000000') in 0.001192 seconds
Import Error Code:(4)
Message: Build asset version error: assets/streamingassets/klipik.rez in SourceAssetDB has modification time of '2026-09-10T16:14:09.8371166Z' while content on disk has modification time of '2026-09-10T16:25:03.6141825Z'
  ERROR: Build asset version error: assets/streamingassets/klipik.rez in SourceAssetDB has modification time of '2026-09-10T16:14:09.8371166Z' while content on disk has modification time of '2026-09-10T16:25:03.6141825Z'
Number of updated asset objects reloaded before import = 0
Number of asset objects unloaded after import = 0
========================================================================
Received Import Request.
  Time since last request: 0.000423 seconds.
  path: Assets/StreamingAssets/klipik.rez
  artifactKey: Guid(c6703c17cc9a3ed4c85c64a4cc95ed5b) Importer(815301076,1909f56bfc062723c751e8b465ee728b)
Start importing Assets/StreamingAssets/klipik.rez using Guid(c6703c17cc9a3ed4c85c64a4cc95ed5b) Importer(815301076,1909f56bfc062723c751e8b465ee728b) [PhysX] Initialized MultithreadedTaskDispatcher with 16 workers.
 -> (artifact id: '00000000000000000000000000000000') in 0.001555 seconds
Import Error Code:(4)
Message: Build asset version error: assets/streamingassets/klipik.rez in SourceAssetDB has modification time of '2026-09-10T16:14:09.8371166Z' while content on disk has modification time of '2026-09-10T16:25:03.6141825Z'
  ERROR: Build asset version error: assets/streamingassets/klipik.rez in SourceAssetDB has modification time of '2026-09-10T16:14:09.8371166Z' while content on disk has modification time of '2026-09-10T16:25:03.6141825Z'
Number of updated asset objects reloaded before import = 0
Number of asset objects unloaded after import = 0
========================================================================
Received Import Request.
  Time since last request: 0.013820 seconds.
  path: Assets/StreamingAssets/klipik.rez
  artifactKey: Guid(c6703c17cc9a3ed4c85c64a4cc95ed5b) Importer(815301076,1909f56bfc062723c751e8b465ee728b)
Start importing Assets/StreamingAssets/klipik.rez using Guid(c6703c17cc9a3ed4c85c64a4cc95ed5b) Importer(815301076,1909f56bfc062723c751e8b465ee728b) [PhysX] Initialized MultithreadedTaskDispatcher with 16 workers.
 -> (artifact id: '00000000000000000000000000000000') in 0.001507 seconds
Import Error Code:(4)
Message: Build asset version error: assets/streamingassets/klipik.rez in SourceAssetDB has modification time of '2026-09-10T16:14:09.8371166Z' while content on disk has modification time of '2026-09-10T16:25:03.6141825Z'
  ERROR: Build asset version error: assets/streamingassets/klipik.rez in SourceAssetDB has modification time of '2026-09-10T16:14:09.8371166Z' while content on disk has modification time of '2026-09-10T16:25:03.6141825Z'
Number of updated asset objects reloaded before import = 0
Number of asset objects unloaded after import = 0
========================================================================
Received Import Request.
  Time since last request: 0.013338 seconds.
  path: Assets/StreamingAssets/klipik.rez
  artifactKey: Guid(c6703c17cc9a3ed4c85c64a4cc95ed5b) Importer(815301076,1909f56bfc062723c751e8b465ee728b)
Start importing Assets/StreamingAssets/klipik.rez using Guid(c6703c17cc9a3ed4c85c64a4cc95ed5b) Importer(815301076,1909f56bfc062723c751e8b465ee728b) [PhysX] Initialized MultithreadedTaskDispatcher with 16 workers.
 -> (artifact id: '00000000000000000000000000000000') in 0.000994 seconds
Import Error Code:(4)
Message: Build asset version error: assets/streamingassets/klipik.rez in SourceAssetDB has modification time of '2026-09-10T16:14:09.8371166Z' while content on disk has modification time of '2026-09-10T16:25:03.6141825Z'
  ERROR: Build asset version error: assets/streamingassets/klipik.rez in SourceAssetDB has modification time of '2026-09-10T16:14:09.8371166Z' while content on disk has modification time of '2026-09-10T16:25:03.6141825Z'
Number of updated asset objects reloaded before import = 0
Number of asset objects unloaded after import = 0
========================================================================
Received Import Request.
  Time since last request: 0.012260 seconds.
  path: Assets/StreamingAssets/klipik.rez
  artifactKey: Guid(c6703c17cc9a3ed4c85c64a4cc95ed5b) Importer(815301076,1909f56bfc062723c751e8b465ee728b)
Start importing Assets/StreamingAssets/klipik.rez using Guid(c6703c17cc9a3ed4c85c64a4cc95ed5b) Importer(815301076,1909f56bfc062723c751e8b465ee728b) [PhysX] Initialized MultithreadedTaskDispatcher with 16 workers.
 -> (artifact id: '00000000000000000000000000000000') in 0.001244 seconds
Import Error Code:(4)
Message: Build asset version error: assets/streamingassets/klipik.rez in SourceAssetDB has modification time of '2026-09-10T16:14:09.8371166Z' while content on disk has modification time of '2026-09-10T16:25:03.6141825Z'
  ERROR: Build asset version error: assets/streamingassets/klipik.rez in SourceAssetDB has modification time of '2026-09-10T16:14:09.8371166Z' while content on disk has modification time of '2026-09-10T16:25:03.6141825Z'
Number of updated asset objects reloaded before import = 0
Number of asset objects unloaded after import = 0
========================================================================
Received Import Request.
  Time since last request: 0.000541 seconds.
  path: Assets/StreamingAssets/klipik.rez
  artifactKey: Guid(c6703c17cc9a3ed4c85c64a4cc95ed5b) Importer(815301076,1909f56bfc062723c751e8b465ee728b)
Start importing Assets/StreamingAssets/klipik.rez using Guid(c6703c17cc9a3ed4c85c64a4cc95ed5b) Importer(815301076,1909f56bfc062723c751e8b465ee728b) [PhysX] Initialized MultithreadedTaskDispatcher with 16 workers.
 -> (artifact id: '00000000000000000000000000000000') in 0.001050 seconds
Import Error Code:(4)
Message: Build asset version error: assets/streamingassets/klipik.rez in SourceAssetDB has modification time of '2026-09-10T16:14:09.8371166Z' while content on disk has modification time of '2026-09-10T16:25:03.6141825Z'
  ERROR: Build asset version error: assets/streamingassets/klipik.rez in SourceAssetDB has modification time of '2026-09-10T16:14:09.8371166Z' while content on disk has modification time of '2026-09-10T16:25:03.6141825Z'
Number of updated asset objects reloaded before import = 0
Number of asset objects unloaded after import = 0
========================================================================
Received Import Request.
  Time since last request: 0.001280 seconds.
  path: Assets/StreamingAssets/klipik.rez
  artifactKey: Guid(c6703c17cc9a3ed4c85c64a4cc95ed5b) Importer(815301076,1909f56bfc062723c751e8b465ee728b)
Start importing Assets/StreamingAssets/klipik.rez using Guid(c6703c17cc9a3ed4c85c64a4cc95ed5b) Importer(815301076,1909f56bfc062723c751e8b465ee728b) [PhysX] Initialized MultithreadedTaskDispatcher with 16 workers.
 -> (artifact id: '00000000000000000000000000000000') in 0.001067 seconds
Import Error Code:(4)
Message: Build asset version error: assets/streamingassets/klipik.rez in SourceAssetDB has modification time of '2026-09-10T16:14:09.8371166Z' while content on disk has modification time of '2026-09-10T16:25:03.6141825Z'
  ERROR: Build asset version error: assets/streamingassets/klipik.rez in SourceAssetDB has modification time of '2026-09-10T16:14:09.8371166Z' while content on disk has modification time of '2026-09-10T16:25:03.6141825Z'
Number of updated asset objects reloaded before import = 0
Number of asset objects unloaded after import = 0
========================================================================
Received Import Request.
  Time since last request: 0.012339 seconds.
  path: Assets/StreamingAssets/klipik.rez
  artifactKey: Guid(c6703c17cc9a3ed4c85c64a4cc95ed5b) Importer(815301076,1909f56bfc062723c751e8b465ee728b)
Start importing Assets/StreamingAssets/klipik.rez using Guid(c6703c17cc9a3ed4c85c64a4cc95ed5b) Importer(815301076,1909f56bfc062723c751e8b465ee728b) [PhysX] Initialized MultithreadedTaskDispatcher with 16 workers.
 -> (artifact id: '00000000000000000000000000000000') in 0.001127 seconds
Import Error Code:(4)
Message: Build asset version error: assets/streamingassets/klipik.rez in SourceAssetDB has modification time of '2026-09-10T16:14:09.8371166Z' while content on disk has modification time of '2026-09-10T16:25:03.6141825Z'
  ERROR: Build asset version error: assets/streamingassets/klipik.rez in SourceAssetDB has modification time of '2026-09-10T16:14:09.8371166Z' while content on disk has modification time of '2026-09-10T16:25:03.6141825Z'
Number of updated asset objects reloaded before import = 0
Number of asset objects unloaded after import = 0
========================================================================
Received Import Request.
  Time since last request: 0.001207 seconds.
  path: Assets/StreamingAssets/klipik.rez
  artifactKey: Guid(c6703c17cc9a3ed4c85c64a4cc95ed5b) Importer(815301076,1909f56bfc062723c751e8b465ee728b)
Start importing Assets/StreamingAssets/klipik.rez using Guid(c6703c17cc9a3ed4c85c64a4cc95ed5b) Importer(815301076,1909f56bfc062723c751e8b465ee728b) [PhysX] Initialized MultithreadedTaskDispatcher with 16 workers.
 -> (artifact id: '00000000000000000000000000000000') in 0.001120 seconds
Import Error Code:(4)
Message: Build asset version error: assets/streamingassets/klipik.rez in SourceAssetDB has modification time of '2026-09-10T16:14:09.8371166Z' while content on disk has modification time of '2026-09-10T16:25:03.6141825Z'
  ERROR: Build asset version error: assets/streamingassets/klipik.rez in SourceAssetDB has modification time of '2026-09-10T16:14:09.8371166Z' while content on disk has modification time of '2026-09-10T16:25:03.6141825Z'
Number of updated asset objects reloaded before import = 0
Number of asset objects unloaded after import = 0
========================================================================
Received Import Request.
  Time since last request: 0.000638 seconds.
  path: Assets/StreamingAssets/klipik.rez
  artifactKey: Guid(c6703c17cc9a3ed4c85c64a4cc95ed5b) Importer(815301076,1909f56bfc062723c751e8b465ee728b)
Start importing Assets/StreamingAssets/klipik.rez using Guid(c6703c17cc9a3ed4c85c64a4cc95ed5b) Importer(815301076,1909f56bfc062723c751e8b465ee728b) [PhysX] Initialized MultithreadedTaskDispatcher with 16 workers.
 -> (artifact id: '00000000000000000000000000000000') in 0.001137 seconds
Import Error Code:(4)
Message: Build asset version error: assets/streamingassets/klipik.rez in SourceAssetDB has modification time of '2026-09-10T16:14:09.8371166Z' while content on disk has modification time of '2026-09-10T16:25:03.6141825Z'
  ERROR: Build asset version error: assets/streamingassets/klipik.rez in SourceAssetDB has modification time of '2026-09-10T16:14:09.8371166Z' while content on disk has modification time of '2026-09-10T16:25:03.6141825Z'
Number of updated asset objects reloaded before import = 0
Number of asset objects unloaded after import = 0
========================================================================
Received Import Request.
  Time since last request: 0.000521 seconds.
  path: Assets/StreamingAssets/klipik.rez
  artifactKey: Guid(c6703c17cc9a3ed4c85c64a4cc95ed5b) Importer(815301076,1909f56bfc062723c751e8b465ee728b)
Start importing Assets/StreamingAssets/klipik.rez using Guid(c6703c17cc9a3ed4c85c64a4cc95ed5b) Importer(815301076,1909f56bfc062723c751e8b465ee728b) [PhysX] Initialized MultithreadedTaskDispatcher with 16 workers.
 -> (artifact id: '00000000000000000000000000000000') in 0.001046 seconds
Import Error Code:(4)
Message: Build asset version error: assets/streamingassets/klipik.rez in SourceAssetDB has modification time of '2026-09-10T16:14:09.8371166Z' while content on disk has modification time of '2026-09-10T16:25:03.6141825Z'
  ERROR: Build asset version error: assets/streamingassets/klipik.rez in SourceAssetDB has modification time of '2026-09-10T16:14:09.8371166Z' while content on disk has modification time of '2026-09-10T16:25:03.6141825Z'
Number of updated asset objects reloaded before import = 0
Number of asset objects unloaded after import = 0
========================================================================
Received Import Request.
  Time since last request: 0.012538 seconds.
  path: Assets/StreamingAssets/klipik.rez
  artifactKey: Guid(c6703c17cc9a3ed4c85c64a4cc95ed5b) Importer(815301076,1909f56bfc062723c751e8b465ee728b)
Start importing Assets/StreamingAssets/klipik.rez using Guid(c6703c17cc9a3ed4c85c64a4cc95ed5b) Importer(815301076,1909f56bfc062723c751e8b465ee728b) [PhysX] Initialized MultithreadedTaskDispatcher with 16 workers.
 -> (artifact id: '00000000000000000000000000000000') in 0.001058 seconds
Import Error Code:(4)
Message: Build asset version error: assets/streamingassets/klipik.rez in SourceAssetDB has modification time of '2026-09-10T16:14:09.8371166Z' while content on disk has modification time of '2026-09-10T16:25:03.6141825Z'
  ERROR: Build asset version error: assets/streamingassets/klipik.rez in SourceAssetDB has modification time of '2026-09-10T16:14:09.8371166Z' while content on disk has modification time of '2026-09-10T16:25:03.6141825Z'
Number of updated asset objects reloaded before import = 0
Number of asset objects unloaded after import = 0
========================================================================
Received Import Request.
  Time since last request: 0.000717 seconds.
  path: Assets/StreamingAssets/klipik.rez
  artifactKey: Guid(c6703c17cc9a3ed4c85c64a4cc95ed5b) Importer(815301076,1909f56bfc062723c751e8b465ee728b)
Start importing Assets/StreamingAssets/klipik.rez using Guid(c6703c17cc9a3ed4c85c64a4cc95ed5b) Importer(815301076,1909f56bfc062723c751e8b465ee728b) [PhysX] Initialized MultithreadedTaskDispatcher with 16 workers.
 -> (artifact id: '00000000000000000000000000000000') in 0.001090 seconds
Import Error Code:(4)
Message: Build asset version error: assets/streamingassets/klipik.rez in SourceAssetDB has modification time of '2026-09-10T16:14:09.8371166Z' while content on disk has modification time of '2026-09-10T16:25:03.6141825Z'
  ERROR: Build asset version error: assets/streamingassets/klipik.rez in SourceAssetDB has modification time of '2026-09-10T16:14:09.8371166Z' while content on disk has modification time of '2026-09-10T16:25:03.6141825Z'
Number of updated asset objects reloaded before import = 0
Number of asset objects unloaded after import = 0
========================================================================
Received Import Request.
  Time since last request: 0.012445 seconds.
  path: Assets/StreamingAssets/klipik.rez
  artifactKey: Guid(c6703c17cc9a3ed4c85c64a4cc95ed5b) Importer(815301076,1909f56bfc062723c751e8b465ee728b)
Start importing Assets/StreamingAssets/klipik.rez using Guid(c6703c17cc9a3ed4c85c64a4cc95ed5b) Importer(815301076,1909f56bfc062723c751e8b465ee728b) [PhysX] Initialized MultithreadedTaskDispatcher with 16 workers.
 -> (artifact id: '00000000000000000000000000000000') in 0.001088 seconds
Import Error Code:(4)
Message: Build asset version error: assets/streamingassets/klipik.rez in SourceAssetDB has modification time of '2026-09-10T16:14:09.8371166Z' while content on disk has modification time of '2026-09-10T16:25:03.6141825Z'
  ERROR: Build asset version error: assets/streamingassets/klipik.rez in SourceAssetDB has modification time of '2026-09-10T16:14:09.8371166Z' while content on disk has modification time of '2026-09-10T16:25:03.6141825Z'
Number of updated asset objects reloaded before import = 0
Number of asset objects unloaded after import = 0
========================================================================
Received Import Request.
  Time since last request: 0.000739 seconds.
  path: Assets/StreamingAssets/klipik.rez
  artifactKey: Guid(c6703c17cc9a3ed4c85c64a4cc95ed5b) Importer(815301076,1909f56bfc062723c751e8b465ee728b)
Start importing Assets/StreamingAssets/klipik.rez using Guid(c6703c17cc9a3ed4c85c64a4cc95ed5b) Importer(815301076,1909f56bfc062723c751e8b465ee728b) [PhysX] Initialized MultithreadedTaskDispatcher with 16 workers.
 -> (artifact id: '00000000000000000000000000000000') in 0.001177 seconds
Import Error Code:(4)
Message: Build asset version error: assets/streamingassets/klipik.rez in SourceAssetDB has modification time of '2026-09-10T16:14:09.8371166Z' while content on disk has modification time of '2026-09-10T16:25:03.6141825Z'
  ERROR: Build asset version error: assets/streamingassets/klipik.rez in SourceAssetDB has modification time of '2026-09-10T16:14:09.8371166Z' while content on disk has modification time of '2026-09-10T16:25:03.6141825Z'
Number of updated asset objects reloaded before import = 0
Number of asset objects unloaded after import = 0
========================================================================
Received Import Request.
  Time since last request: 0.000377 seconds.
  path: Assets/StreamingAssets/klipik.rez
  artifactKey: Guid(c6703c17cc9a3ed4c85c64a4cc95ed5b) Importer(815301076,1909f56bfc062723c751e8b465ee728b)
Start importing Assets/StreamingAssets/klipik.rez using Guid(c6703c17cc9a3ed4c85c64a4cc95ed5b) Importer(815301076,1909f56bfc062723c751e8b465ee728b) [PhysX] Initialized MultithreadedTaskDispatcher with 16 workers.
 -> (artifact id: '00000000000000000000000000000000') in 0.001040 seconds
Import Error Code:(4)
Message: Build asset version error: assets/streamingassets/klipik.rez in SourceAssetDB has modification time of '2026-09-10T16:14:09.8371166Z' while content on disk has modification time of '2026-09-10T16:25:03.6141825Z'
  ERROR: Build asset version error: assets/streamingassets/klipik.rez in SourceAssetDB has modification time of '2026-09-10T16:14:09.8371166Z' while content on disk has modification time of '2026-09-10T16:25:03.6141825Z'
Number of updated asset objects reloaded before import = 0
Number of asset objects unloaded after import = 0
========================================================================
Received Import Request.
  Time since last request: 0.011684 seconds.
  path: Assets/StreamingAssets/klipik.rez
  artifactKey: Guid(c6703c17cc9a3ed4c85c64a4cc95ed5b) Importer(815301076,1909f56bfc062723c751e8b465ee728b)
Start importing Assets/StreamingAssets/klipik.rez using Guid(c6703c17cc9a3ed4c85c64a4cc95ed5b) Importer(815301076,1909f56bfc062723c751e8b465ee728b) [PhysX] Initialized MultithreadedTaskDispatcher with 16 workers.
 -> (artifact id: '00000000000000000000000000000000') in 0.001124 seconds
Import Error Code:(4)
Message: Build asset version error: assets/streamingassets/klipik.rez in SourceAssetDB has modification time of '2026-09-10T16:14:09.8371166Z' while content on disk has modification time of '2026-09-10T16:25:03.6141825Z'
  ERROR: Build asset version error: assets/streamingassets/klipik.rez in SourceAssetDB has modification time of '2026-09-10T16:14:09.8371166Z' while content on disk has modification time of '2026-09-10T16:25:03.6141825Z'
Number of updated asset objects reloaded before import = 0
Number of asset objects unloaded after import = 0
========================================================================
Received Import Request.
  Time since last request: 0.000655 seconds.
  path: Assets/StreamingAssets/klipik.rez
  artifactKey: Guid(c6703c17cc9a3ed4c85c64a4cc95ed5b) Importer(815301076,1909f56bfc062723c751e8b465ee728b)
Start importing Assets/StreamingAssets/klipik.rez using Guid(c6703c17cc9a3ed4c85c64a4cc95ed5b) Importer(815301076,1909f56bfc062723c751e8b465ee728b) [PhysX] Initialized MultithreadedTaskDispatcher with 16 workers.
 -> (artifact id: '00000000000000000000000000000000') in 0.001076 seconds
Import Error Code:(4)
Message: Build asset version error: assets/streamingassets/klipik.rez in SourceAssetDB has modification time of '2026-09-10T16:14:09.8371166Z' while content on disk has modification time of '2026-09-10T16:25:03.6141825Z'
  ERROR: Build asset version error: assets/streamingassets/klipik.rez in SourceAssetDB has modification time of '2026-09-10T16:14:09.8371166Z' while content on disk has modification time of '2026-09-10T16:25:03.6141825Z'
Number of updated asset objects reloaded before import = 0
Number of asset objects unloaded after import = 0
========================================================================
Received Import Request.
  Time since last request: 0.010669 seconds.
  path: Assets/StreamingAssets/klipik.rez
  artifactKey: Guid(c6703c17cc9a3ed4c85c64a4cc95ed5b) Importer(815301076,1909f56bfc062723c751e8b465ee728b)
Start importing Assets/StreamingAssets/klipik.rez using Guid(c6703c17cc9a3ed4c85c64a4cc95ed5b) Importer(815301076,1909f56bfc062723c751e8b465ee728b) [PhysX] Initialized MultithreadedTaskDispatcher with 16 workers.
 -> (artifact id: '00000000000000000000000000000000') in 0.001412 seconds
Import Error Code:(4)
Message: Build asset version error: assets/streamingassets/klipik.rez in SourceAssetDB has modification time of '2026-09-10T16:14:09.8371166Z' while content on disk has modification time of '2026-09-10T16:25:03.6141825Z'
  ERROR: Build asset version error: assets/streamingassets/klipik.rez in SourceAssetDB has modification time of '2026-09-10T16:14:09.8371166Z' while content on disk has modification time of '2026-09-10T16:25:03.6141825Z'
Number of updated asset objects reloaded before import = 0
Number of asset objects unloaded after import = 0
========================================================================
Received Import Request.
  Time since last request: 0.012594 seconds.
  path: Assets/StreamingAssets/klipik.rez
  artifactKey: Guid(c6703c17cc9a3ed4c85c64a4cc95ed5b) Importer(815301076,1909f56bfc062723c751e8b465ee728b)
Start importing Assets/StreamingAssets/klipik.rez using Guid(c6703c17cc9a3ed4c85c64a4cc95ed5b) Importer(815301076,1909f56bfc062723c751e8b465ee728b) [PhysX] Initialized MultithreadedTaskDispatcher with 16 workers.
 -> (artifact id: '00000000000000000000000000000000') in 0.001006 seconds
Import Error Code:(4)
Message: Build asset version error: assets/streamingassets/klipik.rez in SourceAssetDB has modification time of '2026-09-10T16:14:09.8371166Z' while content on disk has modification time of '2026-09-10T16:25:03.6141825Z'
  ERROR: Build asset version error: assets/streamingassets/klipik.rez in SourceAssetDB has modification time of '2026-09-10T16:14:09.8371166Z' while content on disk has modification time of '2026-09-10T16:25:03.6141825Z'
Number of updated asset objects reloaded before import = 0
Number of asset objects unloaded after import = 0
========================================================================
Received Import Request.
  Time since last request: 0.001107 seconds.
  path: Assets/StreamingAssets/klipik.rez
  artifactKey: Guid(c6703c17cc9a3ed4c85c64a4cc95ed5b) Importer(815301076,1909f56bfc062723c751e8b465ee728b)
Start importing Assets/StreamingAssets/klipik.rez using Guid(c6703c17cc9a3ed4c85c64a4cc95ed5b) Importer(815301076,1909f56bfc062723c751e8b465ee728b) [PhysX] Initialized MultithreadedTaskDispatcher with 16 workers.
 -> (artifact id: '00000000000000000000000000000000') in 0.001129 seconds
Import Error Code:(4)
Message: Build asset version error: assets/streamingassets/klipik.rez in SourceAssetDB has modification time of '2026-09-10T16:14:09.8371166Z' while content on disk has modification time of '2026-09-10T16:25:03.6141825Z'
  ERROR: Build asset version error: assets/streamingassets/klipik.rez in SourceAssetDB has modification time of '2026-09-10T16:14:09.8371166Z' while content on disk has modification time of '2026-09-10T16:25:03.6141825Z'
Number of updated asset objects reloaded before import = 0
Number of asset objects unloaded after import = 0
========================================================================
Received Import Request.
  Time since last request: 0.011716 seconds.
  path: Assets/StreamingAssets/klipik.rez
  artifactKey: Guid(c6703c17cc9a3ed4c85c64a4cc95ed5b) Importer(815301076,1909f56bfc062723c751e8b465ee728b)
Start importing Assets/StreamingAssets/klipik.rez using Guid(c6703c17cc9a3ed4c85c64a4cc95ed5b) Importer(815301076,1909f56bfc062723c751e8b465ee728b) [PhysX] Initialized MultithreadedTaskDispatcher with 16 workers.
 -> (artifact id: '00000000000000000000000000000000') in 0.001032 seconds
Import Error Code:(4)
Message: Build asset version error: assets/streamingassets/klipik.rez in SourceAssetDB has modification time of '2026-09-10T16:14:09.8371166Z' while content on disk has modification time of '2026-09-10T16:25:03.6141825Z'
  ERROR: Build asset version error: assets/streamingassets/klipik.rez in SourceAssetDB has modification time of '2026-09-10T16:14:09.8371166Z' while content on disk has modification time of '2026-09-10T16:25:03.6141825Z'
Number of updated asset objects reloaded before import = 0
Number of asset objects unloaded after import = 0
========================================================================
Received Import Request.
  Time since last request: 0.000840 seconds.
  path: Assets/StreamingAssets/klipik.rez
  artifactKey: Guid(c6703c17cc9a3ed4c85c64a4cc95ed5b) Importer(815301076,1909f56bfc062723c751e8b465ee728b)
Start importing Assets/StreamingAssets/klipik.rez using Guid(c6703c17cc9a3ed4c85c64a4cc95ed5b) Importer(815301076,1909f56bfc062723c751e8b465ee728b) [PhysX] Initialized MultithreadedTaskDispatcher with 16 workers.
 -> (artifact id: '00000000000000000000000000000000') in 0.001035 seconds
Import Error Code:(4)
Message: Build asset version error: assets/streamingassets/klipik.rez in SourceAssetDB has modification time of '2026-09-10T16:14:09.8371166Z' while content on disk has modification time of '2026-09-10T16:25:03.6141825Z'
  ERROR: Build asset version error: assets/streamingassets/klipik.rez in SourceAssetDB has modification time of '2026-09-10T16:14:09.8371166Z' while content on disk has modification time of '2026-09-10T16:25:03.6141825Z'
Number of updated asset objects reloaded before import = 0
Number of asset objects unloaded after import = 0
========================================================================
Received Import Request.
  Time since last request: 0.013528 seconds.
  path: Assets/StreamingAssets/klipik.rez
  artifactKey: Guid(c6703c17cc9a3ed4c85c64a4cc95ed5b) Importer(815301076,1909f56bfc062723c751e8b465ee728b)
Start importing Assets/StreamingAssets/klipik.rez using Guid(c6703c17cc9a3ed4c85c64a4cc95ed5b) Importer(815301076,1909f56bfc062723c751e8b465ee728b) [PhysX] Initialized MultithreadedTaskDispatcher with 16 workers.
 -> (artifact id: '00000000000000000000000000000000') in 0.001041 seconds
Import Error Code:(4)
Message: Build asset version error: assets/streamingassets/klipik.rez in SourceAssetDB has modification time of '2026-09-10T16:14:09.8371166Z' while content on disk has modification time of '2026-09-10T16:25:03.6141825Z'
  ERROR: Build asset version error: assets/streamingassets/klipik.rez in SourceAssetDB has modification time of '2026-09-10T16:14:09.8371166Z' while content on disk has modification time of '2026-09-10T16:25:03.6141825Z'
Number of updated asset objects reloaded before import = 0
Number of asset objects unloaded after import = 0
========================================================================
Received Import Request.
  Time since last request: 0.001114 seconds.
  path: Assets/StreamingAssets/klipik.rez
  artifactKey: Guid(c6703c17cc9a3ed4c85c64a4cc95ed5b) Importer(815301076,1909f56bfc062723c751e8b465ee728b)
Start importing Assets/StreamingAssets/klipik.rez using Guid(c6703c17cc9a3ed4c85c64a4cc95ed5b) Importer(815301076,1909f56bfc062723c751e8b465ee728b) [PhysX] Initialized MultithreadedTaskDispatcher with 16 workers.
 -> (artifact id: '00000000000000000000000000000000') in 0.001004 seconds
Import Error Code:(4)
Message: Build asset version error: assets/streamingassets/klipik.rez in SourceAssetDB has modification time of '2026-09-10T16:14:09.8371166Z' while content on disk has modification time of '2026-09-10T16:25:03.6141825Z'
  ERROR: Build asset version error: assets/streamingassets/klipik.rez in SourceAssetDB has modification time of '2026-09-10T16:14:09.8371166Z' while content on disk has modification time of '2026-09-10T16:25:03.6141825Z'
Number of updated asset objects reloaded before import = 0
Number of asset objects unloaded after import = 0
========================================================================
Received Import Request.
  Time since last request: 0.012327 seconds.
  path: Assets/StreamingAssets/klipik.rez
  artifactKey: Guid(c6703c17cc9a3ed4c85c64a4cc95ed5b) Importer(815301076,1909f56bfc062723c751e8b465ee728b)
Start importing Assets/StreamingAssets/klipik.rez using Guid(c6703c17cc9a3ed4c85c64a4cc95ed5b) Importer(815301076,1909f56bfc062723c751e8b465ee728b) [PhysX] Initialized MultithreadedTaskDispatcher with 16 workers.
 -> (artifact id: '00000000000000000000000000000000') in 0.001087 seconds
Import Error Code:(4)
Message: Build asset version error: assets/streamingassets/klipik.rez in SourceAssetDB has modification time of '2026-09-10T16:14:09.8371166Z' while content on disk has modification time of '2026-09-10T16:25:03.6141825Z'
  ERROR: Build asset version error: assets/streamingassets/klipik.rez in SourceAssetDB has modification time of '2026-09-10T16:14:09.8371166Z' while content on disk has modification time of '2026-09-10T16:25:03.6141825Z'
Number of updated asset objects reloaded before import = 0
Number of asset objects unloaded after import = 0
========================================================================
Received Import Request.
  Time since last request: 0.012714 seconds.
  path: Assets/StreamingAssets/klipik.rez
  artifactKey: Guid(c6703c17cc9a3ed4c85c64a4cc95ed5b) Importer(815301076,1909f56bfc062723c751e8b465ee728b)
Start importing Assets/StreamingAssets/klipik.rez using Guid(c6703c17cc9a3ed4c85c64a4cc95ed5b) Importer(815301076,1909f56bfc062723c751e8b465ee728b) [PhysX] Initialized MultithreadedTaskDispatcher with 16 workers.
 -> (artifact id: '00000000000000000000000000000000') in 0.001120 seconds
Import Error Code:(4)
Message: Build asset version error: assets/streamingassets/klipik.rez in SourceAssetDB has modification time of '2026-09-10T16:14:09.8371166Z' while content on disk has modification time of '2026-09-10T16:25:03.6141825Z'
  ERROR: Build asset version error: assets/streamingassets/klipik.rez in SourceAssetDB has modification time of '2026-09-10T16:14:09.8371166Z' while content on disk has modification time of '2026-09-10T16:25:03.6141825Z'
Number of updated asset objects reloaded before import = 0
Number of asset objects unloaded after import = 0
========================================================================
Received Import Request.
  Time since last request: 0.012403 seconds.
  path: Assets/StreamingAssets/klipik.rez
  artifactKey: Guid(c6703c17cc9a3ed4c85c64a4cc95ed5b) Importer(815301076,1909f56bfc062723c751e8b465ee728b)
Start importing Assets/StreamingAssets/klipik.rez using Guid(c6703c17cc9a3ed4c85c64a4cc95ed5b) Importer(815301076,1909f56bfc062723c751e8b465ee728b) [PhysX] Initialized MultithreadedTaskDispatcher with 16 workers.
 -> (artifact id: '00000000000000000000000000000000') in 0.001063 seconds
Import Error Code:(4)
Message: Build asset version error: assets/streamingassets/klipik.rez in SourceAssetDB has modification time of '2026-09-10T16:14:09.8371166Z' while content on disk has modification time of '2026-09-10T16:25:03.6141825Z'
  ERROR: Build asset version error: assets/streamingassets/klipik.rez in SourceAssetDB has modification time of '2026-09-10T16:14:09.8371166Z' while content on disk has modification time of '2026-09-10T16:25:03.6141825Z'
Number of updated asset objects reloaded before import = 0
Number of asset objects unloaded after import = 0
========================================================================
Received Import Request.
  Time since last request: 0.013456 seconds.
  path: Assets/StreamingAssets/klipik.rez
  artifactKey: Guid(c6703c17cc9a3ed4c85c64a4cc95ed5b) Importer(815301076,1909f56bfc062723c751e8b465ee728b)
Start importing Assets/StreamingAssets/klipik.rez using Guid(c6703c17cc9a3ed4c85c64a4cc95ed5b) Importer(815301076,1909f56bfc062723c751e8b465ee728b) [PhysX] Initialized MultithreadedTaskDispatcher with 16 workers.
 -> (artifact id: '00000000000000000000000000000000') in 0.001113 seconds
Import Error Code:(4)
Message: Build asset version error: assets/streamingassets/klipik.rez in SourceAssetDB has modification time of '2026-09-10T16:14:09.8371166Z' while content on disk has modification time of '2026-09-10T16:25:03.6141825Z'
  ERROR: Build asset version error: assets/streamingassets/klipik.rez in SourceAssetDB has modification time of '2026-09-10T16:14:09.8371166Z' while content on disk has modification time of '2026-09-10T16:25:03.6141825Z'
Number of updated asset objects reloaded before import = 0
Number of asset objects unloaded after import = 0
========================================================================
Received Import Request.
  Time since last request: 0.013951 seconds.
  path: Assets/StreamingAssets/klipik.rez
  artifactKey: Guid(c6703c17cc9a3ed4c85c64a4cc95ed5b) Importer(815301076,1909f56bfc062723c751e8b465ee728b)
Start importing Assets/StreamingAssets/klipik.rez using Guid(c6703c17cc9a3ed4c85c64a4cc95ed5b) Importer(815301076,1909f56bfc062723c751e8b465ee728b) [PhysX] Initialized MultithreadedTaskDispatcher with 16 workers.
 -> (artifact id: '00000000000000000000000000000000') in 0.001105 seconds
Import Error Code:(4)
Message: Build asset version error: assets/streamingassets/klipik.rez in SourceAssetDB has modification time of '2026-09-10T16:14:09.8371166Z' while content on disk has modification time of '2026-09-10T16:25:03.6141825Z'
  ERROR: Build asset version error: assets/streamingassets/klipik.rez in SourceAssetDB has modification time of '2026-09-10T16:14:09.8371166Z' while content on disk has modification time of '2026-09-10T16:25:03.6141825Z'
Number of updated asset objects reloaded before import = 0
Number of asset objects unloaded after import = 0
========================================================================
Received Import Request.
  Time since last request: 0.011681 seconds.
  path: Assets/StreamingAssets/klipik.rez
  artifactKey: Guid(c6703c17cc9a3ed4c85c64a4cc95ed5b) Importer(815301076,1909f56bfc062723c751e8b465ee728b)
Start importing Assets/StreamingAssets/klipik.rez using Guid(c6703c17cc9a3ed4c85c64a4cc95ed5b) Importer(815301076,1909f56bfc062723c751e8b465ee728b) [PhysX] Initialized MultithreadedTaskDispatcher with 16 workers.
 -> (artifact id: '00000000000000000000000000000000') in 0.001053 seconds
Import Error Code:(4)
Message: Build asset version error: assets/streamingassets/klipik.rez in SourceAssetDB has modification time of '2026-09-10T16:14:09.8371166Z' while content on disk has modification time of '2026-09-10T16:25:03.6141825Z'
  ERROR: Build asset version error: assets/streamingassets/klipik.rez in SourceAssetDB has modification time of '2026-09-10T16:14:09.8371166Z' while content on disk has modification time of '2026-09-10T16:25:03.6141825Z'
Number of updated asset objects reloaded before import = 0
Number of asset objects unloaded after import = 0
========================================================================
Received Import Request.
  Time since last request: 0.012204 seconds.
  path: Assets/StreamingAssets/klipik.rez
  artifactKey: Guid(c6703c17cc9a3ed4c85c64a4cc95ed5b) Importer(815301076,1909f56bfc062723c751e8b465ee728b)
Start importing Assets/StreamingAssets/klipik.rez using Guid(c6703c17cc9a3ed4c85c64a4cc95ed5b) Importer(815301076,1909f56bfc062723c751e8b465ee728b) [PhysX] Initialized MultithreadedTaskDispatcher with 16 workers.
 -> (artifact id: '00000000000000000000000000000000') in 0.001035 seconds
Import Error Code:(4)
Message: Build asset version error: assets/streamingassets/klipik.rez in SourceAssetDB has modification time of '2026-09-10T16:14:09.8371166Z' while content on disk has modification time of '2026-09-10T16:25:03.6141825Z'
  ERROR: Build asset version error: assets/streamingassets/klipik.rez in SourceAssetDB has modification time of '2026-09-10T16:14:09.8371166Z' while content on disk has modification time of '2026-09-10T16:25:03.6141825Z'
Number of updated asset objects reloaded before import = 0
Number of asset objects unloaded after import = 0
========================================================================
Received Import Request.
  Time since last request: 0.012195 seconds.
  path: Assets/StreamingAssets/klipik.rez
  artifactKey: Guid(c6703c17cc9a3ed4c85c64a4cc95ed5b) Importer(815301076,1909f56bfc062723c751e8b465ee728b)
Start importing Assets/StreamingAssets/klipik.rez using Guid(c6703c17cc9a3ed4c85c64a4cc95ed5b) Importer(815301076,1909f56bfc062723c751e8b465ee728b) [PhysX] Initialized MultithreadedTaskDispatcher with 16 workers.
 -> (artifact id: '00000000000000000000000000000000') in 0.001004 seconds
Import Error Code:(4)
Message: Build asset version error: assets/streamingassets/klipik.rez in SourceAssetDB has modification time of '2026-09-10T16:14:09.8371166Z' while content on disk has modification time of '2026-09-10T16:25:03.6141825Z'
  ERROR: Build asset version error: assets/streamingassets/klipik.rez in SourceAssetDB has modification time of '2026-09-10T16:14:09.8371166Z' while content on disk has modification time of '2026-09-10T16:25:03.6141825Z'
Number of updated asset objects reloaded before import = 0
Number of asset objects unloaded after import = 0
========================================================================
Received Import Request.
  Time since last request: 0.010953 seconds.
  path: Assets/StreamingAssets/klipik.rez
  artifactKey: Guid(c6703c17cc9a3ed4c85c64a4cc95ed5b) Importer(815301076,1909f56bfc062723c751e8b465ee728b)
Start importing Assets/StreamingAssets/klipik.rez using Guid(c6703c17cc9a3ed4c85c64a4cc95ed5b) Importer(815301076,1909f56bfc062723c751e8b465ee728b) [PhysX] Initialized MultithreadedTaskDispatcher with 16 workers.
 -> (artifact id: '00000000000000000000000000000000') in 0.001127 seconds
Import Error Code:(4)
Message: Build asset version error: assets/streamingassets/klipik.rez in SourceAssetDB has modification time of '2026-09-10T16:14:09.8371166Z' while content on disk has modification time of '2026-09-10T16:25:03.6141825Z'
  ERROR: Build asset version error: assets/streamingassets/klipik.rez in SourceAssetDB has modification time of '2026-09-10T16:14:09.8371166Z' while content on disk has modification time of '2026-09-10T16:25:03.6141825Z'
Number of updated asset objects reloaded before import = 0
Number of asset objects unloaded after import = 0
========================================================================
Received Import Request.
  Time since last request: 0.012956 seconds.
  path: Assets/StreamingAssets/klipik.rez
  artifactKey: Guid(c6703c17cc9a3ed4c85c64a4cc95ed5b) Importer(815301076,1909f56bfc062723c751e8b465ee728b)
Start importing Assets/StreamingAssets/klipik.rez using Guid(c6703c17cc9a3ed4c85c64a4cc95ed5b) Importer(815301076,1909f56bfc062723c751e8b465ee728b) [PhysX] Initialized MultithreadedTaskDispatcher with 16 workers.
 -> (artifact id: '00000000000000000000000000000000') in 0.001092 seconds
Import Error Code:(4)
Message: Build asset version error: assets/streamingassets/klipik.rez in SourceAssetDB has modification time of '2026-09-10T16:14:09.8371166Z' while content on disk has modification time of '2026-09-10T16:25:03.6141825Z'
  ERROR: Build asset version error: assets/streamingassets/klipik.rez in SourceAssetDB has modification time of '2026-09-10T16:14:09.8371166Z' while content on disk has modification time of '2026-09-10T16:25:03.6141825Z'
Number of updated asset objects reloaded before import = 0
Number of asset objects unloaded after import = 0
========================================================================
Received Import Request.
  Time since last request: 0.012116 seconds.
  path: Assets/StreamingAssets/klipik.rez
  artifactKey: Guid(c6703c17cc9a3ed4c85c64a4cc95ed5b) Importer(815301076,1909f56bfc062723c751e8b465ee728b)
Start importing Assets/StreamingAssets/klipik.rez using Guid(c6703c17cc9a3ed4c85c64a4cc95ed5b) Importer(815301076,1909f56bfc062723c751e8b465ee728b) [PhysX] Initialized MultithreadedTaskDispatcher with 16 workers.
 -> (artifact id: '00000000000000000000000000000000') in 0.001212 seconds
Import Error Code:(4)
Message: Build asset version error: assets/streamingassets/klipik.rez in SourceAssetDB has modification time of '2026-09-10T16:14:09.8371166Z' while content on disk has modification time of '2026-09-10T16:25:03.6141825Z'
  ERROR: Build asset version error: assets/streamingassets/klipik.rez in SourceAssetDB has modification time of '2026-09-10T16:14:09.8371166Z' while content on disk has modification time of '2026-09-10T16:25:03.6141825Z'
Number of updated asset objects reloaded before import = 0
Number of asset objects unloaded after import = 0
========================================================================
Received Import Request.
  Time since last request: 0.001603 seconds.
  path: Assets/StreamingAssets/klipik.rez
  artifactKey: Guid(c6703c17cc9a3ed4c85c64a4cc95ed5b) Importer(815301076,1909f56bfc062723c751e8b465ee728b)
Start importing Assets/StreamingAssets/klipik.rez using Guid(c6703c17cc9a3ed4c85c64a4cc95ed5b) Importer(815301076,1909f56bfc062723c751e8b465ee728b) [PhysX] Initialized MultithreadedTaskDispatcher with 16 workers.
 -> (artifact id: '00000000000000000000000000000000') in 0.001055 seconds
Import Error Code:(4)
Message: Build asset version error: assets/streamingassets/klipik.rez in SourceAssetDB has modification time of '2026-09-10T16:14:09.8371166Z' while content on disk has modification time of '2026-09-10T16:25:03.6141825Z'
  ERROR: Build asset version error: assets/streamingassets/klipik.rez in SourceAssetDB has modification time of '2026-09-10T16:14:09.8371166Z' while content on disk has modification time of '2026-09-10T16:25:03.6141825Z'
Number of updated asset objects reloaded before import = 0
Number of asset objects unloaded after import = 0
========================================================================
Received Import Request.
  Time since last request: 0.000477 seconds.
  path: Assets/StreamingAssets/klipik.rez
  artifactKey: Guid(c6703c17cc9a3ed4c85c64a4cc95ed5b) Importer(815301076,1909f56bfc062723c751e8b465ee728b)
Start importing Assets/StreamingAssets/klipik.rez using Guid(c6703c17cc9a3ed4c85c64a4cc95ed5b) Importer(815301076,1909f56bfc062723c751e8b465ee728b) [PhysX] Initialized MultithreadedTaskDispatcher with 16 workers.
 -> (artifact id: '00000000000000000000000000000000') in 0.001067 seconds
Import Error Code:(4)
Message: Build asset version error: assets/streamingassets/klipik.rez in SourceAssetDB has modification time of '2026-09-10T16:14:09.8371166Z' while content on disk has modification time of '2026-09-10T16:25:03.6141825Z'
  ERROR: Build asset version error: assets/streamingassets/klipik.rez in SourceAssetDB has modification time of '2026-09-10T16:14:09.8371166Z' while content on disk has modification time of '2026-09-10T16:25:03.6141825Z'
Number of updated asset objects reloaded before import = 0
Number of asset objects unloaded after import = 0
========================================================================
Received Import Request.
  Time since last request: 0.000495 seconds.
  path: Assets/StreamingAssets/klipik.rez
  artifactKey: Guid(c6703c17cc9a3ed4c85c64a4cc95ed5b) Importer(815301076,1909f56bfc062723c751e8b465ee728b)
Start importing Assets/StreamingAssets/klipik.rez using Guid(c6703c17cc9a3ed4c85c64a4cc95ed5b) Importer(815301076,1909f56bfc062723c751e8b465ee728b) [PhysX] Initialized MultithreadedTaskDispatcher with 16 workers.
 -> (artifact id: '00000000000000000000000000000000') in 0.001401 seconds
Import Error Code:(4)
Message: Build asset version error: assets/streamingassets/klipik.rez in SourceAssetDB has modification time of '2026-09-10T16:14:09.8371166Z' while content on disk has modification time of '2026-09-10T16:25:03.6141825Z'
  ERROR: Build asset version error: assets/streamingassets/klipik.rez in SourceAssetDB has modification time of '2026-09-10T16:14:09.8371166Z' while content on disk has modification time of '2026-09-10T16:25:03.6141825Z'
Number of updated asset objects reloaded before import = 0
Number of asset objects unloaded after import = 0
========================================================================
Received Import Request.
  Time since last request: 0.000697 seconds.
  path: Assets/StreamingAssets/klipik.rez
  artifactKey: Guid(c6703c17cc9a3ed4c85c64a4cc95ed5b) Importer(815301076,1909f56bfc062723c751e8b465ee728b)
Start importing Assets/StreamingAssets/klipik.rez using Guid(c6703c17cc9a3ed4c85c64a4cc95ed5b) Importer(815301076,1909f56bfc062723c751e8b465ee728b) [PhysX] Initialized MultithreadedTaskDispatcher with 16 workers.
 -> (artifact id: '00000000000000000000000000000000') in 0.001101 seconds
Import Error Code:(4)
Message: Build asset version error: assets/streamingassets/klipik.rez in SourceAssetDB has modification time of '2026-09-10T16:14:09.8371166Z' while content on disk has modification time of '2026-09-10T16:25:03.6141825Z'
  ERROR: Build asset version error: assets/streamingassets/klipik.rez in SourceAssetDB has modification time of '2026-09-10T16:14:09.8371166Z' while content on disk has modification time of '2026-09-10T16:25:03.6141825Z'
Number of updated asset objects reloaded before import = 0
Number of asset objects unloaded after import = 0
========================================================================
Received Import Request.
  Time since last request: 0.012554 seconds.
  path: Assets/StreamingAssets/klipik.rez
  artifactKey: Guid(c6703c17cc9a3ed4c85c64a4cc95ed5b) Importer(815301076,1909f56bfc062723c751e8b465ee728b)
Start importing Assets/StreamingAssets/klipik.rez using Guid(c6703c17cc9a3ed4c85c64a4cc95ed5b) Importer(815301076,1909f56bfc062723c751e8b465ee728b) [PhysX] Initialized MultithreadedTaskDispatcher with 16 workers.
 -> (artifact id: '00000000000000000000000000000000') in 0.001035 seconds
Import Error Code:(4)
Message: Build asset version error: assets/streamingassets/klipik.rez in SourceAssetDB has modification time of '2026-09-10T16:14:09.8371166Z' while content on disk has modification time of '2026-09-10T16:25:03.6141825Z'
  ERROR: Build asset version error: assets/streamingassets/klipik.rez in SourceAssetDB has modification time of '2026-09-10T16:14:09.8371166Z' while content on disk has modification time of '2026-09-10T16:25:03.6141825Z'
Number of updated asset objects reloaded before import = 0
Number of asset objects unloaded after import = 0
========================================================================
Received Import Request.
  Time since last request: 0.012950 seconds.
  path: Assets/StreamingAssets/klipik.rez
  artifactKey: Guid(c6703c17cc9a3ed4c85c64a4cc95ed5b) Importer(815301076,1909f56bfc062723c751e8b465ee728b)
Start importing Assets/StreamingAssets/klipik.rez using Guid(c6703c17cc9a3ed4c85c64a4cc95ed5b) Importer(815301076,1909f56bfc062723c751e8b465ee728b) [PhysX] Initialized MultithreadedTaskDispatcher with 16 workers.
 -> (artifact id: '00000000000000000000000000000000') in 0.001422 seconds
Import Error Code:(4)
Message: Build asset version error: assets/streamingassets/klipik.rez in SourceAssetDB has modification time of '2026-09-10T16:14:09.8371166Z' while content on disk has modification time of '2026-09-10T16:25:03.6141825Z'
  ERROR: Build asset version error: assets/streamingassets/klipik.rez in SourceAssetDB has modification time of '2026-09-10T16:14:09.8371166Z' while content on disk has modification time of '2026-09-10T16:25:03.6141825Z'
Number of updated asset objects reloaded before import = 0
Number of asset objects unloaded after import = 0
========================================================================
Received Import Request.
  Time since last request: 0.000775 seconds.
  path: Assets/StreamingAssets/klipik.rez
  artifactKey: Guid(c6703c17cc9a3ed4c85c64a4cc95ed5b) Importer(815301076,1909f56bfc062723c751e8b465ee728b)
Start importing Assets/StreamingAssets/klipik.rez using Guid(c6703c17cc9a3ed4c85c64a4cc95ed5b) Importer(815301076,1909f56bfc062723c751e8b465ee728b) [PhysX] Initialized MultithreadedTaskDispatcher with 16 workers.
 -> (artifact id: '00000000000000000000000000000000') in 0.001245 seconds
Import Error Code:(4)
Message: Build asset version error: assets/streamingassets/klipik.rez in SourceAssetDB has modification time of '2026-09-10T16:14:09.8371166Z' while content on disk has modification time of '2026-09-10T16:25:03.6141825Z'
  ERROR: Build asset version error: assets/streamingassets/klipik.rez in SourceAssetDB has modification time of '2026-09-10T16:14:09.8371166Z' while content on disk has modification time of '2026-09-10T16:25:03.6141825Z'
Number of updated asset objects reloaded before import = 0
Number of asset objects unloaded after import = 0
========================================================================
Received Import Request.
  Time since last request: 0.000928 seconds.
  path: Assets/StreamingAssets/klipik.rez
  artifactKey: Guid(c6703c17cc9a3ed4c85c64a4cc95ed5b) Importer(815301076,1909f56bfc062723c751e8b465ee728b)
Start importing Assets/StreamingAssets/klipik.rez using Guid(c6703c17cc9a3ed4c85c64a4cc95ed5b) Importer(815301076,1909f56bfc062723c751e8b465ee728b) [PhysX] Initialized MultithreadedTaskDispatcher with 16 workers.
 -> (artifact id: '00000000000000000000000000000000') in 0.001098 seconds
Import Error Code:(4)
Message: Build asset version error: assets/streamingassets/klipik.rez in SourceAssetDB has modification time of '2026-09-10T16:14:09.8371166Z' while content on disk has modification time of '2026-09-10T16:25:03.6141825Z'
  ERROR: Build asset version error: assets/streamingassets/klipik.rez in SourceAssetDB has modification time of '2026-09-10T16:14:09.8371166Z' while content on disk has modification time of '2026-09-10T16:25:03.6141825Z'
Number of updated asset objects reloaded before import = 0
Number of asset objects unloaded after import = 0
========================================================================
Received Import Request.
  Time since last request: 0.014137 seconds.
  path: Assets/StreamingAssets/klipik.rez
  artifactKey: Guid(c6703c17cc9a3ed4c85c64a4cc95ed5b) Importer(815301076,1909f56bfc062723c751e8b465ee728b)
Start importing Assets/StreamingAssets/klipik.rez using Guid(c6703c17cc9a3ed4c85c64a4cc95ed5b) Importer(815301076,1909f56bfc062723c751e8b465ee728b) [PhysX] Initialized MultithreadedTaskDispatcher with 16 workers.
 -> (artifact id: '00000000000000000000000000000000') in 0.001336 seconds
Import Error Code:(4)
Message: Build asset version error: assets/streamingassets/klipik.rez in SourceAssetDB has modification time of '2026-09-10T16:14:09.8371166Z' while content on disk has modification time of '2026-09-10T16:25:03.6141825Z'
  ERROR: Build asset version error: assets/streamingassets/klipik.rez in SourceAssetDB has modification time of '2026-09-10T16:14:09.8371166Z' while content on disk has modification time of '2026-09-10T16:25:03.6141825Z'
Number of updated asset objects reloaded before import = 0
Number of asset objects unloaded after import = 0
========================================================================
Received Import Request.
  Time since last request: 0.000634 seconds.
  path: Assets/StreamingAssets/klipik.rez
  artifactKey: Guid(c6703c17cc9a3ed4c85c64a4cc95ed5b) Importer(815301076,1909f56bfc062723c751e8b465ee728b)
Start importing Assets/StreamingAssets/klipik.rez using Guid(c6703c17cc9a3ed4c85c64a4cc95ed5b) Importer(815301076,1909f56bfc062723c751e8b465ee728b) [PhysX] Initialized MultithreadedTaskDispatcher with 16 workers.
 -> (artifact id: '00000000000000000000000000000000') in 0.001267 seconds
Import Error Code:(4)
Message: Build asset version error: assets/streamingassets/klipik.rez in SourceAssetDB has modification time of '2026-09-10T16:14:09.8371166Z' while content on disk has modification time of '2026-09-10T16:25:03.6141825Z'
  ERROR: Build asset version error: assets/streamingassets/klipik.rez in SourceAssetDB has modification time of '2026-09-10T16:14:09.8371166Z' while content on disk has modification time of '2026-09-10T16:25:03.6141825Z'
Number of updated asset objects reloaded before import = 0
Number of asset objects unloaded after import = 0
========================================================================
Received Import Request.
  Time since last request: 0.000532 seconds.
  path: Assets/StreamingAssets/klipik.rez
  artifactKey: Guid(c6703c17cc9a3ed4c85c64a4cc95ed5b) Importer(815301076,1909f56bfc062723c751e8b465ee728b)
Start importing Assets/StreamingAssets/klipik.rez using Guid(c6703c17cc9a3ed4c85c64a4cc95ed5b) Importer(815301076,1909f56bfc062723c751e8b465ee728b) [PhysX] Initialized MultithreadedTaskDispatcher with 16 workers.
 -> (artifact id: '00000000000000000000000000000000') in 0.001280 seconds
Import Error Code:(4)
Message: Build asset version error: assets/streamingassets/klipik.rez in SourceAssetDB has modification time of '2026-09-10T16:14:09.8371166Z' while content on disk has modification time of '2026-09-10T16:25:03.6141825Z'
  ERROR: Build asset version error: assets/streamingassets/klipik.rez in SourceAssetDB has modification time of '2026-09-10T16:14:09.8371166Z' while content on disk has modification time of '2026-09-10T16:25:03.6141825Z'
Number of updated asset objects reloaded before import = 0
Number of asset objects unloaded after import = 0
========================================================================
Received Import Request.
  Time since last request: 0.000979 seconds.
  path: Assets/StreamingAssets/klipik.rez
  artifactKey: Guid(c6703c17cc9a3ed4c85c64a4cc95ed5b) Importer(815301076,1909f56bfc062723c751e8b465ee728b)
Start importing Assets/StreamingAssets/klipik.rez using Guid(c6703c17cc9a3ed4c85c64a4cc95ed5b) Importer(815301076,1909f56bfc062723c751e8b465ee728b) [PhysX] Initialized MultithreadedTaskDispatcher with 16 workers.
 -> (artifact id: '00000000000000000000000000000000') in 0.001212 seconds
Import Error Code:(4)
Message: Build asset version error: assets/streamingassets/klipik.rez in SourceAssetDB has modification time of '2026-09-10T16:14:09.8371166Z' while content on disk has modification time of '2026-09-10T16:25:03.6141825Z'
  ERROR: Build asset version error: assets/streamingassets/klipik.rez in SourceAssetDB has modification time of '2026-09-10T16:14:09.8371166Z' while content on disk has modification time of '2026-09-10T16:25:03.6141825Z'
Number of updated asset objects reloaded before import = 0
Number of asset objects unloaded after import = 0
========================================================================
Received Import Request.
  Time since last request: 0.012548 seconds.
  path: Assets/StreamingAssets/klipik.rez
  artifactKey: Guid(c6703c17cc9a3ed4c85c64a4cc95ed5b) Importer(815301076,1909f56bfc062723c751e8b465ee728b)
Start importing Assets/StreamingAssets/klipik.rez using Guid(c6703c17cc9a3ed4c85c64a4cc95ed5b) Importer(815301076,1909f56bfc062723c751e8b465ee728b) [PhysX] Initialized MultithreadedTaskDispatcher with 16 workers.
 -> (artifact id: '00000000000000000000000000000000') in 0.001091 seconds
Import Error Code:(4)
Message: Build asset version error: assets/streamingassets/klipik.rez in SourceAssetDB has modification time of '2026-09-10T16:14:09.8371166Z' while content on disk has modification time of '2026-09-10T16:25:03.6141825Z'
  ERROR: Build asset version error: assets/streamingassets/klipik.rez in SourceAssetDB has modification time of '2026-09-10T16:14:09.8371166Z' while content on disk has modification time of '2026-09-10T16:25:03.6141825Z'
Number of updated asset objects reloaded before import = 0
Number of asset objects unloaded after import = 0
========================================================================
Received Import Request.
  Time since last request: 0.013545 seconds.
  path: Assets/StreamingAssets/klipik.rez
  artifactKey: Guid(c6703c17cc9a3ed4c85c64a4cc95ed5b) Importer(815301076,1909f56bfc062723c751e8b465ee728b)
Start importing Assets/StreamingAssets/klipik.rez using Guid(c6703c17cc9a3ed4c85c64a4cc95ed5b) Importer(815301076,1909f56bfc062723c751e8b465ee728b) [PhysX] Initialized MultithreadedTaskDispatcher with 16 workers.
 -> (artifact id: '00000000000000000000000000000000') in 0.001150 seconds
Import Error Code:(4)
Message: Build asset version error: assets/streamingassets/klipik.rez in SourceAssetDB has modification time of '2026-09-10T16:14:09.8371166Z' while content on disk has modification time of '2026-09-10T16:25:03.6141825Z'
  ERROR: Build asset version error: assets/streamingassets/klipik.rez in SourceAssetDB has modification time of '2026-09-10T16:14:09.8371166Z' while content on disk has modification time of '2026-09-10T16:25:03.6141825Z'
Number of updated asset objects reloaded before import = 0
Number of asset objects unloaded after import = 0
========================================================================
Received Import Request.
  Time since last request: 0.014986 seconds.
  path: Assets/StreamingAssets/klipik.rez
  artifactKey: Guid(c6703c17cc9a3ed4c85c64a4cc95ed5b) Importer(815301076,1909f56bfc062723c751e8b465ee728b)
Start importing Assets/StreamingAssets/klipik.rez using Guid(c6703c17cc9a3ed4c85c64a4cc95ed5b) Importer(815301076,1909f56bfc062723c751e8b465ee728b) [PhysX] Initialized MultithreadedTaskDispatcher with 16 workers.
 -> (artifact id: '00000000000000000000000000000000') in 0.001087 seconds
Import Error Code:(4)
Message: Build asset version error: assets/streamingassets/klipik.rez in SourceAssetDB has modification time of '2026-09-10T16:14:09.8371166Z' while content on disk has modification time of '2026-09-10T16:25:03.6141825Z'
  ERROR: Build asset version error: assets/streamingassets/klipik.rez in SourceAssetDB has modification time of '2026-09-10T16:14:09.8371166Z' while content on disk has modification time of '2026-09-10T16:25:03.6141825Z'
Number of updated asset objects reloaded before import = 0
Number of asset objects unloaded after import = 0
========================================================================
Received Import Request.
  Time since last request: 0.000483 seconds.
  path: Assets/StreamingAssets/klipik.rez
  artifactKey: Guid(c6703c17cc9a3ed4c85c64a4cc95ed5b) Importer(815301076,1909f56bfc062723c751e8b465ee728b)
Start importing Assets/StreamingAssets/klipik.rez using Guid(c6703c17cc9a3ed4c85c64a4cc95ed5b) Importer(815301076,1909f56bfc062723c751e8b465ee728b) [PhysX] Initialized MultithreadedTaskDispatcher with 16 workers.
 -> (artifact id: '00000000000000000000000000000000') in 0.001062 seconds
Import Error Code:(4)
Message: Build asset version error: assets/streamingassets/klipik.rez in SourceAssetDB has modification time of '2026-09-10T16:14:09.8371166Z' while content on disk has modification time of '2026-09-10T16:25:03.6141825Z'
  ERROR: Build asset version error: assets/streamingassets/klipik.rez in SourceAssetDB has modification time of '2026-09-10T16:14:09.8371166Z' while content on disk has modification time of '2026-09-10T16:25:03.6141825Z'
Number of updated asset objects reloaded before import = 0
Number of asset objects unloaded after import = 0
========================================================================
Received Import Request.
  Time since last request: 0.013287 seconds.
  path: Assets/StreamingAssets/klipik.rez
  artifactKey: Guid(c6703c17cc9a3ed4c85c64a4cc95ed5b) Importer(815301076,1909f56bfc062723c751e8b465ee728b)
Start importing Assets/StreamingAssets/klipik.rez using Guid(c6703c17cc9a3ed4c85c64a4cc95ed5b) Importer(815301076,1909f56bfc062723c751e8b465ee728b) [PhysX] Initialized MultithreadedTaskDispatcher with 16 workers.
 -> (artifact id: '00000000000000000000000000000000') in 0.001248 seconds
Import Error Code:(4)
Message: Build asset version error: assets/streamingassets/klipik.rez in SourceAssetDB has modification time of '2026-09-10T16:14:09.8371166Z' while content on disk has modification time of '2026-09-10T16:25:03.6141825Z'
  ERROR: Build asset version error: assets/streamingassets/klipik.rez in SourceAssetDB has modification time of '2026-09-10T16:14:09.8371166Z' while content on disk has modification time of '2026-09-10T16:25:03.6141825Z'
Number of updated asset objects reloaded before import = 0
Number of asset objects unloaded after import = 0
========================================================================
Received Import Request.
  Time since last request: 0.013683 seconds.
  path: Assets/StreamingAssets/klipik.rez
  artifactKey: Guid(c6703c17cc9a3ed4c85c64a4cc95ed5b) Importer(815301076,1909f56bfc062723c751e8b465ee728b)
Start importing Assets/StreamingAssets/klipik.rez using Guid(c6703c17cc9a3ed4c85c64a4cc95ed5b) Importer(815301076,1909f56bfc062723c751e8b465ee728b) [PhysX] Initialized MultithreadedTaskDispatcher with 16 workers.
 -> (artifact id: '00000000000000000000000000000000') in 0.001099 seconds
Import Error Code:(4)
Message: Build asset version error: assets/streamingassets/klipik.rez in SourceAssetDB has modification time of '2026-09-10T16:14:09.8371166Z' while content on disk has modification time of '2026-09-10T16:25:03.6141825Z'
  ERROR: Build asset version error: assets/streamingassets/klipik.rez in SourceAssetDB has modification time of '2026-09-10T16:14:09.8371166Z' while content on disk has modification time of '2026-09-10T16:25:03.6141825Z'
Number of updated asset objects reloaded before import = 0
Number of asset objects unloaded after import = 0
========================================================================
Received Import Request.
  Time since last request: 0.000755 seconds.
  path: Assets/StreamingAssets/klipik.rez
  artifactKey: Guid(c6703c17cc9a3ed4c85c64a4cc95ed5b) Importer(815301076,1909f56bfc062723c751e8b465ee728b)
Start importing Assets/StreamingAssets/klipik.rez using Guid(c6703c17cc9a3ed4c85c64a4cc95ed5b) Importer(815301076,1909f56bfc062723c751e8b465ee728b) [PhysX] Initialized MultithreadedTaskDispatcher with 16 workers.
 -> (artifact id: '00000000000000000000000000000000') in 0.001042 seconds
Import Error Code:(4)
Message: Build asset version error: assets/streamingassets/klipik.rez in SourceAssetDB has modification time of '2026-09-10T16:14:09.8371166Z' while content on disk has modification time of '2026-09-10T16:25:03.6141825Z'
  ERROR: Build asset version error: assets/streamingassets/klipik.rez in SourceAssetDB has modification time of '2026-09-10T16:14:09.8371166Z' while content on disk has modification time of '2026-09-10T16:25:03.6141825Z'
Number of updated asset objects reloaded before import = 0
Number of asset objects unloaded after import = 0
========================================================================
Received Import Request.
  Time since last request: 0.013286 seconds.
  path: Assets/StreamingAssets/klipik.rez
  artifactKey: Guid(c6703c17cc9a3ed4c85c64a4cc95ed5b) Importer(815301076,1909f56bfc062723c751e8b465ee728b)
Start importing Assets/StreamingAssets/klipik.rez using Guid(c6703c17cc9a3ed4c85c64a4cc95ed5b) Importer(815301076,1909f56bfc062723c751e8b465ee728b) [PhysX] Initialized MultithreadedTaskDispatcher with 16 workers.
 -> (artifact id: '00000000000000000000000000000000') in 0.001025 seconds
Import Error Code:(4)
Message: Build asset version error: assets/streamingassets/klipik.rez in SourceAssetDB has modification time of '2026-09-10T16:14:09.8371166Z' while content on disk has modification time of '2026-09-10T16:25:03.6141825Z'
  ERROR: Build asset version error: assets/streamingassets/klipik.rez in SourceAssetDB has modification time of '2026-09-10T16:14:09.8371166Z' while content on disk has modification time of '2026-09-10T16:25:03.6141825Z'
Number of updated asset objects reloaded before import = 0
Number of asset objects unloaded after import = 0
========================================================================
Received Import Request.
  Time since last request: 0.011718 seconds.
  path: Assets/StreamingAssets/klipik.rez
  artifactKey: Guid(c6703c17cc9a3ed4c85c64a4cc95ed5b) Importer(815301076,1909f56bfc062723c751e8b465ee728b)
Start importing Assets/StreamingAssets/klipik.rez using Guid(c6703c17cc9a3ed4c85c64a4cc95ed5b) Importer(815301076,1909f56bfc062723c751e8b465ee728b) [PhysX] Initialized MultithreadedTaskDispatcher with 16 workers.
 -> (artifact id: '00000000000000000000000000000000') in 0.001259 seconds
Import Error Code:(4)
Message: Build asset version error: assets/streamingassets/klipik.rez in SourceAssetDB has modification time of '2026-09-10T16:14:09.8371166Z' while content on disk has modification time of '2026-09-10T16:25:03.6141825Z'
  ERROR: Build asset version error: assets/streamingassets/klipik.rez in SourceAssetDB has modification time of '2026-09-10T16:14:09.8371166Z' while content on disk has modification time of '2026-09-10T16:25:03.6141825Z'
Number of updated asset objects reloaded before import = 0
Number of asset objects unloaded after import = 0
========================================================================
Received Import Request.
  Time since last request: 0.000451 seconds.
  path: Assets/StreamingAssets/klipik.rez
  artifactKey: Guid(c6703c17cc9a3ed4c85c64a4cc95ed5b) Importer(815301076,1909f56bfc062723c751e8b465ee728b)
Start importing Assets/StreamingAssets/klipik.rez using Guid(c6703c17cc9a3ed4c85c64a4cc95ed5b) Importer(815301076,1909f56bfc062723c751e8b465ee728b) [PhysX] Initialized MultithreadedTaskDispatcher with 16 workers.
 -> (artifact id: '00000000000000000000000000000000') in 0.001071 seconds
Import Error Code:(4)
Message: Build asset version error: assets/streamingassets/klipik.rez in SourceAssetDB has modification time of '2026-09-10T16:14:09.8371166Z' while content on disk has modification time of '2026-09-10T16:25:03.6141825Z'
  ERROR: Build asset version error: assets/streamingassets/klipik.rez in SourceAssetDB has modification time of '2026-09-10T16:14:09.8371166Z' while content on disk has modification time of '2026-09-10T16:25:03.6141825Z'
Number of updated asset objects reloaded before import = 0
Number of asset objects unloaded after import = 0
========================================================================
Received Import Request.
  Time since last request: 0.011665 seconds.
  path: Assets/StreamingAssets/klipik.rez
  artifactKey: Guid(c6703c17cc9a3ed4c85c64a4cc95ed5b) Importer(815301076,1909f56bfc062723c751e8b465ee728b)
Start importing Assets/StreamingAssets/klipik.rez using Guid(c6703c17cc9a3ed4c85c64a4cc95ed5b) Importer(815301076,1909f56bfc062723c751e8b465ee728b) [PhysX] Initialized MultithreadedTaskDispatcher with 16 workers.
 -> (artifact id: '00000000000000000000000000000000') in 0.001335 seconds
Import Error Code:(4)
Message: Build asset version error: assets/streamingassets/klipik.rez in SourceAssetDB has modification time of '2026-09-10T16:14:09.8371166Z' while content on disk has modification time of '2026-09-10T16:25:03.6141825Z'
  ERROR: Build asset version error: assets/streamingassets/klipik.rez in SourceAssetDB has modification time of '2026-09-10T16:14:09.8371166Z' while content on disk has modification time of '2026-09-10T16:25:03.6141825Z'
Number of updated asset objects reloaded before import = 0
Number of asset objects unloaded after import = 0
========================================================================
Received Import Request.
  Time since last request: 0.000380 seconds.
  path: Assets/StreamingAssets/klipik.rez
  artifactKey: Guid(c6703c17cc9a3ed4c85c64a4cc95ed5b) Importer(815301076,1909f56bfc062723c751e8b465ee728b)
Start importing Assets/StreamingAssets/klipik.rez using Guid(c6703c17cc9a3ed4c85c64a4cc95ed5b) Importer(815301076,1909f56bfc062723c751e8b465ee728b) [PhysX] Initialized MultithreadedTaskDispatcher with 16 workers.
 -> (artifact id: '00000000000000000000000000000000') in 0.001386 seconds
Import Error Code:(4)
Message: Build asset version error: assets/streamingassets/klipik.rez in SourceAssetDB has modification time of '2026-09-10T16:14:09.8371166Z' while content on disk has modification time of '2026-09-10T16:25:03.6141825Z'
  ERROR: Build asset version error: assets/streamingassets/klipik.rez in SourceAssetDB has modification time of '2026-09-10T16:14:09.8371166Z' while content on disk has modification time of '2026-09-10T16:25:03.6141825Z'
Number of updated asset objects reloaded before import = 0
Number of asset objects unloaded after import = 0
========================================================================
Received Import Request.
  Time since last request: 0.012088 seconds.
  path: Assets/StreamingAssets/klipik.rez
  artifactKey: Guid(c6703c17cc9a3ed4c85c64a4cc95ed5b) Importer(815301076,1909f56bfc062723c751e8b465ee728b)
Start importing Assets/StreamingAssets/klipik.rez using Guid(c6703c17cc9a3ed4c85c64a4cc95ed5b) Importer(815301076,1909f56bfc062723c751e8b465ee728b) [PhysX] Initialized MultithreadedTaskDispatcher with 16 workers.
 -> (artifact id: '00000000000000000000000000000000') in 0.001397 seconds
Import Error Code:(4)
Message: Build asset version error: assets/streamingassets/klipik.rez in SourceAssetDB has modification time of '2026-09-10T16:14:09.8371166Z' while content on disk has modification time of '2026-09-10T16:25:03.6141825Z'
  ERROR: Build asset version error: assets/streamingassets/klipik.rez in SourceAssetDB has modification time of '2026-09-10T16:14:09.8371166Z' while content on disk has modification time of '2026-09-10T16:25:03.6141825Z'
Number of updated asset objects reloaded before import = 0
Number of asset objects unloaded after import = 0
========================================================================
Received Import Request.
  Time since last request: 0.000604 seconds.
  path: Assets/StreamingAssets/klipik.rez
  artifactKey: Guid(c6703c17cc9a3ed4c85c64a4cc95ed5b) Importer(815301076,1909f56bfc062723c751e8b465ee728b)
Start importing Assets/StreamingAssets/klipik.rez using Guid(c6703c17cc9a3ed4c85c64a4cc95ed5b) Importer(815301076,1909f56bfc062723c751e8b465ee728b) [PhysX] Initialized MultithreadedTaskDispatcher with 16 workers.
 -> (artifact id: '00000000000000000000000000000000') in 0.001215 seconds
Import Error Code:(4)
Message: Build asset version error: assets/streamingassets/klipik.rez in SourceAssetDB has modification time of '2026-09-10T16:14:09.8371166Z' while content on disk has modification time of '2026-09-10T16:25:03.6141825Z'
  ERROR: Build asset version error: assets/streamingassets/klipik.rez in SourceAssetDB has modification time of '2026-09-10T16:14:09.8371166Z' while content on disk has modification time of '2026-09-10T16:25:03.6141825Z'
Number of updated asset objects reloaded before import = 0
Number of asset objects unloaded after import = 0
========================================================================
Received Import Request.
  Time since last request: 0.014198 seconds.
  path: Assets/StreamingAssets/klipik.rez
  artifactKey: Guid(c6703c17cc9a3ed4c85c64a4cc95ed5b) Importer(815301076,1909f56bfc062723c751e8b465ee728b)
Start importing Assets/StreamingAssets/klipik.rez using Guid(c6703c17cc9a3ed4c85c64a4cc95ed5b) Importer(815301076,1909f56bfc062723c751e8b465ee728b) [PhysX] Initialized MultithreadedTaskDispatcher with 16 workers.
 -> (artifact id: '00000000000000000000000000000000') in 0.001090 seconds
Import Error Code:(4)
Message: Build asset version error: assets/streamingassets/klipik.rez in SourceAssetDB has modification time of '2026-09-10T16:14:09.8371166Z' while content on disk has modification time of '2026-09-10T16:25:03.6141825Z'
  ERROR: Build asset version error: assets/streamingassets/klipik.rez in SourceAssetDB has modification time of '2026-09-10T16:14:09.8371166Z' while content on disk has modification time of '2026-09-10T16:25:03.6141825Z'
Number of updated asset objects reloaded before import = 0
Number of asset objects unloaded after import = 0
========================================================================
Received Import Request.
  Time since last request: 0.012271 seconds.
  path: Assets/StreamingAssets/klipik.rez
  artifactKey: Guid(c6703c17cc9a3ed4c85c64a4cc95ed5b) Importer(815301076,1909f56bfc062723c751e8b465ee728b)
Start importing Assets/StreamingAssets/klipik.rez using Guid(c6703c17cc9a3ed4c85c64a4cc95ed5b) Importer(815301076,1909f56bfc062723c751e8b465ee728b) [PhysX] Initialized MultithreadedTaskDispatcher with 16 workers.
 -> (artifact id: '00000000000000000000000000000000') in 0.001127 seconds
Import Error Code:(4)
Message: Build asset version error: assets/streamingassets/klipik.rez in SourceAssetDB has modification time of '2026-09-10T16:14:09.8371166Z' while content on disk has modification time of '2026-09-10T16:25:03.6141825Z'
  ERROR: Build asset version error: assets/streamingassets/klipik.rez in SourceAssetDB has modification time of '2026-09-10T16:14:09.8371166Z' while content on disk has modification time of '2026-09-10T16:25:03.6141825Z'
Number of updated asset objects reloaded before import = 0
Number of asset objects unloaded after import = 0
========================================================================
Received Import Request.
  Time since last request: 0.000806 seconds.
  path: Assets/StreamingAssets/klipik.rez
  artifactKey: Guid(c6703c17cc9a3ed4c85c64a4cc95ed5b) Importer(815301076,1909f56bfc062723c751e8b465ee728b)
Start importing Assets/StreamingAssets/klipik.rez using Guid(c6703c17cc9a3ed4c85c64a4cc95ed5b) Importer(815301076,1909f56bfc062723c751e8b465ee728b) [PhysX] Initialized MultithreadedTaskDispatcher with 16 workers.
 -> (artifact id: '00000000000000000000000000000000') in 0.001199 seconds
Import Error Code:(4)
Message: Build asset version error: assets/streamingassets/klipik.rez in SourceAssetDB has modification time of '2026-09-10T16:14:09.8371166Z' while content on disk has modification time of '2026-09-10T16:25:03.6141825Z'
  ERROR: Build asset version error: assets/streamingassets/klipik.rez in SourceAssetDB has modification time of '2026-09-10T16:14:09.8371166Z' while content on disk has modification time of '2026-09-10T16:25:03.6141825Z'
Number of updated asset objects reloaded before import = 0
Number of asset objects unloaded after import = 0
========================================================================
Received Import Request.
  Time since last request: 0.000507 seconds.
  path: Assets/StreamingAssets/klipik.rez
  artifactKey: Guid(c6703c17cc9a3ed4c85c64a4cc95ed5b) Importer(815301076,1909f56bfc062723c751e8b465ee728b)
Start importing Assets/StreamingAssets/klipik.rez using Guid(c6703c17cc9a3ed4c85c64a4cc95ed5b) Importer(815301076,1909f56bfc062723c751e8b465ee728b) [PhysX] Initialized MultithreadedTaskDispatcher with 16 workers.
 -> (artifact id: '00000000000000000000000000000000') in 0.001070 seconds
Import Error Code:(4)
Message: Build asset version error: assets/streamingassets/klipik.rez in SourceAssetDB has modification time of '2026-09-10T16:14:09.8371166Z' while content on disk has modification time of '2026-09-10T16:25:03.6141825Z'
  ERROR: Build asset version error: assets/streamingassets/klipik.rez in SourceAssetDB has modification time of '2026-09-10T16:14:09.8371166Z' while content on disk has modification time of '2026-09-10T16:25:03.6141825Z'
Number of updated asset objects reloaded before import = 0
Number of asset objects unloaded after import = 0
========================================================================
Received Import Request.
  Time since last request: 0.001448 seconds.
  path: Assets/StreamingAssets/klipik.rez
  artifactKey: Guid(c6703c17cc9a3ed4c85c64a4cc95ed5b) Importer(815301076,1909f56bfc062723c751e8b465ee728b)
Start importing Assets/StreamingAssets/klipik.rez using Guid(c6703c17cc9a3ed4c85c64a4cc95ed5b) Importer(815301076,1909f56bfc062723c751e8b465ee728b) [PhysX] Initialized MultithreadedTaskDispatcher with 16 workers.
 -> (artifact id: '00000000000000000000000000000000') in 0.001238 seconds
Import Error Code:(4)
Message: Build asset version error: assets/streamingassets/klipik.rez in SourceAssetDB has modification time of '2026-09-10T16:14:09.8371166Z' while content on disk has modification time of '2026-09-10T16:25:03.6141825Z'
  ERROR: Build asset version error: assets/streamingassets/klipik.rez in SourceAssetDB has modification time of '2026-09-10T16:14:09.8371166Z' while content on disk has modification time of '2026-09-10T16:25:03.6141825Z'
Number of updated asset objects reloaded before import = 0
Number of asset objects unloaded after import = 0
========================================================================
Received Import Request.
  Time since last request: 0.014904 seconds.
  path: Assets/StreamingAssets/klipik.rez
  artifactKey: Guid(c6703c17cc9a3ed4c85c64a4cc95ed5b) Importer(815301076,1909f56bfc062723c751e8b465ee728b)
Start importing Assets/StreamingAssets/klipik.rez using Guid(c6703c17cc9a3ed4c85c64a4cc95ed5b) Importer(815301076,1909f56bfc062723c751e8b465ee728b) [PhysX] Initialized MultithreadedTaskDispatcher with 16 workers.
 -> (artifact id: '00000000000000000000000000000000') in 0.001044 seconds
Import Error Code:(4)
Message: Build asset version error: assets/streamingassets/klipik.rez in SourceAssetDB has modification time of '2026-09-10T16:14:09.8371166Z' while content on disk has modification time of '2026-09-10T16:25:03.6141825Z'
  ERROR: Build asset version error: assets/streamingassets/klipik.rez in SourceAssetDB has modification time of '2026-09-10T16:14:09.8371166Z' while content on disk has modification time of '2026-09-10T16:25:03.6141825Z'
Number of updated asset objects reloaded before import = 0
Number of asset objects unloaded after import = 0
========================================================================
Received Import Request.
  Time since last request: 0.001648 seconds.
  path: Assets/StreamingAssets/klipik.rez
  artifactKey: Guid(c6703c17cc9a3ed4c85c64a4cc95ed5b) Importer(815301076,1909f56bfc062723c751e8b465ee728b)
Start importing Assets/StreamingAssets/klipik.rez using Guid(c6703c17cc9a3ed4c85c64a4cc95ed5b) Importer(815301076,1909f56bfc062723c751e8b465ee728b) [PhysX] Initialized MultithreadedTaskDispatcher with 16 workers.
 -> (artifact id: '00000000000000000000000000000000') in 0.001062 seconds
Import Error Code:(4)
Message: Build asset version error: assets/streamingassets/klipik.rez in SourceAssetDB has modification time of '2026-09-10T16:14:09.8371166Z' while content on disk has modification time of '2026-09-10T16:25:03.6141825Z'
  ERROR: Build asset version error: assets/streamingassets/klipik.rez in SourceAssetDB has modification time of '2026-09-10T16:14:09.8371166Z' while content on disk has modification time of '2026-09-10T16:25:03.6141825Z'
Number of updated asset objects reloaded before import = 0
Number of asset objects unloaded after import = 0
========================================================================
Received Import Request.
  Time since last request: 0.013663 seconds.
  path: Assets/StreamingAssets/klipik.rez
  artifactKey: Guid(c6703c17cc9a3ed4c85c64a4cc95ed5b) Importer(815301076,1909f56bfc062723c751e8b465ee728b)
Start importing Assets/StreamingAssets/klipik.rez using Guid(c6703c17cc9a3ed4c85c64a4cc95ed5b) Importer(815301076,1909f56bfc062723c751e8b465ee728b) [PhysX] Initialized MultithreadedTaskDispatcher with 16 workers.
 -> (artifact id: '00000000000000000000000000000000') in 0.001294 seconds
Import Error Code:(4)
Message: Build asset version error: assets/streamingassets/klipik.rez in SourceAssetDB has modification time of '2026-09-10T16:14:09.8371166Z' while content on disk has modification time of '2026-09-10T16:25:03.6141825Z'
  ERROR: Build asset version error: assets/streamingassets/klipik.rez in SourceAssetDB has modification time of '2026-09-10T16:14:09.8371166Z' while content on disk has modification time of '2026-09-10T16:25:03.6141825Z'
Number of updated asset objects reloaded before import = 0
Number of asset objects unloaded after import = 0
========================================================================
Received Import Request.
  Time since last request: 0.014006 seconds.
  path: Assets/StreamingAssets/klipik.rez
  artifactKey: Guid(c6703c17cc9a3ed4c85c64a4cc95ed5b) Importer(815301076,1909f56bfc062723c751e8b465ee728b)
Start importing Assets/StreamingAssets/klipik.rez using Guid(c6703c17cc9a3ed4c85c64a4cc95ed5b) Importer(815301076,1909f56bfc062723c751e8b465ee728b) [PhysX] Initialized MultithreadedTaskDispatcher with 16 workers.
 -> (artifact id: '00000000000000000000000000000000') in 0.001064 seconds
Import Error Code:(4)
Message: Build asset version error: assets/streamingassets/klipik.rez in SourceAssetDB has modification time of '2026-09-10T16:14:09.8371166Z' while content on disk has modification time of '2026-09-10T16:25:03.6141825Z'
  ERROR: Build asset version error: assets/streamingassets/klipik.rez in SourceAssetDB has modification time of '2026-09-10T16:14:09.8371166Z' while content on disk has modification time of '2026-09-10T16:25:03.6141825Z'
Number of updated asset objects reloaded before import = 0
Number of asset objects unloaded after import = 0
========================================================================
Received Import Request.
  Time since last request: 0.001079 seconds.
  path: Assets/StreamingAssets/klipik.rez
  artifactKey: Guid(c6703c17cc9a3ed4c85c64a4cc95ed5b) Importer(815301076,1909f56bfc062723c751e8b465ee728b)
Start importing Assets/StreamingAssets/klipik.rez using Guid(c6703c17cc9a3ed4c85c64a4cc95ed5b) Importer(815301076,1909f56bfc062723c751e8b465ee728b) [PhysX] Initialized MultithreadedTaskDispatcher with 16 workers.
 -> (artifact id: '00000000000000000000000000000000') in 0.001417 seconds
Import Error Code:(4)
Message: Build asset version error: assets/streamingassets/klipik.rez in SourceAssetDB has modification time of '2026-09-10T16:14:09.8371166Z' while content on disk has modification time of '2026-09-10T16:25:03.6141825Z'
  ERROR: Build asset version error: assets/streamingassets/klipik.rez in SourceAssetDB has modification time of '2026-09-10T16:14:09.8371166Z' while content on disk has modification time of '2026-09-10T16:25:03.6141825Z'
Number of updated asset objects reloaded before import = 0
Number of asset objects unloaded after import = 0
========================================================================
Received Import Request.
  Time since last request: 0.012087 seconds.
  path: Assets/StreamingAssets/klipik.rez
  artifactKey: Guid(c6703c17cc9a3ed4c85c64a4cc95ed5b) Importer(815301076,1909f56bfc062723c751e8b465ee728b)
Start importing Assets/StreamingAssets/klipik.rez using Guid(c6703c17cc9a3ed4c85c64a4cc95ed5b) Importer(815301076,1909f56bfc062723c751e8b465ee728b) [PhysX] Initialized MultithreadedTaskDispatcher with 16 workers.
 -> (artifact id: '00000000000000000000000000000000') in 0.001278 seconds
Import Error Code:(4)
Message: Build asset version error: assets/streamingassets/klipik.rez in SourceAssetDB has modification time of '2026-09-10T16:14:09.8371166Z' while content on disk has modification time of '2026-09-10T16:25:03.6141825Z'
  ERROR: Build asset version error: assets/streamingassets/klipik.rez in SourceAssetDB has modification time of '2026-09-10T16:14:09.8371166Z' while content on disk has modification time of '2026-09-10T16:25:03.6141825Z'
Number of updated asset objects reloaded before import = 0
Number of asset objects unloaded after import = 0
========================================================================
Received Import Request.
  Time since last request: 0.000479 seconds.
  path: Assets/StreamingAssets/klipik.rez
  artifactKey: Guid(c6703c17cc9a3ed4c85c64a4cc95ed5b) Importer(815301076,1909f56bfc062723c751e8b465ee728b)
Start importing Assets/StreamingAssets/klipik.rez using Guid(c6703c17cc9a3ed4c85c64a4cc95ed5b) Importer(815301076,1909f56bfc062723c751e8b465ee728b) [PhysX] Initialized MultithreadedTaskDispatcher with 16 workers.
 -> (artifact id: '00000000000000000000000000000000') in 0.001265 seconds
Import Error Code:(4)
Message: Build asset version error: assets/streamingassets/klipik.rez in SourceAssetDB has modification time of '2026-09-10T16:14:09.8371166Z' while content on disk has modification time of '2026-09-10T16:25:03.6141825Z'
  ERROR: Build asset version error: assets/streamingassets/klipik.rez in SourceAssetDB has modification time of '2026-09-10T16:14:09.8371166Z' while content on disk has modification time of '2026-09-10T16:25:03.6141825Z'
Number of updated asset objects reloaded before import = 0
Number of asset objects unloaded after import = 0
========================================================================
Received Import Request.
  Time since last request: 0.001505 seconds.
  path: Assets/StreamingAssets/klipik.rez
  artifactKey: Guid(c6703c17cc9a3ed4c85c64a4cc95ed5b) Importer(815301076,1909f56bfc062723c751e8b465ee728b)
Start importing Assets/StreamingAssets/klipik.rez using Guid(c6703c17cc9a3ed4c85c64a4cc95ed5b) Importer(815301076,1909f56bfc062723c751e8b465ee728b) [PhysX] Initialized MultithreadedTaskDispatcher with 16 workers.
 -> (artifact id: '00000000000000000000000000000000') in 0.001128 seconds
Import Error Code:(4)
Message: Build asset version error: assets/streamingassets/klipik.rez in SourceAssetDB has modification time of '2026-09-10T16:14:09.8371166Z' while content on disk has modification time of '2026-09-10T16:25:03.6141825Z'
  ERROR: Build asset version error: assets/streamingassets/klipik.rez in SourceAssetDB has modification time of '2026-09-10T16:14:09.8371166Z' while content on disk has modification time of '2026-09-10T16:25:03.6141825Z'
Number of updated asset objects reloaded before import = 0
Number of asset objects unloaded after import = 0
========================================================================
Received Import Request.
  Time since last request: 0.011662 seconds.
  path: Assets/StreamingAssets/klipik.rez
  artifactKey: Guid(c6703c17cc9a3ed4c85c64a4cc95ed5b) Importer(815301076,1909f56bfc062723c751e8b465ee728b)
Start importing Assets/StreamingAssets/klipik.rez using Guid(c6703c17cc9a3ed4c85c64a4cc95ed5b) Importer(815301076,1909f56bfc062723c751e8b465ee728b) [PhysX] Initialized MultithreadedTaskDispatcher with 16 workers.
 -> (artifact id: '00000000000000000000000000000000') in 0.001277 seconds
Import Error Code:(4)
Message: Build asset version error: assets/streamingassets/klipik.rez in SourceAssetDB has modification time of '2026-09-10T16:14:09.8371166Z' while content on disk has modification time of '2026-09-10T16:25:03.6141825Z'
  ERROR: Build asset version error: assets/streamingassets/klipik.rez in SourceAssetDB has modification time of '2026-09-10T16:14:09.8371166Z' while content on disk has modification time of '2026-09-10T16:25:03.6141825Z'
Number of updated asset objects reloaded before import = 0
Number of asset objects unloaded after import = 0
========================================================================
Received Import Request.
  Time since last request: 0.000568 seconds.
  path: Assets/StreamingAssets/klipik.rez
  artifactKey: Guid(c6703c17cc9a3ed4c85c64a4cc95ed5b) Importer(815301076,1909f56bfc062723c751e8b465ee728b)
Start importing Assets/StreamingAssets/klipik.rez using Guid(c6703c17cc9a3ed4c85c64a4cc95ed5b) Importer(815301076,1909f56bfc062723c751e8b465ee728b) [PhysX] Initialized MultithreadedTaskDispatcher with 16 workers.
 -> (artifact id: '00000000000000000000000000000000') in 0.001395 seconds
Import Error Code:(4)
Message: Build asset version error: assets/streamingassets/klipik.rez in SourceAssetDB has modification time of '2026-09-10T16:14:09.8371166Z' while content on disk has modification time of '2026-09-10T16:25:03.6141825Z'
  ERROR: Build asset version error: assets/streamingassets/klipik.rez in SourceAssetDB has modification time of '2026-09-10T16:14:09.8371166Z' while content on disk has modification time of '2026-09-10T16:25:03.6141825Z'
Number of updated asset objects reloaded before import = 0
Number of asset objects unloaded after import = 0
========================================================================
Received Import Request.
  Time since last request: 0.013576 seconds.
  path: Assets/StreamingAssets/klipik.rez
  artifactKey: Guid(c6703c17cc9a3ed4c85c64a4cc95ed5b) Importer(815301076,1909f56bfc062723c751e8b465ee728b)
Start importing Assets/StreamingAssets/klipik.rez using Guid(c6703c17cc9a3ed4c85c64a4cc95ed5b) Importer(815301076,1909f56bfc062723c751e8b465ee728b) [PhysX] Initialized MultithreadedTaskDispatcher with 16 workers.
 -> (artifact id: '00000000000000000000000000000000') in 0.000971 seconds
Import Error Code:(4)
Message: Build asset version error: assets/streamingassets/klipik.rez in SourceAssetDB has modification time of '2026-09-10T16:14:09.8371166Z' while content on disk has modification time of '2026-09-10T16:25:03.6141825Z'
  ERROR: Build asset version error: assets/streamingassets/klipik.rez in SourceAssetDB has modification time of '2026-09-10T16:14:09.8371166Z' while content on disk has modification time of '2026-09-10T16:25:03.6141825Z'
Number of updated asset objects reloaded before import = 0
Number of asset objects unloaded after import = 0
========================================================================
Received Import Request.
  Time since last request: 0.013780 seconds.
  path: Assets/StreamingAssets/klipik.rez
  artifactKey: Guid(c6703c17cc9a3ed4c85c64a4cc95ed5b) Importer(815301076,1909f56bfc062723c751e8b465ee728b)
Start importing Assets/StreamingAssets/klipik.rez using Guid(c6703c17cc9a3ed4c85c64a4cc95ed5b) Importer(815301076,1909f56bfc062723c751e8b465ee728b) [PhysX] Initialized MultithreadedTaskDispatcher with 16 workers.
 -> (artifact id: '00000000000000000000000000000000') in 0.000972 seconds
Import Error Code:(4)
Message: Build asset version error: assets/streamingassets/klipik.rez in SourceAssetDB has modification time of '2026-09-10T16:14:09.8371166Z' while content on disk has modification time of '2026-09-10T16:25:03.6141825Z'
  ERROR: Build asset version error: assets/streamingassets/klipik.rez in SourceAssetDB has modification time of '2026-09-10T16:14:09.8371166Z' while content on disk has modification time of '2026-09-10T16:25:03.6141825Z'
Number of updated asset objects reloaded before import = 0
Number of asset objects unloaded after import = 0
========================================================================
Received Import Request.
  Time since last request: 0.012500 seconds.
  path: Assets/StreamingAssets/klipik.rez
  artifactKey: Guid(c6703c17cc9a3ed4c85c64a4cc95ed5b) Importer(815301076,1909f56bfc062723c751e8b465ee728b)
Start importing Assets/StreamingAssets/klipik.rez using Guid(c6703c17cc9a3ed4c85c64a4cc95ed5b) Importer(815301076,1909f56bfc062723c751e8b465ee728b) [PhysX] Initialized MultithreadedTaskDispatcher with 16 workers.
 -> (artifact id: '00000000000000000000000000000000') in 0.001028 seconds
Import Error Code:(4)
Message: Build asset version error: assets/streamingassets/klipik.rez in SourceAssetDB has modification time of '2026-09-10T16:14:09.8371166Z' while content on disk has modification time of '2026-09-10T16:25:03.6141825Z'
  ERROR: Build asset version error: assets/streamingassets/klipik.rez in SourceAssetDB has modification time of '2026-09-10T16:14:09.8371166Z' while content on disk has modification time of '2026-09-10T16:25:03.6141825Z'
Number of updated asset objects reloaded before import = 0
Number of asset objects unloaded after import = 0
========================================================================
Received Import Request.
  Time since last request: 0.013504 seconds.
  path: Assets/StreamingAssets/klipik.rez
  artifactKey: Guid(c6703c17cc9a3ed4c85c64a4cc95ed5b) Importer(815301076,1909f56bfc062723c751e8b465ee728b)
Start importing Assets/StreamingAssets/klipik.rez using Guid(c6703c17cc9a3ed4c85c64a4cc95ed5b) Importer(815301076,1909f56bfc062723c751e8b465ee728b) [PhysX] Initialized MultithreadedTaskDispatcher with 16 workers.
 -> (artifact id: '00000000000000000000000000000000') in 0.001134 seconds
Import Error Code:(4)
Message: Build asset version error: assets/streamingassets/klipik.rez in SourceAssetDB has modification time of '2026-09-10T16:14:09.8371166Z' while content on disk has modification time of '2026-09-10T16:25:03.6141825Z'
  ERROR: Build asset version error: assets/streamingassets/klipik.rez in SourceAssetDB has modification time of '2026-09-10T16:14:09.8371166Z' while content on disk has modification time of '2026-09-10T16:25:03.6141825Z'
Number of updated asset objects reloaded before import = 0
Number of asset objects unloaded after import = 0
========================================================================
Received Import Request.
  Time since last request: 0.000409 seconds.
  path: Assets/StreamingAssets/klipik.rez
  artifactKey: Guid(c6703c17cc9a3ed4c85c64a4cc95ed5b) Importer(815301076,1909f56bfc062723c751e8b465ee728b)
Start importing Assets/StreamingAssets/klipik.rez using Guid(c6703c17cc9a3ed4c85c64a4cc95ed5b) Importer(815301076,1909f56bfc062723c751e8b465ee728b) [PhysX] Initialized MultithreadedTaskDispatcher with 16 workers.
 -> (artifact id: '00000000000000000000000000000000') in 0.001069 seconds
Import Error Code:(4)
Message: Build asset version error: assets/streamingassets/klipik.rez in SourceAssetDB has modification time of '2026-09-10T16:14:09.8371166Z' while content on disk has modification time of '2026-09-10T16:25:03.6141825Z'
  ERROR: Build asset version error: assets/streamingassets/klipik.rez in SourceAssetDB has modification time of '2026-09-10T16:14:09.8371166Z' while content on disk has modification time of '2026-09-10T16:25:03.6141825Z'
Number of updated asset objects reloaded before import = 0
Number of asset objects unloaded after import = 0
========================================================================
Received Import Request.
  Time since last request: 0.000909 seconds.
  path: Assets/StreamingAssets/klipik.rez
  artifactKey: Guid(c6703c17cc9a3ed4c85c64a4cc95ed5b) Importer(815301076,1909f56bfc062723c751e8b465ee728b)
Start importing Assets/StreamingAssets/klipik.rez using Guid(c6703c17cc9a3ed4c85c64a4cc95ed5b) Importer(815301076,1909f56bfc062723c751e8b465ee728b) [PhysX] Initialized MultithreadedTaskDispatcher with 16 workers.
 -> (artifact id: '00000000000000000000000000000000') in 0.001102 seconds
Import Error Code:(4)
Message: Build asset version error: assets/streamingassets/klipik.rez in SourceAssetDB has modification time of '2026-09-10T16:14:09.8371166Z' while content on disk has modification time of '2026-09-10T16:25:03.6141825Z'
  ERROR: Build asset version error: assets/streamingassets/klipik.rez in SourceAssetDB has modification time of '2026-09-10T16:14:09.8371166Z' while content on disk has modification time of '2026-09-10T16:25:03.6141825Z'
Number of updated asset objects reloaded before import = 0
Number of asset objects unloaded after import = 0
========================================================================
Received Import Request.
  Time since last request: 0.011390 seconds.
  path: Assets/StreamingAssets/klipik.rez
  artifactKey: Guid(c6703c17cc9a3ed4c85c64a4cc95ed5b) Importer(815301076,1909f56bfc062723c751e8b465ee728b)
Start importing Assets/StreamingAssets/klipik.rez using Guid(c6703c17cc9a3ed4c85c64a4cc95ed5b) Importer(815301076,1909f56bfc062723c751e8b465ee728b) [PhysX] Initialized MultithreadedTaskDispatcher with 16 workers.
 -> (artifact id: '00000000000000000000000000000000') in 0.001066 seconds
Import Error Code:(4)
Message: Build asset version error: assets/streamingassets/klipik.rez in SourceAssetDB has modification time of '2026-09-10T16:14:09.8371166Z' while content on disk has modification time of '2026-09-10T16:25:03.6141825Z'
  ERROR: Build asset version error: assets/streamingassets/klipik.rez in SourceAssetDB has modification time of '2026-09-10T16:14:09.8371166Z' while content on disk has modification time of '2026-09-10T16:25:03.6141825Z'
Number of updated asset objects reloaded before import = 0
Number of asset objects unloaded after import = 0
========================================================================
Received Import Request.
  Time since last request: 0.011334 seconds.
  path: Assets/StreamingAssets/klipik.rez
  artifactKey: Guid(c6703c17cc9a3ed4c85c64a4cc95ed5b) Importer(815301076,1909f56bfc062723c751e8b465ee728b)
Start importing Assets/StreamingAssets/klipik.rez using Guid(c6703c17cc9a3ed4c85c64a4cc95ed5b) Importer(815301076,1909f56bfc062723c751e8b465ee728b) [PhysX] Initialized MultithreadedTaskDispatcher with 16 workers.
 -> (artifact id: '00000000000000000000000000000000') in 0.001058 seconds
Import Error Code:(4)
Message: Build asset version error: assets/streamingassets/klipik.rez in SourceAssetDB has modification time of '2026-09-10T16:14:09.8371166Z' while content on disk has modification time of '2026-09-10T16:25:03.6141825Z'
  ERROR: Build asset version error: assets/streamingassets/klipik.rez in SourceAssetDB has modification time of '2026-09-10T16:14:09.8371166Z' while content on disk has modification time of '2026-09-10T16:25:03.6141825Z'
Number of updated asset objects reloaded before import = 0
Number of asset objects unloaded after import = 0
========================================================================
Received Import Request.
  Time since last request: 0.000616 seconds.
  path: Assets/StreamingAssets/klipik.rez
  artifactKey: Guid(c6703c17cc9a3ed4c85c64a4cc95ed5b) Importer(815301076,1909f56bfc062723c751e8b465ee728b)
Start importing Assets/StreamingAssets/klipik.rez using Guid(c6703c17cc9a3ed4c85c64a4cc95ed5b) Importer(815301076,1909f56bfc062723c751e8b465ee728b) [PhysX] Initialized MultithreadedTaskDispatcher with 16 workers.
 -> (artifact id: '00000000000000000000000000000000') in 0.001095 seconds
Import Error Code:(4)
Message: Build asset version error: assets/streamingassets/klipik.rez in SourceAssetDB has modification time of '2026-09-10T16:14:09.8371166Z' while content on disk has modification time of '2026-09-10T16:25:03.6141825Z'
  ERROR: Build asset version error: assets/streamingassets/klipik.rez in SourceAssetDB has modification time of '2026-09-10T16:14:09.8371166Z' while content on disk has modification time of '2026-09-10T16:25:03.6141825Z'
Number of updated asset objects reloaded before import = 0
Number of asset objects unloaded after import = 0
========================================================================
Received Import Request.
  Time since last request: 0.000863 seconds.
  path: Assets/StreamingAssets/klipik.rez
  artifactKey: Guid(c6703c17cc9a3ed4c85c64a4cc95ed5b) Importer(815301076,1909f56bfc062723c751e8b465ee728b)
Start importing Assets/StreamingAssets/klipik.rez using Guid(c6703c17cc9a3ed4c85c64a4cc95ed5b) Importer(815301076,1909f56bfc062723c751e8b465ee728b) [PhysX] Initialized MultithreadedTaskDispatcher with 16 workers.
 -> (artifact id: '00000000000000000000000000000000') in 0.001017 seconds
Import Error Code:(4)
Message: Build asset version error: assets/streamingassets/klipik.rez in SourceAssetDB has modification time of '2026-09-10T16:14:09.8371166Z' while content on disk has modification time of '2026-09-10T16:25:03.6141825Z'
  ERROR: Build asset version error: assets/streamingassets/klipik.rez in SourceAssetDB has modification time of '2026-09-10T16:14:09.8371166Z' while content on disk has modification time of '2026-09-10T16:25:03.6141825Z'
Number of updated asset objects reloaded before import = 0
Number of asset objects unloaded after import = 0
========================================================================
Received Import Request.
  Time since last request: 0.011165 seconds.
  path: Assets/StreamingAssets/klipik.rez
  artifactKey: Guid(c6703c17cc9a3ed4c85c64a4cc95ed5b) Importer(815301076,1909f56bfc062723c751e8b465ee728b)
Start importing Assets/StreamingAssets/klipik.rez using Guid(c6703c17cc9a3ed4c85c64a4cc95ed5b) Importer(815301076,1909f56bfc062723c751e8b465ee728b) [PhysX] Initialized MultithreadedTaskDispatcher with 16 workers.
 -> (artifact id: '00000000000000000000000000000000') in 0.001144 seconds
Import Error Code:(4)
Message: Build asset version error: assets/streamingassets/klipik.rez in SourceAssetDB has modification time of '2026-09-10T16:14:09.8371166Z' while content on disk has modification time of '2026-09-10T16:25:03.6141825Z'
  ERROR: Build asset version error: assets/streamingassets/klipik.rez in SourceAssetDB has modification time of '2026-09-10T16:14:09.8371166Z' while content on disk has modification time of '2026-09-10T16:25:03.6141825Z'
Number of updated asset objects reloaded before import = 0
Number of asset objects unloaded after import = 0
========================================================================
Received Import Request.
  Time since last request: 0.000837 seconds.
  path: Assets/StreamingAssets/klipik.rez
  artifactKey: Guid(c6703c17cc9a3ed4c85c64a4cc95ed5b) Importer(815301076,1909f56bfc062723c751e8b465ee728b)
Start importing Assets/StreamingAssets/klipik.rez using Guid(c6703c17cc9a3ed4c85c64a4cc95ed5b) Importer(815301076,1909f56bfc062723c751e8b465ee728b) [PhysX] Initialized MultithreadedTaskDispatcher with 16 workers.
 -> (artifact id: '00000000000000000000000000000000') in 0.001220 seconds
Import Error Code:(4)
Message: Build asset version error: assets/streamingassets/klipik.rez in SourceAssetDB has modification time of '2026-09-10T16:14:09.8371166Z' while content on disk has modification time of '2026-09-10T16:25:03.6141825Z'
  ERROR: Build asset version error: assets/streamingassets/klipik.rez in SourceAssetDB has modification time of '2026-09-10T16:14:09.8371166Z' while content on disk has modification time of '2026-09-10T16:25:03.6141825Z'
Number of updated asset objects reloaded before import = 0
Number of asset objects unloaded after import = 0
========================================================================
Received Import Request.
  Time since last request: 0.013354 seconds.
  path: Assets/StreamingAssets/klipik.rez
  artifactKey: Guid(c6703c17cc9a3ed4c85c64a4cc95ed5b) Importer(815301076,1909f56bfc062723c751e8b465ee728b)
Start importing Assets/StreamingAssets/klipik.rez using Guid(c6703c17cc9a3ed4c85c64a4cc95ed5b) Importer(815301076,1909f56bfc062723c751e8b465ee728b) [PhysX] Initialized MultithreadedTaskDispatcher with 16 workers.
 -> (artifact id: '00000000000000000000000000000000') in 0.001091 seconds
Import Error Code:(4)
Message: Build asset version error: assets/streamingassets/klipik.rez in SourceAssetDB has modification time of '2026-09-10T16:14:09.8371166Z' while content on disk has modification time of '2026-09-10T16:25:03.6141825Z'
  ERROR: Build asset version error: assets/streamingassets/klipik.rez in SourceAssetDB has modification time of '2026-09-10T16:14:09.8371166Z' while content on disk has modification time of '2026-09-10T16:25:03.6141825Z'
Number of updated asset objects reloaded before import = 0
Number of asset objects unloaded after import = 0
========================================================================
Received Import Request.
  Time since last request: 0.001032 seconds.
  path: Assets/StreamingAssets/klipik.rez
  artifactKey: Guid(c6703c17cc9a3ed4c85c64a4cc95ed5b) Importer(815301076,1909f56bfc062723c751e8b465ee728b)
Start importing Assets/StreamingAssets/klipik.rez using Guid(c6703c17cc9a3ed4c85c64a4cc95ed5b) Importer(815301076,1909f56bfc062723c751e8b465ee728b) [PhysX] Initialized MultithreadedTaskDispatcher with 16 workers.
 -> (artifact id: '00000000000000000000000000000000') in 0.001110 seconds
Import Error Code:(4)
Message: Build asset version error: assets/streamingassets/klipik.rez in SourceAssetDB has modification time of '2026-09-10T16:14:09.8371166Z' while content on disk has modification time of '2026-09-10T16:25:03.6141825Z'
  ERROR: Build asset version error: assets/streamingassets/klipik.rez in SourceAssetDB has modification time of '2026-09-10T16:14:09.8371166Z' while content on disk has modification time of '2026-09-10T16:25:03.6141825Z'
Number of updated asset objects reloaded before import = 0
Number of asset objects unloaded after import = 0
========================================================================
Received Import Request.
  Time since last request: 0.013862 seconds.
  path: Assets/StreamingAssets/klipik.rez
  artifactKey: Guid(c6703c17cc9a3ed4c85c64a4cc95ed5b) Importer(815301076,1909f56bfc062723c751e8b465ee728b)
Start importing Assets/StreamingAssets/klipik.rez using Guid(c6703c17cc9a3ed4c85c64a4cc95ed5b) Importer(815301076,1909f56bfc062723c751e8b465ee728b) [PhysX] Initialized MultithreadedTaskDispatcher with 16 workers.
 -> (artifact id: '00000000000000000000000000000000') in 0.001028 seconds
Import Error Code:(4)
Message: Build asset version error: assets/streamingassets/klipik.rez in SourceAssetDB has modification time of '2026-09-10T16:14:09.8371166Z' while content on disk has modification time of '2026-09-10T16:25:03.6141825Z'
  ERROR: Build asset version error: assets/streamingassets/klipik.rez in SourceAssetDB has modification time of '2026-09-10T16:14:09.8371166Z' while content on disk has modification time of '2026-09-10T16:25:03.6141825Z'
Number of updated asset objects reloaded before import = 0
Number of asset objects unloaded after import = 0
========================================================================
Received Import Request.
  Time since last request: 0.013902 seconds.
  path: Assets/StreamingAssets/klipik.rez
  artifactKey: Guid(c6703c17cc9a3ed4c85c64a4cc95ed5b) Importer(815301076,1909f56bfc062723c751e8b465ee728b)
Start importing Assets/StreamingAssets/klipik.rez using Guid(c6703c17cc9a3ed4c85c64a4cc95ed5b) Importer(815301076,1909f56bfc062723c751e8b465ee728b) [PhysX] Initialized MultithreadedTaskDispatcher with 16 workers.
 -> (artifact id: '00000000000000000000000000000000') in 0.001597 seconds
Import Error Code:(4)
Message: Build asset version error: assets/streamingassets/klipik.rez in SourceAssetDB has modification time of '2026-09-10T16:14:09.8371166Z' while content on disk has modification time of '2026-09-10T16:25:03.6141825Z'
  ERROR: Build asset version error: assets/streamingassets/klipik.rez in SourceAssetDB has modification time of '2026-09-10T16:14:09.8371166Z' while content on disk has modification time of '2026-09-10T16:25:03.6141825Z'
Number of updated asset objects reloaded before import = 0
Number of asset objects unloaded after import = 0
========================================================================
Received Import Request.
  Time since last request: 0.015496 seconds.
  path: Assets/StreamingAssets/klipik.rez
  artifactKey: Guid(c6703c17cc9a3ed4c85c64a4cc95ed5b) Importer(815301076,1909f56bfc062723c751e8b465ee728b)
Start importing Assets/StreamingAssets/klipik.rez using Guid(c6703c17cc9a3ed4c85c64a4cc95ed5b) Importer(815301076,1909f56bfc062723c751e8b465ee728b) [PhysX] Initialized MultithreadedTaskDispatcher with 16 workers.
 -> (artifact id: '00000000000000000000000000000000') in 0.001039 seconds
Import Error Code:(4)
Message: Build asset version error: assets/streamingassets/klipik.rez in SourceAssetDB has modification time of '2026-09-10T16:14:09.8371166Z' while content on disk has modification time of '2026-09-10T16:25:03.6141825Z'
  ERROR: Build asset version error: assets/streamingassets/klipik.rez in SourceAssetDB has modification time of '2026-09-10T16:14:09.8371166Z' while content on disk has modification time of '2026-09-10T16:25:03.6141825Z'
Number of updated asset objects reloaded before import = 0
Number of asset objects unloaded after import = 0
========================================================================
Received Import Request.
  Time since last request: 0.011277 seconds.
  path: Assets/StreamingAssets/klipik.rez
  artifactKey: Guid(c6703c17cc9a3ed4c85c64a4cc95ed5b) Importer(815301076,1909f56bfc062723c751e8b465ee728b)
Start importing Assets/StreamingAssets/klipik.rez using Guid(c6703c17cc9a3ed4c85c64a4cc95ed5b) Importer(815301076,1909f56bfc062723c751e8b465ee728b) [PhysX] Initialized MultithreadedTaskDispatcher with 16 workers.
 -> (artifact id: '00000000000000000000000000000000') in 0.001252 seconds
Import Error Code:(4)
Message: Build asset version error: assets/streamingassets/klipik.rez in SourceAssetDB has modification time of '2026-09-10T16:14:09.8371166Z' while content on disk has modification time of '2026-09-10T16:25:03.6141825Z'
  ERROR: Build asset version error: assets/streamingassets/klipik.rez in SourceAssetDB has modification time of '2026-09-10T16:14:09.8371166Z' while content on disk has modification time of '2026-09-10T16:25:03.6141825Z'
Number of updated asset objects reloaded before import = 0
Number of asset objects unloaded after import = 0
========================================================================
Received Import Request.
  Time since last request: 0.000826 seconds.
  path: Assets/StreamingAssets/klipik.rez
  artifactKey: Guid(c6703c17cc9a3ed4c85c64a4cc95ed5b) Importer(815301076,1909f56bfc062723c751e8b465ee728b)
Start importing Assets/StreamingAssets/klipik.rez using Guid(c6703c17cc9a3ed4c85c64a4cc95ed5b) Importer(815301076,1909f56bfc062723c751e8b465ee728b) [PhysX] Initialized MultithreadedTaskDispatcher with 16 workers.
 -> (artifact id: '00000000000000000000000000000000') in 0.001478 seconds
Import Error Code:(4)
Message: Build asset version error: assets/streamingassets/klipik.rez in SourceAssetDB has modification time of '2026-09-10T16:14:09.8371166Z' while content on disk has modification time of '2026-09-10T16:25:03.6141825Z'
  ERROR: Build asset version error: assets/streamingassets/klipik.rez in SourceAssetDB has modification time of '2026-09-10T16:14:09.8371166Z' while content on disk has modification time of '2026-09-10T16:25:03.6141825Z'
Number of updated asset objects reloaded before import = 0
Number of asset objects unloaded after import = 0
========================================================================
Received Import Request.
  Time since last request: 0.001212 seconds.
  path: Assets/StreamingAssets/klipik.rez
  artifactKey: Guid(c6703c17cc9a3ed4c85c64a4cc95ed5b) Importer(815301076,1909f56bfc062723c751e8b465ee728b)
Start importing Assets/StreamingAssets/klipik.rez using Guid(c6703c17cc9a3ed4c85c64a4cc95ed5b) Importer(815301076,1909f56bfc062723c751e8b465ee728b) [PhysX] Initialized MultithreadedTaskDispatcher with 16 workers.
 -> (artifact id: '00000000000000000000000000000000') in 0.001026 seconds
Import Error Code:(4)
Message: Build asset version error: assets/streamingassets/klipik.rez in SourceAssetDB has modification time of '2026-09-10T16:14:09.8371166Z' while content on disk has modification time of '2026-09-10T16:25:03.6141825Z'
  ERROR: Build asset version error: assets/streamingassets/klipik.rez in SourceAssetDB has modification time of '2026-09-10T16:14:09.8371166Z' while content on disk has modification time of '2026-09-10T16:25:03.6141825Z'
Number of updated asset objects reloaded before import = 0
Number of asset objects unloaded after import = 0
========================================================================
Received Import Request.
  Time since last request: 0.000661 seconds.
  path: Assets/StreamingAssets/klipik.rez
  artifactKey: Guid(c6703c17cc9a3ed4c85c64a4cc95ed5b) Importer(815301076,1909f56bfc062723c751e8b465ee728b)
Start importing Assets/StreamingAssets/klipik.rez using Guid(c6703c17cc9a3ed4c85c64a4cc95ed5b) Importer(815301076,1909f56bfc062723c751e8b465ee728b) [PhysX] Initialized MultithreadedTaskDispatcher with 16 workers.
 -> (artifact id: '00000000000000000000000000000000') in 0.001021 seconds
Import Error Code:(4)
Message: Build asset version error: assets/streamingassets/klipik.rez in SourceAssetDB has modification time of '2026-09-10T16:14:09.8371166Z' while content on disk has modification time of '2026-09-10T16:25:03.6141825Z'
  ERROR: Build asset version error: assets/streamingassets/klipik.rez in SourceAssetDB has modification time of '2026-09-10T16:14:09.8371166Z' while content on disk has modification time of '2026-09-10T16:25:03.6141825Z'
Number of updated asset objects reloaded before import = 0
Number of asset objects unloaded after import = 0
========================================================================
Received Import Request.
  Time since last request: 0.012198 seconds.
  path: Assets/StreamingAssets/klipik.rez
  artifactKey: Guid(c6703c17cc9a3ed4c85c64a4cc95ed5b) Importer(815301076,1909f56bfc062723c751e8b465ee728b)
Start importing Assets/StreamingAssets/klipik.rez using Guid(c6703c17cc9a3ed4c85c64a4cc95ed5b) Importer(815301076,1909f56bfc062723c751e8b465ee728b) [PhysX] Initialized MultithreadedTaskDispatcher with 16 workers.
 -> (artifact id: '00000000000000000000000000000000') in 0.001074 seconds
Import Error Code:(4)
Message: Build asset version error: assets/streamingassets/klipik.rez in SourceAssetDB has modification time of '2026-09-10T16:14:09.8371166Z' while content on disk has modification time of '2026-09-10T16:25:03.6141825Z'
  ERROR: Build asset version error: assets/streamingassets/klipik.rez in SourceAssetDB has modification time of '2026-09-10T16:14:09.8371166Z' while content on disk has modification time of '2026-09-10T16:25:03.6141825Z'
Number of updated asset objects reloaded before import = 0
Number of asset objects unloaded after import = 0
========================================================================
Received Import Request.
  Time since last request: 0.011070 seconds.
  path: Assets/StreamingAssets/klipik.rez
  artifactKey: Guid(c6703c17cc9a3ed4c85c64a4cc95ed5b) Importer(815301076,1909f56bfc062723c751e8b465ee728b)
Start importing Assets/StreamingAssets/klipik.rez using Guid(c6703c17cc9a3ed4c85c64a4cc95ed5b) Importer(815301076,1909f56bfc062723c751e8b465ee728b) [PhysX] Initialized MultithreadedTaskDispatcher with 16 workers.
 -> (artifact id: '00000000000000000000000000000000') in 0.001100 seconds
Import Error Code:(4)
Message: Build asset version error: assets/streamingassets/klipik.rez in SourceAssetDB has modification time of '2026-09-10T16:14:09.8371166Z' while content on disk has modification time of '2026-09-10T16:25:03.6141825Z'
  ERROR: Build asset version error: assets/streamingassets/klipik.rez in SourceAssetDB has modification time of '2026-09-10T16:14:09.8371166Z' while content on disk has modification time of '2026-09-10T16:25:03.6141825Z'
Number of updated asset objects reloaded before import = 0
Number of asset objects unloaded after import = 0
========================================================================
Received Import Request.
  Time since last request: 0.001192 seconds.
  path: Assets/StreamingAssets/klipik.rez
  artifactKey: Guid(c6703c17cc9a3ed4c85c64a4cc95ed5b) Importer(815301076,1909f56bfc062723c751e8b465ee728b)
Start importing Assets/StreamingAssets/klipik.rez using Guid(c6703c17cc9a3ed4c85c64a4cc95ed5b) Importer(815301076,1909f56bfc062723c751e8b465ee728b) [PhysX] Initialized MultithreadedTaskDispatcher with 16 workers.
 -> (artifact id: '00000000000000000000000000000000') in 0.001310 seconds
Import Error Code:(4)
Message: Build asset version error: assets/streamingassets/klipik.rez in SourceAssetDB has modification time of '2026-09-10T16:14:09.8371166Z' while content on disk has modification time of '2026-09-10T16:25:03.6141825Z'
  ERROR: Build asset version error: assets/streamingassets/klipik.rez in SourceAssetDB has modification time of '2026-09-10T16:14:09.8371166Z' while content on disk has modification time of '2026-09-10T16:25:03.6141825Z'
Number of updated asset objects reloaded before import = 0
Number of asset objects unloaded after import = 0
========================================================================
Received Import Request.
  Time since last request: 0.012320 seconds.
  path: Assets/StreamingAssets/klipik.rez
  artifactKey: Guid(c6703c17cc9a3ed4c85c64a4cc95ed5b) Importer(815301076,1909f56bfc062723c751e8b465ee728b)
Start importing Assets/StreamingAssets/klipik.rez using Guid(c6703c17cc9a3ed4c85c64a4cc95ed5b) Importer(815301076,1909f56bfc062723c751e8b465ee728b) [PhysX] Initialized MultithreadedTaskDispatcher with 16 workers.
 -> (artifact id: '00000000000000000000000000000000') in 0.001130 seconds
Import Error Code:(4)
Message: Build asset version error: assets/streamingassets/klipik.rez in SourceAssetDB has modification time of '2026-09-10T16:14:09.8371166Z' while content on disk has modification time of '2026-09-10T16:25:03.6141825Z'
  ERROR: Build asset version error: assets/streamingassets/klipik.rez in SourceAssetDB has modification time of '2026-09-10T16:14:09.8371166Z' while content on disk has modification time of '2026-09-10T16:25:03.6141825Z'
Number of updated asset objects reloaded before import = 0
Number of asset objects unloaded after import = 0
========================================================================
Received Import Request.
  Time since last request: 0.000481 seconds.
  path: Assets/StreamingAssets/klipik.rez
  artifactKey: Guid(c6703c17cc9a3ed4c85c64a4cc95ed5b) Importer(815301076,1909f56bfc062723c751e8b465ee728b)
Start importing Assets/StreamingAssets/klipik.rez using Guid(c6703c17cc9a3ed4c85c64a4cc95ed5b) Importer(815301076,1909f56bfc062723c751e8b465ee728b) [PhysX] Initialized MultithreadedTaskDispatcher with 16 workers.
 -> (artifact id: '00000000000000000000000000000000') in 0.001223 seconds
Import Error Code:(4)
Message: Build asset version error: assets/streamingassets/klipik.rez in SourceAssetDB has modification time of '2026-09-10T16:14:09.8371166Z' while content on disk has modification time of '2026-09-10T16:25:03.6141825Z'
  ERROR: Build asset version error: assets/streamingassets/klipik.rez in SourceAssetDB has modification time of '2026-09-10T16:14:09.8371166Z' while content on disk has modification time of '2026-09-10T16:25:03.6141825Z'
Number of updated asset objects reloaded before import = 0
Number of asset objects unloaded after import = 0
========================================================================
Received Import Request.
  Time since last request: 0.001273 seconds.
  path: Assets/StreamingAssets/klipik.rez
  artifactKey: Guid(c6703c17cc9a3ed4c85c64a4cc95ed5b) Importer(815301076,1909f56bfc062723c751e8b465ee728b)
Start importing Assets/StreamingAssets/klipik.rez using Guid(c6703c17cc9a3ed4c85c64a4cc95ed5b) Importer(815301076,1909f56bfc062723c751e8b465ee728b) [PhysX] Initialized MultithreadedTaskDispatcher with 16 workers.
 -> (artifact id: '00000000000000000000000000000000') in 0.001134 seconds
Import Error Code:(4)
Message: Build asset version error: assets/streamingassets/klipik.rez in SourceAssetDB has modification time of '2026-09-10T16:14:09.8371166Z' while content on disk has modification time of '2026-09-10T16:25:03.6141825Z'
  ERROR: Build asset version error: assets/streamingassets/klipik.rez in SourceAssetDB has modification time of '2026-09-10T16:14:09.8371166Z' while content on disk has modification time of '2026-09-10T16:25:03.6141825Z'
Number of updated asset objects reloaded before import = 0
Number of asset objects unloaded after import = 0
========================================================================
Received Import Request.
  Time since last request: 0.000729 seconds.
  path: Assets/StreamingAssets/klipik.rez
  artifactKey: Guid(c6703c17cc9a3ed4c85c64a4cc95ed5b) Importer(815301076,1909f56bfc062723c751e8b465ee728b)
Start importing Assets/StreamingAssets/klipik.rez using Guid(c6703c17cc9a3ed4c85c64a4cc95ed5b) Importer(815301076,1909f56bfc062723c751e8b465ee728b) [PhysX] Initialized MultithreadedTaskDispatcher with 16 workers.
 -> (artifact id: '00000000000000000000000000000000') in 0.001014 seconds
Import Error Code:(4)
Message: Build asset version error: assets/streamingassets/klipik.rez in SourceAssetDB has modification time of '2026-09-10T16:14:09.8371166Z' while content on disk has modification time of '2026-09-10T16:25:03.6141825Z'
  ERROR: Build asset version error: assets/streamingassets/klipik.rez in SourceAssetDB has modification time of '2026-09-10T16:14:09.8371166Z' while content on disk has modification time of '2026-09-10T16:25:03.6141825Z'
Number of updated asset objects reloaded before import = 0
Number of asset objects unloaded after import = 0
========================================================================
Received Import Request.
  Time since last request: 0.000435 seconds.
  path: Assets/StreamingAssets/klipik.rez
  artifactKey: Guid(c6703c17cc9a3ed4c85c64a4cc95ed5b) Importer(815301076,1909f56bfc062723c751e8b465ee728b)
Start importing Assets/StreamingAssets/klipik.rez using Guid(c6703c17cc9a3ed4c85c64a4cc95ed5b) Importer(815301076,1909f56bfc062723c751e8b465ee728b) [PhysX] Initialized MultithreadedTaskDispatcher with 16 workers.
 -> (artifact id: '00000000000000000000000000000000') in 0.001092 seconds
Import Error Code:(4)
Message: Build asset version error: assets/streamingassets/klipik.rez in SourceAssetDB has modification time of '2026-09-10T16:14:09.8371166Z' while content on disk has modification time of '2026-09-10T16:25:03.6141825Z'
  ERROR: Build asset version error: assets/streamingassets/klipik.rez in SourceAssetDB has modification time of '2026-09-10T16:14:09.8371166Z' while content on disk has modification time of '2026-09-10T16:25:03.6141825Z'
Number of updated asset objects reloaded before import = 0
Number of asset objects unloaded after import = 0
========================================================================
Received Import Request.
  Time since last request: 0.012871 seconds.
  path: Assets/StreamingAssets/klipik.rez
  artifactKey: Guid(c6703c17cc9a3ed4c85c64a4cc95ed5b) Importer(815301076,1909f56bfc062723c751e8b465ee728b)
Start importing Assets/StreamingAssets/klipik.rez using Guid(c6703c17cc9a3ed4c85c64a4cc95ed5b) Importer(815301076,1909f56bfc062723c751e8b465ee728b) [PhysX] Initialized MultithreadedTaskDispatcher with 16 workers.
 -> (artifact id: '00000000000000000000000000000000') in 0.001071 seconds
Import Error Code:(4)
Message: Build asset version error: assets/streamingassets/klipik.rez in SourceAssetDB has modification time of '2026-09-10T16:14:09.8371166Z' while content on disk has modification time of '2026-09-10T16:25:03.6141825Z'
  ERROR: Build asset version error: assets/streamingassets/klipik.rez in SourceAssetDB has modification time of '2026-09-10T16:14:09.8371166Z' while content on disk has modification time of '2026-09-10T16:25:03.6141825Z'
Number of updated asset objects reloaded before import = 0
Number of asset objects unloaded after import = 0
========================================================================
Received Import Request.
  Time since last request: 0.013586 seconds.
  path: Assets/StreamingAssets/klipik.rez
  artifactKey: Guid(c6703c17cc9a3ed4c85c64a4cc95ed5b) Importer(815301076,1909f56bfc062723c751e8b465ee728b)
Start importing Assets/StreamingAssets/klipik.rez using Guid(c6703c17cc9a3ed4c85c64a4cc95ed5b) Importer(815301076,1909f56bfc062723c751e8b465ee728b) [PhysX] Initialized MultithreadedTaskDispatcher with 16 workers.
 -> (artifact id: '00000000000000000000000000000000') in 0.001082 seconds
Import Error Code:(4)
Message: Build asset version error: assets/streamingassets/klipik.rez in SourceAssetDB has modification time of '2026-09-10T16:14:09.8371166Z' while content on disk has modification time of '2026-09-10T16:25:03.6141825Z'
  ERROR: Build asset version error: assets/streamingassets/klipik.rez in SourceAssetDB has modification time of '2026-09-10T16:14:09.8371166Z' while content on disk has modification time of '2026-09-10T16:25:03.6141825Z'
Number of updated asset objects reloaded before import = 0
Number of asset objects unloaded after import = 0
========================================================================
Received Import Request.
  Time since last request: 0.000547 seconds.
  path: Assets/StreamingAssets/klipik.rez
  artifactKey: Guid(c6703c17cc9a3ed4c85c64a4cc95ed5b) Importer(815301076,1909f56bfc062723c751e8b465ee728b)
Start importing Assets/StreamingAssets/klipik.rez using Guid(c6703c17cc9a3ed4c85c64a4cc95ed5b) Importer(815301076,1909f56bfc062723c751e8b465ee728b) [PhysX] Initialized MultithreadedTaskDispatcher with 16 workers.
 -> (artifact id: '00000000000000000000000000000000') in 0.001001 seconds
Import Error Code:(4)
Message: Build asset version error: assets/streamingassets/klipik.rez in SourceAssetDB has modification time of '2026-09-10T16:14:09.8371166Z' while content on disk has modification time of '2026-09-10T16:25:03.6141825Z'
  ERROR: Build asset version error: assets/streamingassets/klipik.rez in SourceAssetDB has modification time of '2026-09-10T16:14:09.8371166Z' while content on disk has modification time of '2026-09-10T16:25:03.6141825Z'
Number of updated asset objects reloaded before import = 0
Number of asset objects unloaded after import = 0
========================================================================
Received Import Request.
  Time since last request: 0.010171 seconds.
  path: Assets/StreamingAssets/klipik.rez
  artifactKey: Guid(c6703c17cc9a3ed4c85c64a4cc95ed5b) Importer(815301076,1909f56bfc062723c751e8b465ee728b)
Start importing Assets/StreamingAssets/klipik.rez using Guid(c6703c17cc9a3ed4c85c64a4cc95ed5b) Importer(815301076,1909f56bfc062723c751e8b465ee728b) [PhysX] Initialized MultithreadedTaskDispatcher with 16 workers.
 -> (artifact id: '00000000000000000000000000000000') in 0.001013 seconds
Import Error Code:(4)
Message: Build asset version error: assets/streamingassets/klipik.rez in SourceAssetDB has modification time of '2026-09-10T16:14:09.8371166Z' while content on disk has modification time of '2026-09-10T16:25:03.6141825Z'
  ERROR: Build asset version error: assets/streamingassets/klipik.rez in SourceAssetDB has modification time of '2026-09-10T16:14:09.8371166Z' while content on disk has modification time of '2026-09-10T16:25:03.6141825Z'
Number of updated asset objects reloaded before import = 0
Number of asset objects unloaded after import = 0
========================================================================
Received Import Request.
  Time since last request: 0.010698 seconds.
  path: Assets/StreamingAssets/klipik.rez
  artifactKey: Guid(c6703c17cc9a3ed4c85c64a4cc95ed5b) Importer(815301076,1909f56bfc062723c751e8b465ee728b)
Start importing Assets/StreamingAssets/klipik.rez using Guid(c6703c17cc9a3ed4c85c64a4cc95ed5b) Importer(815301076,1909f56bfc062723c751e8b465ee728b) [PhysX] Initialized MultithreadedTaskDispatcher with 16 workers.
 -> (artifact id: '00000000000000000000000000000000') in 0.001047 seconds
Import Error Code:(4)
Message: Build asset version error: assets/streamingassets/klipik.rez in SourceAssetDB has modification time of '2026-09-10T16:14:09.8371166Z' while content on disk has modification time of '2026-09-10T16:25:03.6141825Z'
  ERROR: Build asset version error: assets/streamingassets/klipik.rez in SourceAssetDB has modification time of '2026-09-10T16:14:09.8371166Z' while content on disk has modification time of '2026-09-10T16:25:03.6141825Z'
Number of updated asset objects reloaded before import = 0
Number of asset objects unloaded after import = 0
========================================================================
Received Import Request.
  Time since last request: 0.011529 seconds.
  path: Assets/StreamingAssets/klipik.rez
  artifactKey: Guid(c6703c17cc9a3ed4c85c64a4cc95ed5b) Importer(815301076,1909f56bfc062723c751e8b465ee728b)
Start importing Assets/StreamingAssets/klipik.rez using Guid(c6703c17cc9a3ed4c85c64a4cc95ed5b) Importer(815301076,1909f56bfc062723c751e8b465ee728b) [PhysX] Initialized MultithreadedTaskDispatcher with 16 workers.
 -> (artifact id: '00000000000000000000000000000000') in 0.001091 seconds
Import Error Code:(4)
Message: Build asset version error: assets/streamingassets/klipik.rez in SourceAssetDB has modification time of '2026-09-10T16:14:09.8371166Z' while content on disk has modification time of '2026-09-10T16:25:03.6141825Z'
  ERROR: Build asset version error: assets/streamingassets/klipik.rez in SourceAssetDB has modification time of '2026-09-10T16:14:09.8371166Z' while content on disk has modification time of '2026-09-10T16:25:03.6141825Z'
Number of updated asset objects reloaded before import = 0
Number of asset objects unloaded after import = 0
========================================================================
Received Import Request.
  Time since last request: 0.000424 seconds.
  path: Assets/StreamingAssets/klipik.rez
  artifactKey: Guid(c6703c17cc9a3ed4c85c64a4cc95ed5b) Importer(815301076,1909f56bfc062723c751e8b465ee728b)
Start importing Assets/StreamingAssets/klipik.rez using Guid(c6703c17cc9a3ed4c85c64a4cc95ed5b) Importer(815301076,1909f56bfc062723c751e8b465ee728b) [PhysX] Initialized MultithreadedTaskDispatcher with 16 workers.
 -> (artifact id: '00000000000000000000000000000000') in 0.001164 seconds
Import Error Code:(4)
Message: Build asset version error: assets/streamingassets/klipik.rez in SourceAssetDB has modification time of '2026-09-10T16:14:09.8371166Z' while content on disk has modification time of '2026-09-10T16:25:03.6141825Z'
  ERROR: Build asset version error: assets/streamingassets/klipik.rez in SourceAssetDB has modification time of '2026-09-10T16:14:09.8371166Z' while content on disk has modification time of '2026-09-10T16:25:03.6141825Z'
Number of updated asset objects reloaded before import = 0
Number of asset objects unloaded after import = 0
========================================================================
Received Import Request.
  Time since last request: 0.000418 seconds.
  path: Assets/StreamingAssets/klipik.rez
  artifactKey: Guid(c6703c17cc9a3ed4c85c64a4cc95ed5b) Importer(815301076,1909f56bfc062723c751e8b465ee728b)
Start importing Assets/StreamingAssets/klipik.rez using Guid(c6703c17cc9a3ed4c85c64a4cc95ed5b) Importer(815301076,1909f56bfc062723c751e8b465ee728b) [PhysX] Initialized MultithreadedTaskDispatcher with 16 workers.
 -> (artifact id: '00000000000000000000000000000000') in 0.001399 seconds
Import Error Code:(4)
Message: Build asset version error: assets/streamingassets/klipik.rez in SourceAssetDB has modification time of '2026-09-10T16:14:09.8371166Z' while content on disk has modification time of '2026-09-10T16:25:03.6141825Z'
  ERROR: Build asset version error: assets/streamingassets/klipik.rez in SourceAssetDB has modification time of '2026-09-10T16:14:09.8371166Z' while content on disk has modification time of '2026-09-10T16:25:03.6141825Z'
Number of updated asset objects reloaded before import = 0
Number of asset objects unloaded after import = 0
========================================================================
Received Import Request.
  Time since last request: 0.001308 seconds.
  path: Assets/StreamingAssets/klipik.rez
  artifactKey: Guid(c6703c17cc9a3ed4c85c64a4cc95ed5b) Importer(815301076,1909f56bfc062723c751e8b465ee728b)
Start importing Assets/StreamingAssets/klipik.rez using Guid(c6703c17cc9a3ed4c85c64a4cc95ed5b) Importer(815301076,1909f56bfc062723c751e8b465ee728b) [PhysX] Initialized MultithreadedTaskDispatcher with 16 workers.
 -> (artifact id: '00000000000000000000000000000000') in 0.001161 seconds
Import Error Code:(4)
Message: Build asset version error: assets/streamingassets/klipik.rez in SourceAssetDB has modification time of '2026-09-10T16:14:09.8371166Z' while content on disk has modification time of '2026-09-10T16:25:03.6141825Z'
  ERROR: Build asset version error: assets/streamingassets/klipik.rez in SourceAssetDB has modification time of '2026-09-10T16:14:09.8371166Z' while content on disk has modification time of '2026-09-10T16:25:03.6141825Z'
Number of updated asset objects reloaded before import = 0
Number of asset objects unloaded after import = 0
========================================================================
Received Import Request.
  Time since last request: 0.001193 seconds.
  path: Assets/StreamingAssets/klipik.rez
  artifactKey: Guid(c6703c17cc9a3ed4c85c64a4cc95ed5b) Importer(815301076,1909f56bfc062723c751e8b465ee728b)
Start importing Assets/StreamingAssets/klipik.rez using Guid(c6703c17cc9a3ed4c85c64a4cc95ed5b) Importer(815301076,1909f56bfc062723c751e8b465ee728b) [PhysX] Initialized MultithreadedTaskDispatcher with 16 workers.
 -> (artifact id: '00000000000000000000000000000000') in 0.001433 seconds
Import Error Code:(4)
Message: Build asset version error: assets/streamingassets/klipik.rez in SourceAssetDB has modification time of '2026-09-10T16:14:09.8371166Z' while content on disk has modification time of '2026-09-10T16:25:03.6141825Z'
  ERROR: Build asset version error: assets/streamingassets/klipik.rez in SourceAssetDB has modification time of '2026-09-10T16:14:09.8371166Z' while content on disk has modification time of '2026-09-10T16:25:03.6141825Z'
Number of updated asset objects reloaded before import = 0
Number of asset objects unloaded after import = 0
========================================================================
Received Import Request.
  Time since last request: 0.016033 seconds.
  path: Assets/StreamingAssets/klipik.rez
  artifactKey: Guid(c6703c17cc9a3ed4c85c64a4cc95ed5b) Importer(815301076,1909f56bfc062723c751e8b465ee728b)
Start importing Assets/StreamingAssets/klipik.rez using Guid(c6703c17cc9a3ed4c85c64a4cc95ed5b) Importer(815301076,1909f56bfc062723c751e8b465ee728b) [PhysX] Initialized MultithreadedTaskDispatcher with 16 workers.
 -> (artifact id: '00000000000000000000000000000000') in 0.001135 seconds
Import Error Code:(4)
Message: Build asset version error: assets/streamingassets/klipik.rez in SourceAssetDB has modification time of '2026-09-10T16:14:09.8371166Z' while content on disk has modification time of '2026-09-10T16:25:03.6141825Z'
  ERROR: Build asset version error: assets/streamingassets/klipik.rez in SourceAssetDB has modification time of '2026-09-10T16:14:09.8371166Z' while content on disk has modification time of '2026-09-10T16:25:03.6141825Z'
Number of updated asset objects reloaded before import = 0
Number of asset objects unloaded after import = 0
========================================================================
Received Import Request.
  Time since last request: 0.001626 seconds.
  path: Assets/StreamingAssets/klipik.rez
  artifactKey: Guid(c6703c17cc9a3ed4c85c64a4cc95ed5b) Importer(815301076,1909f56bfc062723c751e8b465ee728b)
Start importing Assets/StreamingAssets/klipik.rez using Guid(c6703c17cc9a3ed4c85c64a4cc95ed5b) Importer(815301076,1909f56bfc062723c751e8b465ee728b) [PhysX] Initialized MultithreadedTaskDispatcher with 16 workers.
 -> (artifact id: '00000000000000000000000000000000') in 0.001178 seconds
Import Error Code:(4)
Message: Build asset version error: assets/streamingassets/klipik.rez in SourceAssetDB has modification time of '2026-09-10T16:14:09.8371166Z' while content on disk has modification time of '2026-09-10T16:25:03.6141825Z'
  ERROR: Build asset version error: assets/streamingassets/klipik.rez in SourceAssetDB has modification time of '2026-09-10T16:14:09.8371166Z' while content on disk has modification time of '2026-09-10T16:25:03.6141825Z'
Number of updated asset objects reloaded before import = 0
Number of asset objects unloaded after import = 0
========================================================================
Received Import Request.
  Time since last request: 0.012660 seconds.
  path: Assets/StreamingAssets/klipik.rez
  artifactKey: Guid(c6703c17cc9a3ed4c85c64a4cc95ed5b) Importer(815301076,1909f56bfc062723c751e8b465ee728b)
Start importing Assets/StreamingAssets/klipik.rez using Guid(c6703c17cc9a3ed4c85c64a4cc95ed5b) Importer(815301076,1909f56bfc062723c751e8b465ee728b) [PhysX] Initialized MultithreadedTaskDispatcher with 16 workers.
 -> (artifact id: '00000000000000000000000000000000') in 0.001393 seconds
Import Error Code:(4)
Message: Build asset version error: assets/streamingassets/klipik.rez in SourceAssetDB has modification time of '2026-09-10T16:14:09.8371166Z' while content on disk has modification time of '2026-09-10T16:25:03.6141825Z'
  ERROR: Build asset version error: assets/streamingassets/klipik.rez in SourceAssetDB has modification time of '2026-09-10T16:14:09.8371166Z' while content on disk has modification time of '2026-09-10T16:25:03.6141825Z'
Number of updated asset objects reloaded before import = 0
Number of asset objects unloaded after import = 0
========================================================================
Received Import Request.
  Time since last request: 0.000422 seconds.
  path: Assets/StreamingAssets/klipik.rez
  artifactKey: Guid(c6703c17cc9a3ed4c85c64a4cc95ed5b) Importer(815301076,1909f56bfc062723c751e8b465ee728b)
Start importing Assets/StreamingAssets/klipik.rez using Guid(c6703c17cc9a3ed4c85c64a4cc95ed5b) Importer(815301076,1909f56bfc062723c751e8b465ee728b) [PhysX] Initialized MultithreadedTaskDispatcher with 16 workers.
 -> (artifact id: '00000000000000000000000000000000') in 0.001022 seconds
Import Error Code:(4)
Message: Build asset version error: assets/streamingassets/klipik.rez in SourceAssetDB has modification time of '2026-09-10T16:14:09.8371166Z' while content on disk has modification time of '2026-09-10T16:25:03.6141825Z'
  ERROR: Build asset version error: assets/streamingassets/klipik.rez in SourceAssetDB has modification time of '2026-09-10T16:14:09.8371166Z' while content on disk has modification time of '2026-09-10T16:25:03.6141825Z'
Number of updated asset objects reloaded before import = 0
Number of asset objects unloaded after import = 0
========================================================================
Received Import Request.
  Time since last request: 0.011552 seconds.
  path: Assets/StreamingAssets/klipik.rez
  artifactKey: Guid(c6703c17cc9a3ed4c85c64a4cc95ed5b) Importer(815301076,1909f56bfc062723c751e8b465ee728b)
Start importing Assets/StreamingAssets/klipik.rez using Guid(c6703c17cc9a3ed4c85c64a4cc95ed5b) Importer(815301076,1909f56bfc062723c751e8b465ee728b) [PhysX] Initialized MultithreadedTaskDispatcher with 16 workers.
 -> (artifact id: '00000000000000000000000000000000') in 0.001057 seconds
Import Error Code:(4)
Message: Build asset version error: assets/streamingassets/klipik.rez in SourceAssetDB has modification time of '2026-09-10T16:14:09.8371166Z' while content on disk has modification time of '2026-09-10T16:25:03.6141825Z'
  ERROR: Build asset version error: assets/streamingassets/klipik.rez in SourceAssetDB has modification time of '2026-09-10T16:14:09.8371166Z' while content on disk has modification time of '2026-09-10T16:25:03.6141825Z'
Number of updated asset objects reloaded before import = 0
Number of asset objects unloaded after import = 0
========================================================================
Received Import Request.
  Time since last request: 0.011667 seconds.
  path: Assets/StreamingAssets/klipik.rez
  artifactKey: Guid(c6703c17cc9a3ed4c85c64a4cc95ed5b) Importer(815301076,1909f56bfc062723c751e8b465ee728b)
Start importing Assets/StreamingAssets/klipik.rez using Guid(c6703c17cc9a3ed4c85c64a4cc95ed5b) Importer(815301076,1909f56bfc062723c751e8b465ee728b) [PhysX] Initialized MultithreadedTaskDispatcher with 16 workers.
 -> (artifact id: '00000000000000000000000000000000') in 0.001076 seconds
Import Error Code:(4)
Message: Build asset version error: assets/streamingassets/klipik.rez in SourceAssetDB has modification time of '2026-09-10T16:14:09.8371166Z' while content on disk has modification time of '2026-09-10T16:25:03.6141825Z'
  ERROR: Build asset version error: assets/streamingassets/klipik.rez in SourceAssetDB has modification time of '2026-09-10T16:14:09.8371166Z' while content on disk has modification time of '2026-09-10T16:25:03.6141825Z'
Number of updated asset objects reloaded before import = 0
Number of asset objects unloaded after import = 0
========================================================================
Received Import Request.
  Time since last request: 0.000614 seconds.
  path: Assets/StreamingAssets/klipik.rez
  artifactKey: Guid(c6703c17cc9a3ed4c85c64a4cc95ed5b) Importer(815301076,1909f56bfc062723c751e8b465ee728b)
Start importing Assets/StreamingAssets/klipik.rez using Guid(c6703c17cc9a3ed4c85c64a4cc95ed5b) Importer(815301076,1909f56bfc062723c751e8b465ee728b) [PhysX] Initialized MultithreadedTaskDispatcher with 16 workers.
 -> (artifact id: '00000000000000000000000000000000') in 0.001210 seconds
Import Error Code:(4)
Message: Build asset version error: assets/streamingassets/klipik.rez in SourceAssetDB has modification time of '2026-09-10T16:14:09.8371166Z' while content on disk has modification time of '2026-09-10T16:25:03.6141825Z'
  ERROR: Build asset version error: assets/streamingassets/klipik.rez in SourceAssetDB has modification time of '2026-09-10T16:14:09.8371166Z' while content on disk has modification time of '2026-09-10T16:25:03.6141825Z'
Number of updated asset objects reloaded before import = 0
Number of asset objects unloaded after import = 0
========================================================================
Received Import Request.
  Time since last request: 0.012138 seconds.
  path: Assets/StreamingAssets/klipik.rez
  artifactKey: Guid(c6703c17cc9a3ed4c85c64a4cc95ed5b) Importer(815301076,1909f56bfc062723c751e8b465ee728b)
Start importing Assets/StreamingAssets/klipik.rez using Guid(c6703c17cc9a3ed4c85c64a4cc95ed5b) Importer(815301076,1909f56bfc062723c751e8b465ee728b) [PhysX] Initialized MultithreadedTaskDispatcher with 16 workers.
 -> (artifact id: '00000000000000000000000000000000') in 0.001200 seconds
Import Error Code:(4)
Message: Build asset version error: assets/streamingassets/klipik.rez in SourceAssetDB has modification time of '2026-09-10T16:14:09.8371166Z' while content on disk has modification time of '2026-09-10T16:25:03.6141825Z'
  ERROR: Build asset version error: assets/streamingassets/klipik.rez in SourceAssetDB has modification time of '2026-09-10T16:14:09.8371166Z' while content on disk has modification time of '2026-09-10T16:25:03.6141825Z'
Number of updated asset objects reloaded before import = 0
Number of asset objects unloaded after import = 0
========================================================================
Received Import Request.
  Time since last request: 0.000495 seconds.
  path: Assets/StreamingAssets/klipik.rez
  artifactKey: Guid(c6703c17cc9a3ed4c85c64a4cc95ed5b) Importer(815301076,1909f56bfc062723c751e8b465ee728b)
Start importing Assets/StreamingAssets/klipik.rez using Guid(c6703c17cc9a3ed4c85c64a4cc95ed5b) Importer(815301076,1909f56bfc062723c751e8b465ee728b) [PhysX] Initialized MultithreadedTaskDispatcher with 16 workers.
 -> (artifact id: '00000000000000000000000000000000') in 0.001206 seconds
Import Error Code:(4)
Message: Build asset version error: assets/streamingassets/klipik.rez in SourceAssetDB has modification time of '2026-09-10T16:14:09.8371166Z' while content on disk has modification time of '2026-09-10T16:25:03.6141825Z'
  ERROR: Build asset version error: assets/streamingassets/klipik.rez in SourceAssetDB has modification time of '2026-09-10T16:14:09.8371166Z' while content on disk has modification time of '2026-09-10T16:25:03.6141825Z'
Number of updated asset objects reloaded before import = 0
Number of asset objects unloaded after import = 0
========================================================================
Received Import Request.
  Time since last request: 0.000691 seconds.
  path: Assets/StreamingAssets/klipik.rez
  artifactKey: Guid(c6703c17cc9a3ed4c85c64a4cc95ed5b) Importer(815301076,1909f56bfc062723c751e8b465ee728b)
Start importing Assets/StreamingAssets/klipik.rez using Guid(c6703c17cc9a3ed4c85c64a4cc95ed5b) Importer(815301076,1909f56bfc062723c751e8b465ee728b) [PhysX] Initialized MultithreadedTaskDispatcher with 16 workers.
 -> (artifact id: '00000000000000000000000000000000') in 0.001353 seconds
Import Error Code:(4)
Message: Build asset version error: assets/streamingassets/klipik.rez in SourceAssetDB has modification time of '2026-09-10T16:14:09.8371166Z' while content on disk has modification time of '2026-09-10T16:25:03.6141825Z'
  ERROR: Build asset version error: assets/streamingassets/klipik.rez in SourceAssetDB has modification time of '2026-09-10T16:14:09.8371166Z' while content on disk has modification time of '2026-09-10T16:25:03.6141825Z'
Number of updated asset objects reloaded before import = 0
Number of asset objects unloaded after import = 0
========================================================================
Received Import Request.
  Time since last request: 0.015402 seconds.
  path: Assets/StreamingAssets/klipik.rez
  artifactKey: Guid(c6703c17cc9a3ed4c85c64a4cc95ed5b) Importer(815301076,1909f56bfc062723c751e8b465ee728b)
Start importing Assets/StreamingAssets/klipik.rez using Guid(c6703c17cc9a3ed4c85c64a4cc95ed5b) Importer(815301076,1909f56bfc062723c751e8b465ee728b) [PhysX] Initialized MultithreadedTaskDispatcher with 16 workers.
 -> (artifact id: '00000000000000000000000000000000') in 0.001207 seconds
Import Error Code:(4)
Message: Build asset version error: assets/streamingassets/klipik.rez in SourceAssetDB has modification time of '2026-09-10T16:14:09.8371166Z' while content on disk has modification time of '2026-09-10T16:25:03.6141825Z'
  ERROR: Build asset version error: assets/streamingassets/klipik.rez in SourceAssetDB has modification time of '2026-09-10T16:14:09.8371166Z' while content on disk has modification time of '2026-09-10T16:25:03.6141825Z'
Number of updated asset objects reloaded before import = 0
Number of asset objects unloaded after import = 0
========================================================================
Received Import Request.
  Time since last request: 0.000618 seconds.
  path: Assets/StreamingAssets/klipik.rez
  artifactKey: Guid(c6703c17cc9a3ed4c85c64a4cc95ed5b) Importer(815301076,1909f56bfc062723c751e8b465ee728b)
Start importing Assets/StreamingAssets/klipik.rez using Guid(c6703c17cc9a3ed4c85c64a4cc95ed5b) Importer(815301076,1909f56bfc062723c751e8b465ee728b) [PhysX] Initialized MultithreadedTaskDispatcher with 16 workers.
 -> (artifact id: '00000000000000000000000000000000') in 0.001211 seconds
Import Error Code:(4)
Message: Build asset version error: assets/streamingassets/klipik.rez in SourceAssetDB has modification time of '2026-09-10T16:14:09.8371166Z' while content on disk has modification time of '2026-09-10T16:25:03.6141825Z'
  ERROR: Build asset version error: assets/streamingassets/klipik.rez in SourceAssetDB has modification time of '2026-09-10T16:14:09.8371166Z' while content on disk has modification time of '2026-09-10T16:25:03.6141825Z'
Number of updated asset objects reloaded before import = 0
Number of asset objects unloaded after import = 0
========================================================================
Received Import Request.
  Time since last request: 0.000495 seconds.
  path: Assets/StreamingAssets/klipik.rez
  artifactKey: Guid(c6703c17cc9a3ed4c85c64a4cc95ed5b) Importer(815301076,1909f56bfc062723c751e8b465ee728b)
Start importing Assets/StreamingAssets/klipik.rez using Guid(c6703c17cc9a3ed4c85c64a4cc95ed5b) Importer(815301076,1909f56bfc062723c751e8b465ee728b) [PhysX] Initialized MultithreadedTaskDispatcher with 16 workers.
 -> (artifact id: '00000000000000000000000000000000') in 0.001200 seconds
Import Error Code:(4)
Message: Build asset version error: assets/streamingassets/klipik.rez in SourceAssetDB has modification time of '2026-09-10T16:14:09.8371166Z' while content on disk has modification time of '2026-09-10T16:25:03.6141825Z'
  ERROR: Build asset version error: assets/streamingassets/klipik.rez in SourceAssetDB has modification time of '2026-09-10T16:14:09.8371166Z' while content on disk has modification time of '2026-09-10T16:25:03.6141825Z'
Number of updated asset objects reloaded before import = 0
Number of asset objects unloaded after import = 0
========================================================================
Received Import Request.
  Time since last request: 0.011603 seconds.
  path: Assets/StreamingAssets/klipik.rez
  artifactKey: Guid(c6703c17cc9a3ed4c85c64a4cc95ed5b) Importer(815301076,1909f56bfc062723c751e8b465ee728b)
Start importing Assets/StreamingAssets/klipik.rez using Guid(c6703c17cc9a3ed4c85c64a4cc95ed5b) Importer(815301076,1909f56bfc062723c751e8b465ee728b) [PhysX] Initialized MultithreadedTaskDispatcher with 16 workers.
 -> (artifact id: '00000000000000000000000000000000') in 0.001075 seconds
Import Error Code:(4)
Message: Build asset version error: assets/streamingassets/klipik.rez in SourceAssetDB has modification time of '2026-09-10T16:14:09.8371166Z' while content on disk has modification time of '2026-09-10T16:25:03.6141825Z'
  ERROR: Build asset version error: assets/streamingassets/klipik.rez in SourceAssetDB has modification time of '2026-09-10T16:14:09.8371166Z' while content on disk has modification time of '2026-09-10T16:25:03.6141825Z'
Number of updated asset objects reloaded before import = 0
Number of asset objects unloaded after import = 0
========================================================================
Received Import Request.
  Time since last request: 0.013085 seconds.
  path: Assets/StreamingAssets/klipik.rez
  artifactKey: Guid(c6703c17cc9a3ed4c85c64a4cc95ed5b) Importer(815301076,1909f56bfc062723c751e8b465ee728b)
Start importing Assets/StreamingAssets/klipik.rez using Guid(c6703c17cc9a3ed4c85c64a4cc95ed5b) Importer(815301076,1909f56bfc062723c751e8b465ee728b) [PhysX] Initialized MultithreadedTaskDispatcher with 16 workers.
 -> (artifact id: '00000000000000000000000000000000') in 0.001147 seconds
Import Error Code:(4)
Message: Build asset version error: assets/streamingassets/klipik.rez in SourceAssetDB has modification time of '2026-09-10T16:14:09.8371166Z' while content on disk has modification time of '2026-09-10T16:25:03.6141825Z'
  ERROR: Build asset version error: assets/streamingassets/klipik.rez in SourceAssetDB has modification time of '2026-09-10T16:14:09.8371166Z' while content on disk has modification time of '2026-09-10T16:25:03.6141825Z'
Number of updated asset objects reloaded before import = 0
Number of asset objects unloaded after import = 0
========================================================================
Received Import Request.
  Time since last request: 0.012179 seconds.
  path: Assets/StreamingAssets/klipik.rez
  artifactKey: Guid(c6703c17cc9a3ed4c85c64a4cc95ed5b) Importer(815301076,1909f56bfc062723c751e8b465ee728b)
Start importing Assets/StreamingAssets/klipik.rez using Guid(c6703c17cc9a3ed4c85c64a4cc95ed5b) Importer(815301076,1909f56bfc062723c751e8b465ee728b) [PhysX] Initialized MultithreadedTaskDispatcher with 16 workers.
 -> (artifact id: '00000000000000000000000000000000') in 0.001048 seconds
Import Error Code:(4)
Message: Build asset version error: assets/streamingassets/klipik.rez in SourceAssetDB has modification time of '2026-09-10T16:14:09.8371166Z' while content on disk has modification time of '2026-09-10T16:25:03.6141825Z'
  ERROR: Build asset version error: assets/streamingassets/klipik.rez in SourceAssetDB has modification time of '2026-09-10T16:14:09.8371166Z' while content on disk has modification time of '2026-09-10T16:25:03.6141825Z'
Number of updated asset objects reloaded before import = 0
Number of asset objects unloaded after import = 0
========================================================================
Received Import Request.
  Time since last request: 0.013476 seconds.
  path: Assets/StreamingAssets/klipik.rez
  artifactKey: Guid(c6703c17cc9a3ed4c85c64a4cc95ed5b) Importer(815301076,1909f56bfc062723c751e8b465ee728b)
Start importing Assets/StreamingAssets/klipik.rez using Guid(c6703c17cc9a3ed4c85c64a4cc95ed5b) Importer(815301076,1909f56bfc062723c751e8b465ee728b) [PhysX] Initialized MultithreadedTaskDispatcher with 16 workers.
 -> (artifact id: '00000000000000000000000000000000') in 0.001057 seconds
Import Error Code:(4)
Message: Build asset version error: assets/streamingassets/klipik.rez in SourceAssetDB has modification time of '2026-09-10T16:14:09.8371166Z' while content on disk has modification time of '2026-09-10T16:25:03.6141825Z'
  ERROR: Build asset version error: assets/streamingassets/klipik.rez in SourceAssetDB has modification time of '2026-09-10T16:14:09.8371166Z' while content on disk has modification time of '2026-09-10T16:25:03.6141825Z'
Number of updated asset objects reloaded before import = 0
Number of asset objects unloaded after import = 0
========================================================================
Received Import Request.
  Time since last request: 0.011935 seconds.
  path: Assets/StreamingAssets/klipik.rez
  artifactKey: Guid(c6703c17cc9a3ed4c85c64a4cc95ed5b) Importer(815301076,1909f56bfc062723c751e8b465ee728b)
Start importing Assets/StreamingAssets/klipik.rez using Guid(c6703c17cc9a3ed4c85c64a4cc95ed5b) Importer(815301076,1909f56bfc062723c751e8b465ee728b) [PhysX] Initialized MultithreadedTaskDispatcher with 16 workers.
 -> (artifact id: '00000000000000000000000000000000') in 0.001095 seconds
Import Error Code:(4)
Message: Build asset version error: assets/streamingassets/klipik.rez in SourceAssetDB has modification time of '2026-09-10T16:14:09.8371166Z' while content on disk has modification time of '2026-09-10T16:25:03.6141825Z'
  ERROR: Build asset version error: assets/streamingassets/klipik.rez in SourceAssetDB has modification time of '2026-09-10T16:14:09.8371166Z' while content on disk has modification time of '2026-09-10T16:25:03.6141825Z'
Number of updated asset objects reloaded before import = 0
Number of asset objects unloaded after import = 0
========================================================================
Received Import Request.
  Time since last request: 0.000619 seconds.
  path: Assets/StreamingAssets/klipik.rez
  artifactKey: Guid(c6703c17cc9a3ed4c85c64a4cc95ed5b) Importer(815301076,1909f56bfc062723c751e8b465ee728b)
Start importing Assets/StreamingAssets/klipik.rez using Guid(c6703c17cc9a3ed4c85c64a4cc95ed5b) Importer(815301076,1909f56bfc062723c751e8b465ee728b) [PhysX] Initialized MultithreadedTaskDispatcher with 16 workers.
 -> (artifact id: '00000000000000000000000000000000') in 0.001175 seconds
Import Error Code:(4)
Message: Build asset version error: assets/streamingassets/klipik.rez in SourceAssetDB has modification time of '2026-09-10T16:14:09.8371166Z' while content on disk has modification time of '2026-09-10T16:25:03.6141825Z'
  ERROR: Build asset version error: assets/streamingassets/klipik.rez in SourceAssetDB has modification time of '2026-09-10T16:14:09.8371166Z' while content on disk has modification time of '2026-09-10T16:25:03.6141825Z'
Number of updated asset objects reloaded before import = 0
Number of asset objects unloaded after import = 0
========================================================================
Received Import Request.
  Time since last request: 0.000927 seconds.
  path: Assets/StreamingAssets/klipik.rez
  artifactKey: Guid(c6703c17cc9a3ed4c85c64a4cc95ed5b) Importer(815301076,1909f56bfc062723c751e8b465ee728b)
Start importing Assets/StreamingAssets/klipik.rez using Guid(c6703c17cc9a3ed4c85c64a4cc95ed5b) Importer(815301076,1909f56bfc062723c751e8b465ee728b) [PhysX] Initialized MultithreadedTaskDispatcher with 16 workers.
 -> (artifact id: '00000000000000000000000000000000') in 0.001020 seconds
Import Error Code:(4)
Message: Build asset version error: assets/streamingassets/klipik.rez in SourceAssetDB has modification time of '2026-09-10T16:14:09.8371166Z' while content on disk has modification time of '2026-09-10T16:25:03.6141825Z'
  ERROR: Build asset version error: assets/streamingassets/klipik.rez in SourceAssetDB has modification time of '2026-09-10T16:14:09.8371166Z' while content on disk has modification time of '2026-09-10T16:25:03.6141825Z'
Number of updated asset objects reloaded before import = 0
Number of asset objects unloaded after import = 0
========================================================================
Received Import Request.
  Time since last request: 0.011359 seconds.
  path: Assets/StreamingAssets/klipik.rez
  artifactKey: Guid(c6703c17cc9a3ed4c85c64a4cc95ed5b) Importer(815301076,1909f56bfc062723c751e8b465ee728b)
Start importing Assets/StreamingAssets/klipik.rez using Guid(c6703c17cc9a3ed4c85c64a4cc95ed5b) Importer(815301076,1909f56bfc062723c751e8b465ee728b) [PhysX] Initialized MultithreadedTaskDispatcher with 16 workers.
 -> (artifact id: '00000000000000000000000000000000') in 0.000996 seconds
Import Error Code:(4)
Message: Build asset version error: assets/streamingassets/klipik.rez in SourceAssetDB has modification time of '2026-09-10T16:14:09.8371166Z' while content on disk has modification time of '2026-09-10T16:25:03.6141825Z'
  ERROR: Build asset version error: assets/streamingassets/klipik.rez in SourceAssetDB has modification time of '2026-09-10T16:14:09.8371166Z' while content on disk has modification time of '2026-09-10T16:25:03.6141825Z'
Number of updated asset objects reloaded before import = 0
Number of asset objects unloaded after import = 0
========================================================================
Received Import Request.
  Time since last request: 0.010783 seconds.
  path: Assets/StreamingAssets/klipik.rez
  artifactKey: Guid(c6703c17cc9a3ed4c85c64a4cc95ed5b) Importer(815301076,1909f56bfc062723c751e8b465ee728b)
Start importing Assets/StreamingAssets/klipik.rez using Guid(c6703c17cc9a3ed4c85c64a4cc95ed5b) Importer(815301076,1909f56bfc062723c751e8b465ee728b) [PhysX] Initialized MultithreadedTaskDispatcher with 16 workers.
 -> (artifact id: '00000000000000000000000000000000') in 0.001046 seconds
Import Error Code:(4)
Message: Build asset version error: assets/streamingassets/klipik.rez in SourceAssetDB has modification time of '2026-09-10T16:14:09.8371166Z' while content on disk has modification time of '2026-09-10T16:25:03.6141825Z'
  ERROR: Build asset version error: assets/streamingassets/klipik.rez in SourceAssetDB has modification time of '2026-09-10T16:14:09.8371166Z' while content on disk has modification time of '2026-09-10T16:25:03.6141825Z'
Number of updated asset objects reloaded before import = 0
Number of asset objects unloaded after import = 0
========================================================================
Received Import Request.
  Time since last request: 0.000710 seconds.
  path: Assets/StreamingAssets/klipik.rez
  artifactKey: Guid(c6703c17cc9a3ed4c85c64a4cc95ed5b) Importer(815301076,1909f56bfc062723c751e8b465ee728b)
Start importing Assets/StreamingAssets/klipik.rez using Guid(c6703c17cc9a3ed4c85c64a4cc95ed5b) Importer(815301076,1909f56bfc062723c751e8b465ee728b) [PhysX] Initialized MultithreadedTaskDispatcher with 16 workers.
 -> (artifact id: '00000000000000000000000000000000') in 0.001112 seconds
Import Error Code:(4)
Message: Build asset version error: assets/streamingassets/klipik.rez in SourceAssetDB has modification time of '2026-09-10T16:14:09.8371166Z' while content on disk has modification time of '2026-09-10T16:25:03.6141825Z'
  ERROR: Build asset version error: assets/streamingassets/klipik.rez in SourceAssetDB has modification time of '2026-09-10T16:14:09.8371166Z' while content on disk has modification time of '2026-09-10T16:25:03.6141825Z'
Number of updated asset objects reloaded before import = 0
Number of asset objects unloaded after import = 0
========================================================================
Received Import Request.
  Time since last request: 0.012699 seconds.
  path: Assets/StreamingAssets/klipik.rez
  artifactKey: Guid(c6703c17cc9a3ed4c85c64a4cc95ed5b) Importer(815301076,1909f56bfc062723c751e8b465ee728b)
Start importing Assets/StreamingAssets/klipik.rez using Guid(c6703c17cc9a3ed4c85c64a4cc95ed5b) Importer(815301076,1909f56bfc062723c751e8b465ee728b) [PhysX] Initialized MultithreadedTaskDispatcher with 16 workers.
 -> (artifact id: '00000000000000000000000000000000') in 0.001023 seconds
Import Error Code:(4)
Message: Build asset version error: assets/streamingassets/klipik.rez in SourceAssetDB has modification time of '2026-09-10T16:14:09.8371166Z' while content on disk has modification time of '2026-09-10T16:25:03.6141825Z'
  ERROR: Build asset version error: assets/streamingassets/klipik.rez in SourceAssetDB has modification time of '2026-09-10T16:14:09.8371166Z' while content on disk has modification time of '2026-09-10T16:25:03.6141825Z'
Number of updated asset objects reloaded before import = 0
Number of asset objects unloaded after import = 0
========================================================================
Received Import Request.
  Time since last request: 0.012694 seconds.
  path: Assets/StreamingAssets/klipik.rez
  artifactKey: Guid(c6703c17cc9a3ed4c85c64a4cc95ed5b) Importer(815301076,1909f56bfc062723c751e8b465ee728b)
Start importing Assets/StreamingAssets/klipik.rez using Guid(c6703c17cc9a3ed4c85c64a4cc95ed5b) Importer(815301076,1909f56bfc062723c751e8b465ee728b) [PhysX] Initialized MultithreadedTaskDispatcher with 16 workers.
 -> (artifact id: '00000000000000000000000000000000') in 0.001259 seconds
Import Error Code:(4)
Message: Build asset version error: assets/streamingassets/klipik.rez in SourceAssetDB has modification time of '2026-09-10T16:14:09.8371166Z' while content on disk has modification time of '2026-09-10T16:25:03.6141825Z'
  ERROR: Build asset version error: assets/streamingassets/klipik.rez in SourceAssetDB has modification time of '2026-09-10T16:14:09.8371166Z' while content on disk has modification time of '2026-09-10T16:25:03.6141825Z'
Number of updated asset objects reloaded before import = 0
Number of asset objects unloaded after import = 0
========================================================================
Received Import Request.
  Time since last request: 0.014387 seconds.
  path: Assets/StreamingAssets/klipik.rez
  artifactKey: Guid(c6703c17cc9a3ed4c85c64a4cc95ed5b) Importer(815301076,1909f56bfc062723c751e8b465ee728b)
Start importing Assets/StreamingAssets/klipik.rez using Guid(c6703c17cc9a3ed4c85c64a4cc95ed5b) Importer(815301076,1909f56bfc062723c751e8b465ee728b) [PhysX] Initialized MultithreadedTaskDispatcher with 16 workers.
 -> (artifact id: '00000000000000000000000000000000') in 0.001503 seconds
Import Error Code:(4)
Message: Build asset version error: assets/streamingassets/klipik.rez in SourceAssetDB has modification time of '2026-09-10T16:14:09.8371166Z' while content on disk has modification time of '2026-09-10T16:25:03.6141825Z'
  ERROR: Build asset version error: assets/streamingassets/klipik.rez in SourceAssetDB has modification time of '2026-09-10T16:14:09.8371166Z' while content on disk has modification time of '2026-09-10T16:25:03.6141825Z'
Number of updated asset objects reloaded before import = 0
Number of asset objects unloaded after import = 0
========================================================================
Received Import Request.
  Time since last request: 0.000562 seconds.
  path: Assets/StreamingAssets/klipik.rez
  artifactKey: Guid(c6703c17cc9a3ed4c85c64a4cc95ed5b) Importer(815301076,1909f56bfc062723c751e8b465ee728b)
Start importing Assets/StreamingAssets/klipik.rez using Guid(c6703c17cc9a3ed4c85c64a4cc95ed5b) Importer(815301076,1909f56bfc062723c751e8b465ee728b) [PhysX] Initialized MultithreadedTaskDispatcher with 16 workers.
 -> (artifact id: '00000000000000000000000000000000') in 0.001168 seconds
Import Error Code:(4)
Message: Build asset version error: assets/streamingassets/klipik.rez in SourceAssetDB has modification time of '2026-09-10T16:14:09.8371166Z' while content on disk has modification time of '2026-09-10T16:25:03.6141825Z'
  ERROR: Build asset version error: assets/streamingassets/klipik.rez in SourceAssetDB has modification time of '2026-09-10T16:14:09.8371166Z' while content on disk has modification time of '2026-09-10T16:25:03.6141825Z'
Number of updated asset objects reloaded before import = 0
Number of asset objects unloaded after import = 0
========================================================================
Received Import Request.
  Time since last request: 0.012734 seconds.
  path: Assets/StreamingAssets/klipik.rez
  artifactKey: Guid(c6703c17cc9a3ed4c85c64a4cc95ed5b) Importer(815301076,1909f56bfc062723c751e8b465ee728b)
Start importing Assets/StreamingAssets/klipik.rez using Guid(c6703c17cc9a3ed4c85c64a4cc95ed5b) Importer(815301076,1909f56bfc062723c751e8b465ee728b) [PhysX] Initialized MultithreadedTaskDispatcher with 16 workers.
 -> (artifact id: '00000000000000000000000000000000') in 0.001181 seconds
Import Error Code:(4)
Message: Build asset version error: assets/streamingassets/klipik.rez in SourceAssetDB has modification time of '2026-09-10T16:14:09.8371166Z' while content on disk has modification time of '2026-09-10T16:25:03.6141825Z'
  ERROR: Build asset version error: assets/streamingassets/klipik.rez in SourceAssetDB has modification time of '2026-09-10T16:14:09.8371166Z' while content on disk has modification time of '2026-09-10T16:25:03.6141825Z'
Number of updated asset objects reloaded before import = 0
Number of asset objects unloaded after import = 0
========================================================================
Received Import Request.
  Time since last request: 0.011491 seconds.
  path: Assets/StreamingAssets/klipik.rez
  artifactKey: Guid(c6703c17cc9a3ed4c85c64a4cc95ed5b) Importer(815301076,1909f56bfc062723c751e8b465ee728b)
Start importing Assets/StreamingAssets/klipik.rez using Guid(c6703c17cc9a3ed4c85c64a4cc95ed5b) Importer(815301076,1909f56bfc062723c751e8b465ee728b) [PhysX] Initialized MultithreadedTaskDispatcher with 16 workers.
 -> (artifact id: '00000000000000000000000000000000') in 0.001209 seconds
Import Error Code:(4)
Message: Build asset version error: assets/streamingassets/klipik.rez in SourceAssetDB has modification time of '2026-09-10T16:14:09.8371166Z' while content on disk has modification time of '2026-09-10T16:25:03.6141825Z'
  ERROR: Build asset version error: assets/streamingassets/klipik.rez in SourceAssetDB has modification time of '2026-09-10T16:14:09.8371166Z' while content on disk has modification time of '2026-09-10T16:25:03.6141825Z'
Number of updated asset objects reloaded before import = 0
Number of asset objects unloaded after import = 0
========================================================================
Received Import Request.
  Time since last request: 0.000669 seconds.
  path: Assets/StreamingAssets/klipik.rez
  artifactKey: Guid(c6703c17cc9a3ed4c85c64a4cc95ed5b) Importer(815301076,1909f56bfc062723c751e8b465ee728b)
Start importing Assets/StreamingAssets/klipik.rez using Guid(c6703c17cc9a3ed4c85c64a4cc95ed5b) Importer(815301076,1909f56bfc062723c751e8b465ee728b) [PhysX] Initialized MultithreadedTaskDispatcher with 16 workers.
 -> (artifact id: '00000000000000000000000000000000') in 0.000986 seconds
Import Error Code:(4)
Message: Build asset version error: assets/streamingassets/klipik.rez in SourceAssetDB has modification time of '2026-09-10T16:14:09.8371166Z' while content on disk has modification time of '2026-09-10T16:25:03.6141825Z'
  ERROR: Build asset version error: assets/streamingassets/klipik.rez in SourceAssetDB has modification time of '2026-09-10T16:14:09.8371166Z' while content on disk has modification time of '2026-09-10T16:25:03.6141825Z'
Number of updated asset objects reloaded before import = 0
Number of asset objects unloaded after import = 0
========================================================================
Received Import Request.
  Time since last request: 0.011304 seconds.
  path: Assets/StreamingAssets/klipik.rez
  artifactKey: Guid(c6703c17cc9a3ed4c85c64a4cc95ed5b) Importer(815301076,1909f56bfc062723c751e8b465ee728b)
Start importing Assets/StreamingAssets/klipik.rez using Guid(c6703c17cc9a3ed4c85c64a4cc95ed5b) Importer(815301076,1909f56bfc062723c751e8b465ee728b) [PhysX] Initialized MultithreadedTaskDispatcher with 16 workers.
 -> (artifact id: '00000000000000000000000000000000') in 0.001066 seconds
Import Error Code:(4)
Message: Build asset version error: assets/streamingassets/klipik.rez in SourceAssetDB has modification time of '2026-09-10T16:14:09.8371166Z' while content on disk has modification time of '2026-09-10T16:25:03.6141825Z'
  ERROR: Build asset version error: assets/streamingassets/klipik.rez in SourceAssetDB has modification time of '2026-09-10T16:14:09.8371166Z' while content on disk has modification time of '2026-09-10T16:25:03.6141825Z'
Number of updated asset objects reloaded before import = 0
Number of asset objects unloaded after import = 0
========================================================================
Received Import Request.
  Time since last request: 0.000917 seconds.
  path: Assets/StreamingAssets/klipik.rez
  artifactKey: Guid(c6703c17cc9a3ed4c85c64a4cc95ed5b) Importer(815301076,1909f56bfc062723c751e8b465ee728b)
Start importing Assets/StreamingAssets/klipik.rez using Guid(c6703c17cc9a3ed4c85c64a4cc95ed5b) Importer(815301076,1909f56bfc062723c751e8b465ee728b) [PhysX] Initialized MultithreadedTaskDispatcher with 16 workers.
 -> (artifact id: '00000000000000000000000000000000') in 0.001143 seconds
Import Error Code:(4)
Message: Build asset version error: assets/streamingassets/klipik.rez in SourceAssetDB has modification time of '2026-09-10T16:14:09.8371166Z' while content on disk has modification time of '2026-09-10T16:25:03.6141825Z'
  ERROR: Build asset version error: assets/streamingassets/klipik.rez in SourceAssetDB has modification time of '2026-09-10T16:14:09.8371166Z' while content on disk has modification time of '2026-09-10T16:25:03.6141825Z'
Number of updated asset objects reloaded before import = 0
Number of asset objects unloaded after import = 0
========================================================================
Received Import Request.
  Time since last request: 0.013000 seconds.
  path: Assets/StreamingAssets/klipik.rez
  artifactKey: Guid(c6703c17cc9a3ed4c85c64a4cc95ed5b) Importer(815301076,1909f56bfc062723c751e8b465ee728b)
Start importing Assets/StreamingAssets/klipik.rez using Guid(c6703c17cc9a3ed4c85c64a4cc95ed5b) Importer(815301076,1909f56bfc062723c751e8b465ee728b) [PhysX] Initialized MultithreadedTaskDispatcher with 16 workers.
 -> (artifact id: '00000000000000000000000000000000') in 0.001642 seconds
Import Error Code:(4)
Message: Build asset version error: assets/streamingassets/klipik.rez in SourceAssetDB has modification time of '2026-09-10T16:14:09.8371166Z' while content on disk has modification time of '2026-09-10T16:25:03.6141825Z'
  ERROR: Build asset version error: assets/streamingassets/klipik.rez in SourceAssetDB has modification time of '2026-09-10T16:14:09.8371166Z' while content on disk has modification time of '2026-09-10T16:25:03.6141825Z'
Number of updated asset objects reloaded before import = 0
Number of asset objects unloaded after import = 0
========================================================================
Received Import Request.
  Time since last request: 0.000726 seconds.
  path: Assets/StreamingAssets/klipik.rez
  artifactKey: Guid(c6703c17cc9a3ed4c85c64a4cc95ed5b) Importer(815301076,1909f56bfc062723c751e8b465ee728b)
Start importing Assets/StreamingAssets/klipik.rez using Guid(c6703c17cc9a3ed4c85c64a4cc95ed5b) Importer(815301076,1909f56bfc062723c751e8b465ee728b) [PhysX] Initialized MultithreadedTaskDispatcher with 16 workers.
 -> (artifact id: '00000000000000000000000000000000') in 0.001083 seconds
Import Error Code:(4)
Message: Build asset version error: assets/streamingassets/klipik.rez in SourceAssetDB has modification time of '2026-09-10T16:14:09.8371166Z' while content on disk has modification time of '2026-09-10T16:25:03.6141825Z'
  ERROR: Build asset version error: assets/streamingassets/klipik.rez in SourceAssetDB has modification time of '2026-09-10T16:14:09.8371166Z' while content on disk has modification time of '2026-09-10T16:25:03.6141825Z'
Number of updated asset objects reloaded before import = 0
Number of asset objects unloaded after import = 0
========================================================================
Received Import Request.
  Time since last request: 0.012587 seconds.
  path: Assets/StreamingAssets/klipik.rez
  artifactKey: Guid(c6703c17cc9a3ed4c85c64a4cc95ed5b) Importer(815301076,1909f56bfc062723c751e8b465ee728b)
Start importing Assets/StreamingAssets/klipik.rez using Guid(c6703c17cc9a3ed4c85c64a4cc95ed5b) Importer(815301076,1909f56bfc062723c751e8b465ee728b) [PhysX] Initialized MultithreadedTaskDispatcher with 16 workers.
 -> (artifact id: '00000000000000000000000000000000') in 0.001210 seconds
Import Error Code:(4)
Message: Build asset version error: assets/streamingassets/klipik.rez in SourceAssetDB has modification time of '2026-09-10T16:14:09.8371166Z' while content on disk has modification time of '2026-09-10T16:25:03.6141825Z'
  ERROR: Build asset version error: assets/streamingassets/klipik.rez in SourceAssetDB has modification time of '2026-09-10T16:14:09.8371166Z' while content on disk has modification time of '2026-09-10T16:25:03.6141825Z'
Number of updated asset objects reloaded before import = 0
Number of asset objects unloaded after import = 0
========================================================================
Received Import Request.
  Time since last request: 0.013918 seconds.
  path: Assets/StreamingAssets/klipik.rez
  artifactKey: Guid(c6703c17cc9a3ed4c85c64a4cc95ed5b) Importer(815301076,1909f56bfc062723c751e8b465ee728b)
Start importing Assets/StreamingAssets/klipik.rez using Guid(c6703c17cc9a3ed4c85c64a4cc95ed5b) Importer(815301076,1909f56bfc062723c751e8b465ee728b) [PhysX] Initialized MultithreadedTaskDispatcher with 16 workers.
 -> (artifact id: '00000000000000000000000000000000') in 0.001166 seconds
Import Error Code:(4)
Message: Build asset version error: assets/streamingassets/klipik.rez in SourceAssetDB has modification time of '2026-09-10T16:14:09.8371166Z' while content on disk has modification time of '2026-09-10T16:25:03.6141825Z'
  ERROR: Build asset version error: assets/streamingassets/klipik.rez in SourceAssetDB has modification time of '2026-09-10T16:14:09.8371166Z' while content on disk has modification time of '2026-09-10T16:25:03.6141825Z'
Number of updated asset objects reloaded before import = 0
Number of asset objects unloaded after import = 0
========================================================================
Received Import Request.
  Time since last request: 0.001476 seconds.
  path: Assets/StreamingAssets/klipik.rez
  artifactKey: Guid(c6703c17cc9a3ed4c85c64a4cc95ed5b) Importer(815301076,1909f56bfc062723c751e8b465ee728b)
Start importing Assets/StreamingAssets/klipik.rez using Guid(c6703c17cc9a3ed4c85c64a4cc95ed5b) Importer(815301076,1909f56bfc062723c751e8b465ee728b) [PhysX] Initialized MultithreadedTaskDispatcher with 16 workers.
 -> (artifact id: '00000000000000000000000000000000') in 0.001383 seconds
Import Error Code:(4)
Message: Build asset version error: assets/streamingassets/klipik.rez in SourceAssetDB has modification time of '2026-09-10T16:14:09.8371166Z' while content on disk has modification time of '2026-09-10T16:25:03.6141825Z'
  ERROR: Build asset version error: assets/streamingassets/klipik.rez in SourceAssetDB has modification time of '2026-09-10T16:14:09.8371166Z' while content on disk has modification time of '2026-09-10T16:25:03.6141825Z'
Number of updated asset objects reloaded before import = 0
Number of asset objects unloaded after import = 0
========================================================================
Received Import Request.
  Time since last request: 0.000847 seconds.
  path: Assets/StreamingAssets/klipik.rez
  artifactKey: Guid(c6703c17cc9a3ed4c85c64a4cc95ed5b) Importer(815301076,1909f56bfc062723c751e8b465ee728b)
Start importing Assets/StreamingAssets/klipik.rez using Guid(c6703c17cc9a3ed4c85c64a4cc95ed5b) Importer(815301076,1909f56bfc062723c751e8b465ee728b) [PhysX] Initialized MultithreadedTaskDispatcher with 16 workers.
 -> (artifact id: '00000000000000000000000000000000') in 0.001342 seconds
Import Error Code:(4)
Message: Build asset version error: assets/streamingassets/klipik.rez in SourceAssetDB has modification time of '2026-09-10T16:14:09.8371166Z' while content on disk has modification time of '2026-09-10T16:25:03.6141825Z'
  ERROR: Build asset version error: assets/streamingassets/klipik.rez in SourceAssetDB has modification time of '2026-09-10T16:14:09.8371166Z' while content on disk has modification time of '2026-09-10T16:25:03.6141825Z'
Number of updated asset objects reloaded before import = 0
Number of asset objects unloaded after import = 0
========================================================================
Received Import Request.
  Time since last request: 0.014845 seconds.
  path: Assets/StreamingAssets/klipik.rez
  artifactKey: Guid(c6703c17cc9a3ed4c85c64a4cc95ed5b) Importer(815301076,1909f56bfc062723c751e8b465ee728b)
Start importing Assets/StreamingAssets/klipik.rez using Guid(c6703c17cc9a3ed4c85c64a4cc95ed5b) Importer(815301076,1909f56bfc062723c751e8b465ee728b) [PhysX] Initialized MultithreadedTaskDispatcher with 16 workers.
 -> (artifact id: '00000000000000000000000000000000') in 0.001073 seconds
Import Error Code:(4)
Message: Build asset version error: assets/streamingassets/klipik.rez in SourceAssetDB has modification time of '2026-09-10T16:14:09.8371166Z' while content on disk has modification time of '2026-09-10T16:25:03.6141825Z'
  ERROR: Build asset version error: assets/streamingassets/klipik.rez in SourceAssetDB has modification time of '2026-09-10T16:14:09.8371166Z' while content on disk has modification time of '2026-09-10T16:25:03.6141825Z'
Number of updated asset objects reloaded before import = 0
Number of asset objects unloaded after import = 0
========================================================================
Received Import Request.
  Time since last request: 0.013074 seconds.
  path: Assets/StreamingAssets/klipik.rez
  artifactKey: Guid(c6703c17cc9a3ed4c85c64a4cc95ed5b) Importer(815301076,1909f56bfc062723c751e8b465ee728b)
Start importing Assets/StreamingAssets/klipik.rez using Guid(c6703c17cc9a3ed4c85c64a4cc95ed5b) Importer(815301076,1909f56bfc062723c751e8b465ee728b) [PhysX] Initialized MultithreadedTaskDispatcher with 16 workers.
 -> (artifact id: '00000000000000000000000000000000') in 0.001150 seconds
Import Error Code:(4)
Message: Build asset version error: assets/streamingassets/klipik.rez in SourceAssetDB has modification time of '2026-09-10T16:14:09.8371166Z' while content on disk has modification time of '2026-09-10T16:25:03.6141825Z'
  ERROR: Build asset version error: assets/streamingassets/klipik.rez in SourceAssetDB has modification time of '2026-09-10T16:14:09.8371166Z' while content on disk has modification time of '2026-09-10T16:25:03.6141825Z'
Number of updated asset objects reloaded before import = 0
Number of asset objects unloaded after import = 0
========================================================================
Received Import Request.
  Time since last request: 0.000622 seconds.
  path: Assets/StreamingAssets/klipik.rez
  artifactKey: Guid(c6703c17cc9a3ed4c85c64a4cc95ed5b) Importer(815301076,1909f56bfc062723c751e8b465ee728b)
Start importing Assets/StreamingAssets/klipik.rez using Guid(c6703c17cc9a3ed4c85c64a4cc95ed5b) Importer(815301076,1909f56bfc062723c751e8b465ee728b) [PhysX] Initialized MultithreadedTaskDispatcher with 16 workers.
 -> (artifact id: '00000000000000000000000000000000') in 0.001085 seconds
Import Error Code:(4)
Message: Build asset version error: assets/streamingassets/klipik.rez in SourceAssetDB has modification time of '2026-09-10T16:14:09.8371166Z' while content on disk has modification time of '2026-09-10T16:25:03.6141825Z'
  ERROR: Build asset version error: assets/streamingassets/klipik.rez in SourceAssetDB has modification time of '2026-09-10T16:14:09.8371166Z' while content on disk has modification time of '2026-09-10T16:25:03.6141825Z'
Number of updated asset objects reloaded before import = 0
Number of asset objects unloaded after import = 0
========================================================================
Received Import Request.
  Time since last request: 0.012742 seconds.
  path: Assets/StreamingAssets/klipik.rez
  artifactKey: Guid(c6703c17cc9a3ed4c85c64a4cc95ed5b) Importer(815301076,1909f56bfc062723c751e8b465ee728b)
Start importing Assets/StreamingAssets/klipik.rez using Guid(c6703c17cc9a3ed4c85c64a4cc95ed5b) Importer(815301076,1909f56bfc062723c751e8b465ee728b) [PhysX] Initialized MultithreadedTaskDispatcher with 16 workers.
 -> (artifact id: '00000000000000000000000000000000') in 0.001203 seconds
Import Error Code:(4)
Message: Build asset version error: assets/streamingassets/klipik.rez in SourceAssetDB has modification time of '2026-09-10T16:14:09.8371166Z' while content on disk has modification time of '2026-09-10T16:25:03.6141825Z'
  ERROR: Build asset version error: assets/streamingassets/klipik.rez in SourceAssetDB has modification time of '2026-09-10T16:14:09.8371166Z' while content on disk has modification time of '2026-09-10T16:25:03.6141825Z'
Number of updated asset objects reloaded before import = 0
Number of asset objects unloaded after import = 0
========================================================================
Received Import Request.
  Time since last request: 0.000874 seconds.
  path: Assets/StreamingAssets/klipik.rez
  artifactKey: Guid(c6703c17cc9a3ed4c85c64a4cc95ed5b) Importer(815301076,1909f56bfc062723c751e8b465ee728b)
Start importing Assets/StreamingAssets/klipik.rez using Guid(c6703c17cc9a3ed4c85c64a4cc95ed5b) Importer(815301076,1909f56bfc062723c751e8b465ee728b) [PhysX] Initialized MultithreadedTaskDispatcher with 16 workers.
 -> (artifact id: '00000000000000000000000000000000') in 0.001171 seconds
Import Error Code:(4)
Message: Build asset version error: assets/streamingassets/klipik.rez in SourceAssetDB has modification time of '2026-09-10T16:14:09.8371166Z' while content on disk has modification time of '2026-09-10T16:25:03.6141825Z'
  ERROR: Build asset version error: assets/streamingassets/klipik.rez in SourceAssetDB has modification time of '2026-09-10T16:14:09.8371166Z' while content on disk has modification time of '2026-09-10T16:25:03.6141825Z'
Number of updated asset objects reloaded before import = 0
Number of asset objects unloaded after import = 0
========================================================================
Received Import Request.
  Time since last request: 0.000707 seconds.
  path: Assets/StreamingAssets/klipik.rez
  artifactKey: Guid(c6703c17cc9a3ed4c85c64a4cc95ed5b) Importer(815301076,1909f56bfc062723c751e8b465ee728b)
Start importing Assets/StreamingAssets/klipik.rez using Guid(c6703c17cc9a3ed4c85c64a4cc95ed5b) Importer(815301076,1909f56bfc062723c751e8b465ee728b) [PhysX] Initialized MultithreadedTaskDispatcher with 16 workers.
 -> (artifact id: '00000000000000000000000000000000') in 0.001162 seconds
Import Error Code:(4)
Message: Build asset version error: assets/streamingassets/klipik.rez in SourceAssetDB has modification time of '2026-09-10T16:14:09.8371166Z' while content on disk has modification time of '2026-09-10T16:25:03.6141825Z'
  ERROR: Build asset version error: assets/streamingassets/klipik.rez in SourceAssetDB has modification time of '2026-09-10T16:14:09.8371166Z' while content on disk has modification time of '2026-09-10T16:25:03.6141825Z'
Number of updated asset objects reloaded before import = 0
Number of asset objects unloaded after import = 0
========================================================================
Received Import Request.
  Time since last request: 0.011737 seconds.
  path: Assets/StreamingAssets/klipik.rez
  artifactKey: Guid(c6703c17cc9a3ed4c85c64a4cc95ed5b) Importer(815301076,1909f56bfc062723c751e8b465ee728b)
Start importing Assets/StreamingAssets/klipik.rez using Guid(c6703c17cc9a3ed4c85c64a4cc95ed5b) Importer(815301076,1909f56bfc062723c751e8b465ee728b) [PhysX] Initialized MultithreadedTaskDispatcher with 16 workers.
 -> (artifact id: '00000000000000000000000000000000') in 0.001026 seconds
Import Error Code:(4)
Message: Build asset version error: assets/streamingassets/klipik.rez in SourceAssetDB has modification time of '2026-09-10T16:14:09.8371166Z' while content on disk has modification time of '2026-09-10T16:25:03.6141825Z'
  ERROR: Build asset version error: assets/streamingassets/klipik.rez in SourceAssetDB has modification time of '2026-09-10T16:14:09.8371166Z' while content on disk has modification time of '2026-09-10T16:25:03.6141825Z'
Number of updated asset objects reloaded before import = 0
Number of asset objects unloaded after import = 0
========================================================================
Received Import Request.
  Time since last request: 0.012768 seconds.
  path: Assets/StreamingAssets/klipik.rez
  artifactKey: Guid(c6703c17cc9a3ed4c85c64a4cc95ed5b) Importer(815301076,1909f56bfc062723c751e8b465ee728b)
Start importing Assets/StreamingAssets/klipik.rez using Guid(c6703c17cc9a3ed4c85c64a4cc95ed5b) Importer(815301076,1909f56bfc062723c751e8b465ee728b) [PhysX] Initialized MultithreadedTaskDispatcher with 16 workers.
 -> (artifact id: '00000000000000000000000000000000') in 0.000999 seconds
Import Error Code:(4)
Message: Build asset version error: assets/streamingassets/klipik.rez in SourceAssetDB has modification time of '2026-09-10T16:14:09.8371166Z' while content on disk has modification time of '2026-09-10T16:25:03.6141825Z'
  ERROR: Build asset version error: assets/streamingassets/klipik.rez in SourceAssetDB has modification time of '2026-09-10T16:14:09.8371166Z' while content on disk has modification time of '2026-09-10T16:25:03.6141825Z'
Number of updated asset objects reloaded before import = 0
Number of asset objects unloaded after import = 0
========================================================================
Received Import Request.
  Time since last request: 0.011768 seconds.
  path: Assets/StreamingAssets/klipik.rez
  artifactKey: Guid(c6703c17cc9a3ed4c85c64a4cc95ed5b) Importer(815301076,1909f56bfc062723c751e8b465ee728b)
Start importing Assets/StreamingAssets/klipik.rez using Guid(c6703c17cc9a3ed4c85c64a4cc95ed5b) Importer(815301076,1909f56bfc062723c751e8b465ee728b) [PhysX] Initialized MultithreadedTaskDispatcher with 16 workers.
 -> (artifact id: '00000000000000000000000000000000') in 0.001380 seconds
Import Error Code:(4)
Message: Build asset version error: assets/streamingassets/klipik.rez in SourceAssetDB has modification time of '2026-09-10T16:14:09.8371166Z' while content on disk has modification time of '2026-09-10T16:25:03.6141825Z'
  ERROR: Build asset version error: assets/streamingassets/klipik.rez in SourceAssetDB has modification time of '2026-09-10T16:14:09.8371166Z' while content on disk has modification time of '2026-09-10T16:25:03.6141825Z'
Number of updated asset objects reloaded before import = 0
Number of asset objects unloaded after import = 0
========================================================================
Received Import Request.
  Time since last request: 0.012843 seconds.
  path: Assets/StreamingAssets/klipik.rez
  artifactKey: Guid(c6703c17cc9a3ed4c85c64a4cc95ed5b) Importer(815301076,1909f56bfc062723c751e8b465ee728b)
Start importing Assets/StreamingAssets/klipik.rez using Guid(c6703c17cc9a3ed4c85c64a4cc95ed5b) Importer(815301076,1909f56bfc062723c751e8b465ee728b) [PhysX] Initialized MultithreadedTaskDispatcher with 16 workers.
 -> (artifact id: '00000000000000000000000000000000') in 0.001572 seconds
Import Error Code:(4)
Message: Build asset version error: assets/streamingassets/klipik.rez in SourceAssetDB has modification time of '2026-09-10T16:14:09.8371166Z' while content on disk has modification time of '2026-09-10T16:25:03.6141825Z'
  ERROR: Build asset version error: assets/streamingassets/klipik.rez in SourceAssetDB has modification time of '2026-09-10T16:14:09.8371166Z' while content on disk has modification time of '2026-09-10T16:25:03.6141825Z'
Number of updated asset objects reloaded before import = 0
Number of asset objects unloaded after import = 0
========================================================================
Received Import Request.
  Time since last request: 0.000411 seconds.
  path: Assets/StreamingAssets/klipik.rez
  artifactKey: Guid(c6703c17cc9a3ed4c85c64a4cc95ed5b) Importer(815301076,1909f56bfc062723c751e8b465ee728b)
Start importing Assets/StreamingAssets/klipik.rez using Guid(c6703c17cc9a3ed4c85c64a4cc95ed5b) Importer(815301076,1909f56bfc062723c751e8b465ee728b) [PhysX] Initialized MultithreadedTaskDispatcher with 16 workers.
 -> (artifact id: '00000000000000000000000000000000') in 0.001056 seconds
Import Error Code:(4)
Message: Build asset version error: assets/streamingassets/klipik.rez in SourceAssetDB has modification time of '2026-09-10T16:14:09.8371166Z' while content on disk has modification time of '2026-09-10T16:25:03.6141825Z'
  ERROR: Build asset version error: assets/streamingassets/klipik.rez in SourceAssetDB has modification time of '2026-09-10T16:14:09.8371166Z' while content on disk has modification time of '2026-09-10T16:25:03.6141825Z'
Number of updated asset objects reloaded before import = 0
Number of asset objects unloaded after import = 0
========================================================================
Received Import Request.
  Time since last request: 0.000626 seconds.
  path: Assets/StreamingAssets/klipik.rez
  artifactKey: Guid(c6703c17cc9a3ed4c85c64a4cc95ed5b) Importer(815301076,1909f56bfc062723c751e8b465ee728b)
Start importing Assets/StreamingAssets/klipik.rez using Guid(c6703c17cc9a3ed4c85c64a4cc95ed5b) Importer(815301076,1909f56bfc062723c751e8b465ee728b) [PhysX] Initialized MultithreadedTaskDispatcher with 16 workers.
 -> (artifact id: '00000000000000000000000000000000') in 0.001164 seconds
Import Error Code:(4)
Message: Build asset version error: assets/streamingassets/klipik.rez in SourceAssetDB has modification time of '2026-09-10T16:14:09.8371166Z' while content on disk has modification time of '2026-09-10T16:25:03.6141825Z'
  ERROR: Build asset version error: assets/streamingassets/klipik.rez in SourceAssetDB has modification time of '2026-09-10T16:14:09.8371166Z' while content on disk has modification time of '2026-09-10T16:25:03.6141825Z'
Number of updated asset objects reloaded before import = 0
Number of asset objects unloaded after import = 0
========================================================================
Received Import Request.
  Time since last request: 0.012596 seconds.
  path: Assets/StreamingAssets/klipik.rez
  artifactKey: Guid(c6703c17cc9a3ed4c85c64a4cc95ed5b) Importer(815301076,1909f56bfc062723c751e8b465ee728b)
Start importing Assets/StreamingAssets/klipik.rez using Guid(c6703c17cc9a3ed4c85c64a4cc95ed5b) Importer(815301076,1909f56bfc062723c751e8b465ee728b) [PhysX] Initialized MultithreadedTaskDispatcher with 16 workers.
 -> (artifact id: '00000000000000000000000000000000') in 0.001176 seconds
Import Error Code:(4)
Message: Build asset version error: assets/streamingassets/klipik.rez in SourceAssetDB has modification time of '2026-09-10T16:14:09.8371166Z' while content on disk has modification time of '2026-09-10T16:25:03.6141825Z'
  ERROR: Build asset version error: assets/streamingassets/klipik.rez in SourceAssetDB has modification time of '2026-09-10T16:14:09.8371166Z' while content on disk has modification time of '2026-09-10T16:25:03.6141825Z'
Number of updated asset objects reloaded before import = 0
Number of asset objects unloaded after import = 0
========================================================================
Received Import Request.
  Time since last request: 0.001406 seconds.
  path: Assets/StreamingAssets/klipik.rez
  artifactKey: Guid(c6703c17cc9a3ed4c85c64a4cc95ed5b) Importer(815301076,1909f56bfc062723c751e8b465ee728b)
Start importing Assets/StreamingAssets/klipik.rez using Guid(c6703c17cc9a3ed4c85c64a4cc95ed5b) Importer(815301076,1909f56bfc062723c751e8b465ee728b) [PhysX] Initialized MultithreadedTaskDispatcher with 16 workers.
 -> (artifact id: '00000000000000000000000000000000') in 0.001055 seconds
Import Error Code:(4)
Message: Build asset version error: assets/streamingassets/klipik.rez in SourceAssetDB has modification time of '2026-09-10T16:14:09.8371166Z' while content on disk has modification time of '2026-09-10T16:25:03.6141825Z'
  ERROR: Build asset version error: assets/streamingassets/klipik.rez in SourceAssetDB has modification time of '2026-09-10T16:14:09.8371166Z' while content on disk has modification time of '2026-09-10T16:25:03.6141825Z'
Number of updated asset objects reloaded before import = 0
Number of asset objects unloaded after import = 0
========================================================================
Received Import Request.
  Time since last request: 0.000889 seconds.
  path: Assets/StreamingAssets/klipik.rez
  artifactKey: Guid(c6703c17cc9a3ed4c85c64a4cc95ed5b) Importer(815301076,1909f56bfc062723c751e8b465ee728b)
Start importing Assets/StreamingAssets/klipik.rez using Guid(c6703c17cc9a3ed4c85c64a4cc95ed5b) Importer(815301076,1909f56bfc062723c751e8b465ee728b) [PhysX] Initialized MultithreadedTaskDispatcher with 16 workers.
 -> (artifact id: '00000000000000000000000000000000') in 0.001043 seconds
Import Error Code:(4)
Message: Build asset version error: assets/streamingassets/klipik.rez in SourceAssetDB has modification time of '2026-09-10T16:14:09.8371166Z' while content on disk has modification time of '2026-09-10T16:25:03.6141825Z'
  ERROR: Build asset version error: assets/streamingassets/klipik.rez in SourceAssetDB has modification time of '2026-09-10T16:14:09.8371166Z' while content on disk has modification time of '2026-09-10T16:25:03.6141825Z'
Number of updated asset objects reloaded before import = 0
Number of asset objects unloaded after import = 0
========================================================================
Received Import Request.
  Time since last request: 0.001231 seconds.
  path: Assets/StreamingAssets/klipik.rez
  artifactKey: Guid(c6703c17cc9a3ed4c85c64a4cc95ed5b) Importer(815301076,1909f56bfc062723c751e8b465ee728b)
Start importing Assets/StreamingAssets/klipik.rez using Guid(c6703c17cc9a3ed4c85c64a4cc95ed5b) Importer(815301076,1909f56bfc062723c751e8b465ee728b) [PhysX] Initialized MultithreadedTaskDispatcher with 16 workers.
 -> (artifact id: '00000000000000000000000000000000') in 0.001034 seconds
Import Error Code:(4)
Message: Build asset version error: assets/streamingassets/klipik.rez in SourceAssetDB has modification time of '2026-09-10T16:14:09.8371166Z' while content on disk has modification time of '2026-09-10T16:25:03.6141825Z'
  ERROR: Build asset version error: assets/streamingassets/klipik.rez in SourceAssetDB has modification time of '2026-09-10T16:14:09.8371166Z' while content on disk has modification time of '2026-09-10T16:25:03.6141825Z'
Number of updated asset objects reloaded before import = 0
Number of asset objects unloaded after import = 0
========================================================================
Received Import Request.
  Time since last request: 0.011976 seconds.
  path: Assets/StreamingAssets/klipik.rez
  artifactKey: Guid(c6703c17cc9a3ed4c85c64a4cc95ed5b) Importer(815301076,1909f56bfc062723c751e8b465ee728b)
Start importing Assets/StreamingAssets/klipik.rez using Guid(c6703c17cc9a3ed4c85c64a4cc95ed5b) Importer(815301076,1909f56bfc062723c751e8b465ee728b) [PhysX] Initialized MultithreadedTaskDispatcher with 16 workers.
 -> (artifact id: '00000000000000000000000000000000') in 0.001135 seconds
Import Error Code:(4)
Message: Build asset version error: assets/streamingassets/klipik.rez in SourceAssetDB has modification time of '2026-09-10T16:14:09.8371166Z' while content on disk has modification time of '2026-09-10T16:25:03.6141825Z'
  ERROR: Build asset version error: assets/streamingassets/klipik.rez in SourceAssetDB has modification time of '2026-09-10T16:14:09.8371166Z' while content on disk has modification time of '2026-09-10T16:25:03.6141825Z'
Number of updated asset objects reloaded before import = 0
Number of asset objects unloaded after import = 0
========================================================================
Received Import Request.
  Time since last request: 0.000500 seconds.
  path: Assets/StreamingAssets/klipik.rez
  artifactKey: Guid(c6703c17cc9a3ed4c85c64a4cc95ed5b) Importer(815301076,1909f56bfc062723c751e8b465ee728b)
Start importing Assets/StreamingAssets/klipik.rez using Guid(c6703c17cc9a3ed4c85c64a4cc95ed5b) Importer(815301076,1909f56bfc062723c751e8b465ee728b) [PhysX] Initialized MultithreadedTaskDispatcher with 16 workers.
 -> (artifact id: '00000000000000000000000000000000') in 0.001180 seconds
Import Error Code:(4)
Message: Build asset version error: assets/streamingassets/klipik.rez in SourceAssetDB has modification time of '2026-09-10T16:14:09.8371166Z' while content on disk has modification time of '2026-09-10T16:25:03.6141825Z'
  ERROR: Build asset version error: assets/streamingassets/klipik.rez in SourceAssetDB has modification time of '2026-09-10T16:14:09.8371166Z' while content on disk has modification time of '2026-09-10T16:25:03.6141825Z'
Number of updated asset objects reloaded before import = 0
Number of asset objects unloaded after import = 0
========================================================================
Received Import Request.
  Time since last request: 0.000647 seconds.
  path: Assets/StreamingAssets/klipik.rez
  artifactKey: Guid(c6703c17cc9a3ed4c85c64a4cc95ed5b) Importer(815301076,1909f56bfc062723c751e8b465ee728b)
Start importing Assets/StreamingAssets/klipik.rez using Guid(c6703c17cc9a3ed4c85c64a4cc95ed5b) Importer(815301076,1909f56bfc062723c751e8b465ee728b) [PhysX] Initialized MultithreadedTaskDispatcher with 16 workers.
 -> (artifact id: '00000000000000000000000000000000') in 0.001362 seconds
Import Error Code:(4)
Message: Build asset version error: assets/streamingassets/klipik.rez in SourceAssetDB has modification time of '2026-09-10T16:14:09.8371166Z' while content on disk has modification time of '2026-09-10T16:25:03.6141825Z'
  ERROR: Build asset version error: assets/streamingassets/klipik.rez in SourceAssetDB has modification time of '2026-09-10T16:14:09.8371166Z' while content on disk has modification time of '2026-09-10T16:25:03.6141825Z'
Number of updated asset objects reloaded before import = 0
Number of asset objects unloaded after import = 0
========================================================================
Received Import Request.
  Time since last request: 0.000553 seconds.
  path: Assets/StreamingAssets/klipik.rez
  artifactKey: Guid(c6703c17cc9a3ed4c85c64a4cc95ed5b) Importer(815301076,1909f56bfc062723c751e8b465ee728b)
Start importing Assets/StreamingAssets/klipik.rez using Guid(c6703c17cc9a3ed4c85c64a4cc95ed5b) Importer(815301076,1909f56bfc062723c751e8b465ee728b) [PhysX] Initialized MultithreadedTaskDispatcher with 16 workers.
 -> (artifact id: '00000000000000000000000000000000') in 0.001297 seconds
Import Error Code:(4)
Message: Build asset version error: assets/streamingassets/klipik.rez in SourceAssetDB has modification time of '2026-09-10T16:14:09.8371166Z' while content on disk has modification time of '2026-09-10T16:25:03.6141825Z'
  ERROR: Build asset version error: assets/streamingassets/klipik.rez in SourceAssetDB has modification time of '2026-09-10T16:14:09.8371166Z' while content on disk has modification time of '2026-09-10T16:25:03.6141825Z'
Number of updated asset objects reloaded before import = 0
Number of asset objects unloaded after import = 0
========================================================================
Received Import Request.
  Time since last request: 0.000656 seconds.
  path: Assets/StreamingAssets/klipik.rez
  artifactKey: Guid(c6703c17cc9a3ed4c85c64a4cc95ed5b) Importer(815301076,1909f56bfc062723c751e8b465ee728b)
Start importing Assets/StreamingAssets/klipik.rez using Guid(c6703c17cc9a3ed4c85c64a4cc95ed5b) Importer(815301076,1909f56bfc062723c751e8b465ee728b) [PhysX] Initialized MultithreadedTaskDispatcher with 16 workers.
 -> (artifact id: '00000000000000000000000000000000') in 0.001256 seconds
Import Error Code:(4)
Message: Build asset version error: assets/streamingassets/klipik.rez in SourceAssetDB has modification time of '2026-09-10T16:14:09.8371166Z' while content on disk has modification time of '2026-09-10T16:25:03.6141825Z'
  ERROR: Build asset version error: assets/streamingassets/klipik.rez in SourceAssetDB has modification time of '2026-09-10T16:14:09.8371166Z' while content on disk has modification time of '2026-09-10T16:25:03.6141825Z'
Number of updated asset objects reloaded before import = 0
Number of asset objects unloaded after import = 0
========================================================================
Received Import Request.
  Time since last request: 0.000427 seconds.
  path: Assets/StreamingAssets/klipik.rez
  artifactKey: Guid(c6703c17cc9a3ed4c85c64a4cc95ed5b) Importer(815301076,1909f56bfc062723c751e8b465ee728b)
Start importing Assets/StreamingAssets/klipik.rez using Guid(c6703c17cc9a3ed4c85c64a4cc95ed5b) Importer(815301076,1909f56bfc062723c751e8b465ee728b) [PhysX] Initialized MultithreadedTaskDispatcher with 16 workers.
 -> (artifact id: '00000000000000000000000000000000') in 0.001203 seconds
Import Error Code:(4)
Message: Build asset version error: assets/streamingassets/klipik.rez in SourceAssetDB has modification time of '2026-09-10T16:14:09.8371166Z' while content on disk has modification time of '2026-09-10T16:25:20.5317414Z'
  ERROR: Build asset version error: assets/streamingassets/klipik.rez in SourceAssetDB has modification time of '2026-09-10T16:14:09.8371166Z' while content on disk has modification time of '2026-09-10T16:25:20.5317414Z'
Number of updated asset objects reloaded before import = 0
Number of asset objects unloaded after import = 0
========================================================================
Received Import Request.
  Time since last request: 0.015519 seconds.
  path: Assets/StreamingAssets/klipik.rez
  artifactKey: Guid(c6703c17cc9a3ed4c85c64a4cc95ed5b) Importer(815301076,1909f56bfc062723c751e8b465ee728b)
Start importing Assets/StreamingAssets/klipik.rez using Guid(c6703c17cc9a3ed4c85c64a4cc95ed5b) Importer(815301076,1909f56bfc062723c751e8b465ee728b) [PhysX] Initialized MultithreadedTaskDispatcher with 16 workers.
 -> (artifact id: '00000000000000000000000000000000') in 0.001269 seconds
Import Error Code:(4)
Message: Build asset version error: assets/streamingassets/klipik.rez in SourceAssetDB has modification time of '2026-09-10T16:14:09.8371166Z' while content on disk has modification time of '2026-09-10T16:25:20.5317414Z'
  ERROR: Build asset version error: assets/streamingassets/klipik.rez in SourceAssetDB has modification time of '2026-09-10T16:14:09.8371166Z' while content on disk has modification time of '2026-09-10T16:25:20.5317414Z'
Number of updated asset objects reloaded before import = 0
Number of asset objects unloaded after import = 0
========================================================================
Received Import Request.
  Time since last request: 0.000976 seconds.
  path: Assets/StreamingAssets/klipik.rez
  artifactKey: Guid(c6703c17cc9a3ed4c85c64a4cc95ed5b) Importer(815301076,1909f56bfc062723c751e8b465ee728b)
Start importing Assets/StreamingAssets/klipik.rez using Guid(c6703c17cc9a3ed4c85c64a4cc95ed5b) Importer(815301076,1909f56bfc062723c751e8b465ee728b) [PhysX] Initialized MultithreadedTaskDispatcher with 16 workers.
 -> (artifact id: '00000000000000000000000000000000') in 0.001168 seconds
Import Error Code:(4)
Message: Build asset version error: assets/streamingassets/klipik.rez in SourceAssetDB has modification time of '2026-09-10T16:14:09.8371166Z' while content on disk has modification time of '2026-09-10T16:25:20.5317414Z'
  ERROR: Build asset version error: assets/streamingassets/klipik.rez in SourceAssetDB has modification time of '2026-09-10T16:14:09.8371166Z' while content on disk has modification time of '2026-09-10T16:25:20.5317414Z'
Number of updated asset objects reloaded before import = 0
Number of asset objects unloaded after import = 0
========================================================================
Received Import Request.
  Time since last request: 0.001095 seconds.
  path: Assets/StreamingAssets/klipik.rez
  artifactKey: Guid(c6703c17cc9a3ed4c85c64a4cc95ed5b) Importer(815301076,1909f56bfc062723c751e8b465ee728b)
Start importing Assets/StreamingAssets/klipik.rez using Guid(c6703c17cc9a3ed4c85c64a4cc95ed5b) Importer(815301076,1909f56bfc062723c751e8b465ee728b) [PhysX] Initialized MultithreadedTaskDispatcher with 16 workers.
 -> (artifact id: '00000000000000000000000000000000') in 0.001363 seconds
Import Error Code:(4)
Message: Build asset version error: assets/streamingassets/klipik.rez in SourceAssetDB has modification time of '2026-09-10T16:14:09.8371166Z' while content on disk has modification time of '2026-09-10T16:25:20.5317414Z'
  ERROR: Build asset version error: assets/streamingassets/klipik.rez in SourceAssetDB has modification time of '2026-09-10T16:14:09.8371166Z' while content on disk has modification time of '2026-09-10T16:25:20.5317414Z'
Number of updated asset objects reloaded before import = 0
Number of asset objects unloaded after import = 0
========================================================================
Received Import Request.
  Time since last request: 0.001075 seconds.
  path: Assets/StreamingAssets/klipik.rez
  artifactKey: Guid(c6703c17cc9a3ed4c85c64a4cc95ed5b) Importer(815301076,1909f56bfc062723c751e8b465ee728b)
Start importing Assets/StreamingAssets/klipik.rez using Guid(c6703c17cc9a3ed4c85c64a4cc95ed5b) Importer(815301076,1909f56bfc062723c751e8b465ee728b) [PhysX] Initialized MultithreadedTaskDispatcher with 16 workers.
 -> (artifact id: '00000000000000000000000000000000') in 0.001292 seconds
Import Error Code:(4)
Message: Build asset version error: assets/streamingassets/klipik.rez in SourceAssetDB has modification time of '2026-09-10T16:14:09.8371166Z' while content on disk has modification time of '2026-09-10T16:25:20.5317414Z'
  ERROR: Build asset version error: assets/streamingassets/klipik.rez in SourceAssetDB has modification time of '2026-09-10T16:14:09.8371166Z' while content on disk has modification time of '2026-09-10T16:25:20.5317414Z'
Number of updated asset objects reloaded before import = 0
Number of asset objects unloaded after import = 0
========================================================================
Received Import Request.
  Time since last request: 0.000459 seconds.
  path: Assets/StreamingAssets/klipik.rez
  artifactKey: Guid(c6703c17cc9a3ed4c85c64a4cc95ed5b) Importer(815301076,1909f56bfc062723c751e8b465ee728b)
Start importing Assets/StreamingAssets/klipik.rez using Guid(c6703c17cc9a3ed4c85c64a4cc95ed5b) Importer(815301076,1909f56bfc062723c751e8b465ee728b) [PhysX] Initialized MultithreadedTaskDispatcher with 16 workers.
 -> (artifact id: '00000000000000000000000000000000') in 0.001565 seconds
Import Error Code:(4)
Message: Build asset version error: assets/streamingassets/klipik.rez in SourceAssetDB has modification time of '2026-09-10T16:14:09.8371166Z' while content on disk has modification time of '2026-09-10T16:25:20.5317414Z'
  ERROR: Build asset version error: assets/streamingassets/klipik.rez in SourceAssetDB has modification time of '2026-09-10T16:14:09.8371166Z' while content on disk has modification time of '2026-09-10T16:25:20.5317414Z'
Number of updated asset objects reloaded before import = 0
Number of asset objects unloaded after import = 0
========================================================================
Received Import Request.
  Time since last request: 0.012292 seconds.
  path: Assets/StreamingAssets/klipik.rez
  artifactKey: Guid(c6703c17cc9a3ed4c85c64a4cc95ed5b) Importer(815301076,1909f56bfc062723c751e8b465ee728b)
Start importing Assets/StreamingAssets/klipik.rez using Guid(c6703c17cc9a3ed4c85c64a4cc95ed5b) Importer(815301076,1909f56bfc062723c751e8b465ee728b) [PhysX] Initialized MultithreadedTaskDispatcher with 16 workers.
 -> (artifact id: '00000000000000000000000000000000') in 0.001100 seconds
Import Error Code:(4)
Message: Build asset version error: assets/streamingassets/klipik.rez in SourceAssetDB has modification time of '2026-09-10T16:14:09.8371166Z' while content on disk has modification time of '2026-09-10T16:25:20.5317414Z'
  ERROR: Build asset version error: assets/streamingassets/klipik.rez in SourceAssetDB has modification time of '2026-09-10T16:14:09.8371166Z' while content on disk has modification time of '2026-09-10T16:25:20.5317414Z'
Number of updated asset objects reloaded before import = 0
Number of asset objects unloaded after import = 0
========================================================================
Received Import Request.
  Time since last request: 0.022146 seconds.
  path: Assets/StreamingAssets/klipik.rez
  artifactKey: Guid(c6703c17cc9a3ed4c85c64a4cc95ed5b) Importer(815301076,1909f56bfc062723c751e8b465ee728b)
Start importing Assets/StreamingAssets/klipik.rez using Guid(c6703c17cc9a3ed4c85c64a4cc95ed5b) Importer(815301076,1909f56bfc062723c751e8b465ee728b) [PhysX] Initialized MultithreadedTaskDispatcher with 16 workers.
 -> (artifact id: '00000000000000000000000000000000') in 0.001439 seconds
Import Error Code:(4)
Message: Build asset version error: assets/streamingassets/klipik.rez in SourceAssetDB has modification time of '2026-09-10T16:14:09.8371166Z' while content on disk has modification time of '2026-09-10T16:25:20.5317414Z'
  ERROR: Build asset version error: assets/streamingassets/klipik.rez in SourceAssetDB has modification time of '2026-09-10T16:14:09.8371166Z' while content on disk has modification time of '2026-09-10T16:25:20.5317414Z'
Number of updated asset objects reloaded before import = 0
Number of asset objects unloaded after import = 0
========================================================================
Received Import Request.
  Time since last request: 0.027474 seconds.
  path: Assets/StreamingAssets/klipik.rez
  artifactKey: Guid(c6703c17cc9a3ed4c85c64a4cc95ed5b) Importer(815301076,1909f56bfc062723c751e8b465ee728b)
Start importing Assets/StreamingAssets/klipik.rez using Guid(c6703c17cc9a3ed4c85c64a4cc95ed5b) Importer(815301076,1909f56bfc062723c751e8b465ee728b) [PhysX] Initialized MultithreadedTaskDispatcher with 16 workers.
 -> (artifact id: '00000000000000000000000000000000') in 0.001922 seconds
Import Error Code:(4)
Message: Build asset version error: assets/streamingassets/klipik.rez in SourceAssetDB has modification time of '2026-09-10T16:14:09.8371166Z' while content on disk has modification time of '2026-09-10T16:25:20.5317414Z'
  ERROR: Build asset version error: assets/streamingassets/klipik.rez in SourceAssetDB has modification time of '2026-09-10T16:14:09.8371166Z' while content on disk has modification time of '2026-09-10T16:25:20.5317414Z'
Number of updated asset objects reloaded before import = 0
Number of asset objects unloaded after import = 0
========================================================================
Received Import Request.
  Time since last request: 0.001117 seconds.
  path: Assets/StreamingAssets/klipik.rez
  artifactKey: Guid(c6703c17cc9a3ed4c85c64a4cc95ed5b) Importer(815301076,1909f56bfc062723c751e8b465ee728b)
Start importing Assets/StreamingAssets/klipik.rez using Guid(c6703c17cc9a3ed4c85c64a4cc95ed5b) Importer(815301076,1909f56bfc062723c751e8b465ee728b) [PhysX] Initialized MultithreadedTaskDispatcher with 16 workers.
 -> (artifact id: '00000000000000000000000000000000') in 0.001683 seconds
Import Error Code:(4)
Message: Build asset version error: assets/streamingassets/klipik.rez in SourceAssetDB has modification time of '2026-09-10T16:14:09.8371166Z' while content on disk has modification time of '2026-09-10T16:25:20.5317414Z'
  ERROR: Build asset version error: assets/streamingassets/klipik.rez in SourceAssetDB has modification time of '2026-09-10T16:14:09.8371166Z' while content on disk has modification time of '2026-09-10T16:25:20.5317414Z'
Number of updated asset objects reloaded before import = 0
Number of asset objects unloaded after import = 0
========================================================================
Received Import Request.
  Time since last request: 0.000634 seconds.
  path: Assets/StreamingAssets/klipik.rez
  artifactKey: Guid(c6703c17cc9a3ed4c85c64a4cc95ed5b) Importer(815301076,1909f56bfc062723c751e8b465ee728b)
Start importing Assets/StreamingAssets/klipik.rez using Guid(c6703c17cc9a3ed4c85c64a4cc95ed5b) Importer(815301076,1909f56bfc062723c751e8b465ee728b) [PhysX] Initialized MultithreadedTaskDispatcher with 16 workers.
 -> (artifact id: '00000000000000000000000000000000') in 0.001576 seconds
Import Error Code:(4)
Message: Build asset version error: assets/streamingassets/klipik.rez in SourceAssetDB has modification time of '2026-09-10T16:14:09.8371166Z' while content on disk has modification time of '2026-09-10T16:25:20.5317414Z'
  ERROR: Build asset version error: assets/streamingassets/klipik.rez in SourceAssetDB has modification time of '2026-09-10T16:14:09.8371166Z' while content on disk has modification time of '2026-09-10T16:25:20.5317414Z'
Number of updated asset objects reloaded before import = 0
Number of asset objects unloaded after import = 0
========================================================================
Received Import Request.
  Time since last request: 0.001369 seconds.
  path: Assets/StreamingAssets/klipik.rez
  artifactKey: Guid(c6703c17cc9a3ed4c85c64a4cc95ed5b) Importer(815301076,1909f56bfc062723c751e8b465ee728b)
Start importing Assets/StreamingAssets/klipik.rez using Guid(c6703c17cc9a3ed4c85c64a4cc95ed5b) Importer(815301076,1909f56bfc062723c751e8b465ee728b) [PhysX] Initialized MultithreadedTaskDispatcher with 16 workers.
 -> (artifact id: '00000000000000000000000000000000') in 0.001310 seconds
Import Error Code:(4)
Message: Build asset version error: assets/streamingassets/klipik.rez in SourceAssetDB has modification time of '2026-09-10T16:14:09.8371166Z' while content on disk has modification time of '2026-09-10T16:25:20.5317414Z'
  ERROR: Build asset version error: assets/streamingassets/klipik.rez in SourceAssetDB has modification time of '2026-09-10T16:14:09.8371166Z' while content on disk has modification time of '2026-09-10T16:25:20.5317414Z'
Number of updated asset objects reloaded before import = 0
Number of asset objects unloaded after import = 0
========================================================================
Received Import Request.
  Time since last request: 0.000615 seconds.
  path: Assets/StreamingAssets/klipik.rez
  artifactKey: Guid(c6703c17cc9a3ed4c85c64a4cc95ed5b) Importer(815301076,1909f56bfc062723c751e8b465ee728b)
Start importing Assets/StreamingAssets/klipik.rez using Guid(c6703c17cc9a3ed4c85c64a4cc95ed5b) Importer(815301076,1909f56bfc062723c751e8b465ee728b) [PhysX] Initialized MultithreadedTaskDispatcher with 16 workers.
 -> (artifact id: '00000000000000000000000000000000') in 0.001601 seconds
Import Error Code:(4)
Message: Build asset version error: assets/streamingassets/klipik.rez in SourceAssetDB has modification time of '2026-09-10T16:14:09.8371166Z' while content on disk has modification time of '2026-09-10T16:25:20.5317414Z'
  ERROR: Build asset version error: assets/streamingassets/klipik.rez in SourceAssetDB has modification time of '2026-09-10T16:14:09.8371166Z' while content on disk has modification time of '2026-09-10T16:25:20.5317414Z'
Number of updated asset objects reloaded before import = 0
Number of asset objects unloaded after import = 0
========================================================================
Received Import Request.
  Time since last request: 0.001231 seconds.
  path: Assets/StreamingAssets/klipik.rez
  artifactKey: Guid(c6703c17cc9a3ed4c85c64a4cc95ed5b) Importer(815301076,1909f56bfc062723c751e8b465ee728b)
Start importing Assets/StreamingAssets/klipik.rez using Guid(c6703c17cc9a3ed4c85c64a4cc95ed5b) Importer(815301076,1909f56bfc062723c751e8b465ee728b) [PhysX] Initialized MultithreadedTaskDispatcher with 16 workers.
 -> (artifact id: '00000000000000000000000000000000') in 0.001447 seconds
Import Error Code:(4)
Message: Build asset version error: assets/streamingassets/klipik.rez in SourceAssetDB has modification time of '2026-09-10T16:14:09.8371166Z' while content on disk has modification time of '2026-09-10T16:25:20.5317414Z'
  ERROR: Build asset version error: assets/streamingassets/klipik.rez in SourceAssetDB has modification time of '2026-09-10T16:14:09.8371166Z' while content on disk has modification time of '2026-09-10T16:25:20.5317414Z'
Number of updated asset objects reloaded before import = 0
Number of asset objects unloaded after import = 0
========================================================================
Received Import Request.
  Time since last request: 0.000487 seconds.
  path: Assets/StreamingAssets/klipik.rez
  artifactKey: Guid(c6703c17cc9a3ed4c85c64a4cc95ed5b) Importer(815301076,1909f56bfc062723c751e8b465ee728b)
Start importing Assets/StreamingAssets/klipik.rez using Guid(c6703c17cc9a3ed4c85c64a4cc95ed5b) Importer(815301076,1909f56bfc062723c751e8b465ee728b) [PhysX] Initialized MultithreadedTaskDispatcher with 16 workers.
 -> (artifact id: '00000000000000000000000000000000') in 0.001897 seconds
Import Error Code:(4)
Message: Build asset version error: assets/streamingassets/klipik.rez in SourceAssetDB has modification time of '2026-09-10T16:14:09.8371166Z' while content on disk has modification time of '2026-09-10T16:25:20.5317414Z'
  ERROR: Build asset version error: assets/streamingassets/klipik.rez in SourceAssetDB has modification time of '2026-09-10T16:14:09.8371166Z' while content on disk has modification time of '2026-09-10T16:25:20.5317414Z'
Number of updated asset objects reloaded before import = 0
Number of asset objects unloaded after import = 0
========================================================================
Received Import Request.
  Time since last request: 0.001558 seconds.
  path: Assets/StreamingAssets/klipik.rez
  artifactKey: Guid(c6703c17cc9a3ed4c85c64a4cc95ed5b) Importer(815301076,1909f56bfc062723c751e8b465ee728b)
Start importing Assets/StreamingAssets/klipik.rez using Guid(c6703c17cc9a3ed4c85c64a4cc95ed5b) Importer(815301076,1909f56bfc062723c751e8b465ee728b) [PhysX] Initialized MultithreadedTaskDispatcher with 16 workers.
 -> (artifact id: '00000000000000000000000000000000') in 0.002036 seconds
Import Error Code:(4)
Message: Build asset version error: assets/streamingassets/klipik.rez in SourceAssetDB has modification time of '2026-09-10T16:14:09.8371166Z' while content on disk has modification time of '2026-09-10T16:25:20.5317414Z'
  ERROR: Build asset version error: assets/streamingassets/klipik.rez in SourceAssetDB has modification time of '2026-09-10T16:14:09.8371166Z' while content on disk has modification time of '2026-09-10T16:25:20.5317414Z'
Number of updated asset objects reloaded before import = 0
Number of asset objects unloaded after import = 0
========================================================================
Received Import Request.
  Time since last request: 0.021726 seconds.
  path: Assets/StreamingAssets/klipik.rez
  artifactKey: Guid(c6703c17cc9a3ed4c85c64a4cc95ed5b) Importer(815301076,1909f56bfc062723c751e8b465ee728b)
Start importing Assets/StreamingAssets/klipik.rez using Guid(c6703c17cc9a3ed4c85c64a4cc95ed5b) Importer(815301076,1909f56bfc062723c751e8b465ee728b) [PhysX] Initialized MultithreadedTaskDispatcher with 16 workers.
 -> (artifact id: '00000000000000000000000000000000') in 0.001432 seconds
Import Error Code:(4)
Message: Build asset version error: assets/streamingassets/klipik.rez in SourceAssetDB has modification time of '2026-09-10T16:14:09.8371166Z' while content on disk has modification time of '2026-09-10T16:25:20.5317414Z'
  ERROR: Build asset version error: assets/streamingassets/klipik.rez in SourceAssetDB has modification time of '2026-09-10T16:14:09.8371166Z' while content on disk has modification time of '2026-09-10T16:25:20.5317414Z'
Number of updated asset objects reloaded before import = 0
Number of asset objects unloaded after import = 0
========================================================================
Received Import Request.
  Time since last request: 0.016369 seconds.
  path: Assets/StreamingAssets/klipik.rez
  artifactKey: Guid(c6703c17cc9a3ed4c85c64a4cc95ed5b) Importer(815301076,1909f56bfc062723c751e8b465ee728b)
Start importing Assets/StreamingAssets/klipik.rez using Guid(c6703c17cc9a3ed4c85c64a4cc95ed5b) Importer(815301076,1909f56bfc062723c751e8b465ee728b) [PhysX] Initialized MultithreadedTaskDispatcher with 16 workers.
 -> (artifact id: '00000000000000000000000000000000') in 0.001389 seconds
Import Error Code:(4)
Message: Build asset version error: assets/streamingassets/klipik.rez in SourceAssetDB has modification time of '2026-09-10T16:14:09.8371166Z' while content on disk has modification time of '2026-09-10T16:25:20.5317414Z'
  ERROR: Build asset version error: assets/streamingassets/klipik.rez in SourceAssetDB has modification time of '2026-09-10T16:14:09.8371166Z' while content on disk has modification time of '2026-09-10T16:25:20.5317414Z'
Number of updated asset objects reloaded before import = 0
Number of asset objects unloaded after import = 0
========================================================================
Received Import Request.
  Time since last request: 0.000789 seconds.
  path: Assets/StreamingAssets/klipik.rez
  artifactKey: Guid(c6703c17cc9a3ed4c85c64a4cc95ed5b) Importer(815301076,1909f56bfc062723c751e8b465ee728b)
Start importing Assets/StreamingAssets/klipik.rez using Guid(c6703c17cc9a3ed4c85c64a4cc95ed5b) Importer(815301076,1909f56bfc062723c751e8b465ee728b) [PhysX] Initialized MultithreadedTaskDispatcher with 16 workers.
 -> (artifact id: '00000000000000000000000000000000') in 0.001272 seconds
Import Error Code:(4)
Message: Build asset version error: assets/streamingassets/klipik.rez in SourceAssetDB has modification time of '2026-09-10T16:14:09.8371166Z' while content on disk has modification time of '2026-09-10T16:25:20.5317414Z'
  ERROR: Build asset version error: assets/streamingassets/klipik.rez in SourceAssetDB has modification time of '2026-09-10T16:14:09.8371166Z' while content on disk has modification time of '2026-09-10T16:25:20.5317414Z'
Number of updated asset objects reloaded before import = 0
Number of asset objects unloaded after import = 0
========================================================================
Received Import Request.
  Time since last request: 0.000415 seconds.
  path: Assets/StreamingAssets/klipik.rez
  artifactKey: Guid(c6703c17cc9a3ed4c85c64a4cc95ed5b) Importer(815301076,1909f56bfc062723c751e8b465ee728b)
Start importing Assets/StreamingAssets/klipik.rez using Guid(c6703c17cc9a3ed4c85c64a4cc95ed5b) Importer(815301076,1909f56bfc062723c751e8b465ee728b) [PhysX] Initialized MultithreadedTaskDispatcher with 16 workers.
 -> (artifact id: '00000000000000000000000000000000') in 0.001507 seconds
Import Error Code:(4)
Message: Build asset version error: assets/streamingassets/klipik.rez in SourceAssetDB has modification time of '2026-09-10T16:14:09.8371166Z' while content on disk has modification time of '2026-09-10T16:25:20.5317414Z'
  ERROR: Build asset version error: assets/streamingassets/klipik.rez in SourceAssetDB has modification time of '2026-09-10T16:14:09.8371166Z' while content on disk has modification time of '2026-09-10T16:25:20.5317414Z'
Number of updated asset objects reloaded before import = 0
Number of asset objects unloaded after import = 0
========================================================================
Received Import Request.
  Time since last request: 0.002012 seconds.
  path: Assets/StreamingAssets/klipik.rez
  artifactKey: Guid(c6703c17cc9a3ed4c85c64a4cc95ed5b) Importer(815301076,1909f56bfc062723c751e8b465ee728b)
Start importing Assets/StreamingAssets/klipik.rez using Guid(c6703c17cc9a3ed4c85c64a4cc95ed5b) Importer(815301076,1909f56bfc062723c751e8b465ee728b) [PhysX] Initialized MultithreadedTaskDispatcher with 16 workers.
 -> (artifact id: '00000000000000000000000000000000') in 0.001271 seconds
Import Error Code:(4)
Message: Build asset version error: assets/streamingassets/klipik.rez in SourceAssetDB has modification time of '2026-09-10T16:14:09.8371166Z' while content on disk has modification time of '2026-09-10T16:25:20.5317414Z'
  ERROR: Build asset version error: assets/streamingassets/klipik.rez in SourceAssetDB has modification time of '2026-09-10T16:14:09.8371166Z' while content on disk has modification time of '2026-09-10T16:25:20.5317414Z'
Number of updated asset objects reloaded before import = 0
Number of asset objects unloaded after import = 0
========================================================================
Received Import Request.
  Time since last request: 0.015320 seconds.
  path: Assets/StreamingAssets/klipik.rez
  artifactKey: Guid(c6703c17cc9a3ed4c85c64a4cc95ed5b) Importer(815301076,1909f56bfc062723c751e8b465ee728b)
Start importing Assets/StreamingAssets/klipik.rez using Guid(c6703c17cc9a3ed4c85c64a4cc95ed5b) Importer(815301076,1909f56bfc062723c751e8b465ee728b) [PhysX] Initialized MultithreadedTaskDispatcher with 16 workers.
 -> (artifact id: '00000000000000000000000000000000') in 0.001324 seconds
Import Error Code:(4)
Message: Build asset version error: assets/streamingassets/klipik.rez in SourceAssetDB has modification time of '2026-09-10T16:14:09.8371166Z' while content on disk has modification time of '2026-09-10T16:25:20.5317414Z'
  ERROR: Build asset version error: assets/streamingassets/klipik.rez in SourceAssetDB has modification time of '2026-09-10T16:14:09.8371166Z' while content on disk has modification time of '2026-09-10T16:25:20.5317414Z'
Number of updated asset objects reloaded before import = 0
Number of asset objects unloaded after import = 0
========================================================================
Received Import Request.
  Time since last request: 0.013595 seconds.
  path: Assets/StreamingAssets/klipik.rez
  artifactKey: Guid(c6703c17cc9a3ed4c85c64a4cc95ed5b) Importer(815301076,1909f56bfc062723c751e8b465ee728b)
Start importing Assets/StreamingAssets/klipik.rez using Guid(c6703c17cc9a3ed4c85c64a4cc95ed5b) Importer(815301076,1909f56bfc062723c751e8b465ee728b) [PhysX] Initialized MultithreadedTaskDispatcher with 16 workers.
 -> (artifact id: '00000000000000000000000000000000') in 0.001424 seconds
Import Error Code:(4)
Message: Build asset version error: assets/streamingassets/klipik.rez in SourceAssetDB has modification time of '2026-09-10T16:14:09.8371166Z' while content on disk has modification time of '2026-09-10T16:25:20.5317414Z'
  ERROR: Build asset version error: assets/streamingassets/klipik.rez in SourceAssetDB has modification time of '2026-09-10T16:14:09.8371166Z' while content on disk has modification time of '2026-09-10T16:25:20.5317414Z'
Number of updated asset objects reloaded before import = 0
Number of asset objects unloaded after import = 0
========================================================================
Received Import Request.
  Time since last request: 0.015093 seconds.
  path: Assets/StreamingAssets/klipik.rez
  artifactKey: Guid(c6703c17cc9a3ed4c85c64a4cc95ed5b) Importer(815301076,1909f56bfc062723c751e8b465ee728b)
Start importing Assets/StreamingAssets/klipik.rez using Guid(c6703c17cc9a3ed4c85c64a4cc95ed5b) Importer(815301076,1909f56bfc062723c751e8b465ee728b) [PhysX] Initialized MultithreadedTaskDispatcher with 16 workers.
 -> (artifact id: '00000000000000000000000000000000') in 0.001474 seconds
Import Error Code:(4)
Message: Build asset version error: assets/streamingassets/klipik.rez in SourceAssetDB has modification time of '2026-09-10T16:14:09.8371166Z' while content on disk has modification time of '2026-09-10T16:25:20.5317414Z'
  ERROR: Build asset version error: assets/streamingassets/klipik.rez in SourceAssetDB has modification time of '2026-09-10T16:14:09.8371166Z' while content on disk has modification time of '2026-09-10T16:25:20.5317414Z'
Number of updated asset objects reloaded before import = 0
Number of asset objects unloaded after import = 0
========================================================================
Received Import Request.
  Time since last request: 0.016980 seconds.
  path: Assets/StreamingAssets/klipik.rez
  artifactKey: Guid(c6703c17cc9a3ed4c85c64a4cc95ed5b) Importer(815301076,1909f56bfc062723c751e8b465ee728b)
Start importing Assets/StreamingAssets/klipik.rez using Guid(c6703c17cc9a3ed4c85c64a4cc95ed5b) Importer(815301076,1909f56bfc062723c751e8b465ee728b) [PhysX] Initialized MultithreadedTaskDispatcher with 16 workers.
 -> (artifact id: '00000000000000000000000000000000') in 0.001621 seconds
Import Error Code:(4)
Message: Build asset version error: assets/streamingassets/klipik.rez in SourceAssetDB has modification time of '2026-09-10T16:14:09.8371166Z' while content on disk has modification time of '2026-09-10T16:25:20.5317414Z'
  ERROR: Build asset version error: assets/streamingassets/klipik.rez in SourceAssetDB has modification time of '2026-09-10T16:14:09.8371166Z' while content on disk has modification time of '2026-09-10T16:25:20.5317414Z'
Number of updated asset objects reloaded before import = 0
Number of asset objects unloaded after import = 0
========================================================================
Received Import Request.
  Time since last request: 0.275025 seconds.
  path: Assets/StreamingAssets/klipik.rez
  artifactKey: Guid(c6703c17cc9a3ed4c85c64a4cc95ed5b) Importer(815301076,1909f56bfc062723c751e8b465ee728b)
Start importing Assets/StreamingAssets/klipik.rez using Guid(c6703c17cc9a3ed4c85c64a4cc95ed5b) Importer(815301076,1909f56bfc062723c751e8b465ee728b) [PhysX] Initialized MultithreadedTaskDispatcher with 16 workers.
 -> (artifact id: '02f386131c62e979ef08f9ffdb654697') in 0.001583 seconds
Number of updated asset objects reloaded before import = 0
Number of asset objects unloaded after import = 1
========================================================================
Received Prepare
Caller must complete domain reload
Begin MonoManager ReloadAssembly
- Loaded All Assemblies, in  0.862 seconds
Native extension for UWP target not found
Native extension for WindowsStandalone target not found
Native extension for WebGL target not found
[Package Manager] Server::EnsureServerProcessIsRunning -- launch failed, reason: Unity was launched with the -noUpm command-line argument
[Package Manager] UpmClient::Send -- Unable to send message (not connected to UPM process).
[Package Manager] Cannot connect to Unity Package Manager local server
Mono: successfully reloaded assembly
- Finished resetting the current domain, in  2.194 seconds
Domain Reload Profiling: 3044ms
	BeginReloadAssembly (221ms)
		ExecutionOrderSort (0ms)
		DisableScriptedObjects (6ms)
		BackupInstance (0ms)
		ReleaseScriptingObjects (0ms)
		CreateAndSetChildDomain (55ms)
	RebuildCommonClasses (42ms)
	RebuildNativeTypeToScriptingClass (13ms)
	initialDomainReloadingComplete (66ms)
	LoadAllAssembliesAndSetupDomain (508ms)
		LoadAssemblies (597ms)
		RebuildTransferFunctionScriptingTraits (0ms)
		AnalyzeDomain (25ms)
			TypeCache.Refresh (9ms)
				TypeCache.ScanAssembly (0ms)
			ScanForSourceGeneratedMonoScriptInfo (0ms)
			ResolveRequiredComponents (14ms)
	FinalizeReload (2194ms)
		ReleaseScriptCaches (0ms)
		RebuildScriptCaches (0ms)
		SetupLoadedEditorAssemblies (964ms)
			LogAssemblyErrors (0ms)
			InitializePlatformSupportModulesInManaged (17ms)
			SetLoadedEditorAssemblies (9ms)
			RefreshPlugins (0ms)
			BeforeProcessingInitializeOnLoad (157ms)
			ProcessInitializeOnLoadAttributes (572ms)
			ProcessInitializeOnLoadMethodAttributes (188ms)
			AfterProcessingInitializeOnLoad (19ms)
			EditorAssembliesLoaded (1ms)
		ExecutionOrderSort2 (0ms)
		AwakeInstancesAfterBackupRestoration (31ms)
Shader Hidden/ProbeVolume/VoxelizeScene is not supported: GPU does not support conservative rasterization
Refreshing native plugins compatible for Editor in 21.87 ms, found 2 plugins.
Preloading 0 native plugins for Editor in 0.00 ms.
Unloading 4929 Unused Serialized files (Serialized files now loaded: 0)
Unloading 45 unused Assets / (1.1 MB). Loaded Objects now: 5675.
Memory consumption went from 203.7 MB to 202.6 MB.
Total: 4.061400 ms (FindLiveObjects: 0.500900 ms CreateObjectMapping: 0.146500 ms MarkObjects: 3.154800 ms  DeleteObjects: 0.258100 ms)

Prepare: number of updated asset objects reloaded= 0
AssetImportParameters requested are different than current active one (requested -> active):
  custom:container-demuxer-ogg: 62fdf1f143b41e24485cea50d1cbac27 -> 
  custom:video-codec-MediaFoundation-h265: 746d11721c4dcdbdad8f713fa42b33f4 -> 
  custom:video-decoder-ogg-theora: a1e56fd34408186e4bbccfd4996cb3dc -> 
  custom:framework-win-MediaFoundation: 216162199b28c13a410421893ffa2e32 -> 
  custom:CustomObjectIndexerAttribute: 72b91833f83ae208fae7752999fa3104 -> 
  custom:container-demuxer-webm: 4f35f7cbe854078d1ac9338744f61a02 -> 
  custom:container-muxer-webm: aa71ff27fc2769a1b78a27578f13a17b -> 
  custom:video-decoder-webm-vp8: 9c59270c3fd7afecdb556c50c9e8de78 -> 
  custom:scripting/monoscript/fileName/ActivateAfterCampaign.cs: ed40f55a86134fc3921448ba518ca9f5 -> 
  custom:SearchIndexIgnoredProperties: e643bd26f0fe6173181afceb89e7c659 -> 
  custom:AudioImporter_EditorPlatform: d09bf68614088b80899f8185d706f6e7 -> 
  custom:video-encoder-webm-vp8: eb34c28f22e8b96e1ab97ce403110664 -> 
  custom:audio-decoder-ogg-vorbis: bf7c407c2cedff20999df2af8eb42d56 -> 
  custom:scripting/monoscript/fileName/TitleExtras.cs: fbfb93edb3c517d0e499114eda65705c -> 
  custom:audio-encoder-webm-vorbis: bf7c407c2cedff20999df2af8eb42d56 -> 
  custom:scripting/precompiled-assembly-types:Assembly-CSharp: 64e3964e3d4d255da02015c2618f8611 -> 0ac2bf2ed1e5ec182c9b167a7f61b23c
========================================================================
Received Prepare
Caller must complete domain reload
Begin MonoManager ReloadAssembly
- Loaded All Assemblies, in  0.848 seconds
Native extension for UWP target not found
Native extension for WindowsStandalone target not found
Native extension for WebGL target not found
[Package Manager] Server::EnsureServerProcessIsRunning -- launch failed, reason: Unity was launched with the -noUpm command-line argument
[Package Manager] UpmClient::Send -- Unable to send message (not connected to UPM process).
[Package Manager] Cannot connect to Unity Package Manager local server
Mono: successfully reloaded assembly
- Finished resetting the current domain, in  2.184 seconds
Domain Reload Profiling: 3020ms
	BeginReloadAssembly (208ms)
		ExecutionOrderSort (0ms)
		DisableScriptedObjects (6ms)
		BackupInstance (0ms)
		ReleaseScriptingObjects (0ms)
		CreateAndSetChildDomain (42ms)
	RebuildCommonClasses (55ms)
	RebuildNativeTypeToScriptingClass (17ms)
	initialDomainReloadingComplete (62ms)
	LoadAllAssembliesAndSetupDomain (493ms)
		LoadAssemblies (586ms)
		RebuildTransferFunctionScriptingTraits (0ms)
		AnalyzeDomain (24ms)
			TypeCache.Refresh (7ms)
				TypeCache.ScanAssembly (0ms)
			ScanForSourceGeneratedMonoScriptInfo (0ms)
			ResolveRequiredComponents (14ms)
	FinalizeReload (2185ms)
		ReleaseScriptCaches (0ms)
		RebuildScriptCaches (0ms)
		SetupLoadedEditorAssemblies (912ms)
			LogAssemblyErrors (0ms)
			InitializePlatformSupportModulesInManaged (18ms)
			SetLoadedEditorAssemblies (8ms)
			RefreshPlugins (0ms)
			BeforeProcessingInitializeOnLoad (146ms)
			ProcessInitializeOnLoadAttributes (547ms)
			ProcessInitializeOnLoadMethodAttributes (173ms)
			AfterProcessingInitializeOnLoad (19ms)
			EditorAssembliesLoaded (0ms)
		ExecutionOrderSort2 (0ms)
		AwakeInstancesAfterBackupRestoration (29ms)
Shader Hidden/ProbeVolume/VoxelizeScene is not supported: GPU does not support conservative rasterization
Refreshing native plugins compatible for Editor in 25.45 ms, found 2 plugins.
Preloading 0 native plugins for Editor in 0.00 ms.
Unloading 4929 Unused Serialized files (Serialized files now loaded: 0)
Unloading 45 unused Assets / (1.1 MB). Loaded Objects now: 5679.
Memory consumption went from 203.7 MB to 202.6 MB.
Total: 5.189700 ms (FindLiveObjects: 0.576100 ms CreateObjectMapping: 0.184300 ms MarkObjects: 4.109900 ms  DeleteObjects: 0.318000 ms)

Prepare: number of updated asset objects reloaded= 0
AssetImportParameters requested are different than current active one (requested -> active):
  custom:container-demuxer-ogg: 62fdf1f143b41e24485cea50d1cbac27 -> 
  custom:video-codec-MediaFoundation-h265: 746d11721c4dcdbdad8f713fa42b33f4 -> 
  custom:video-decoder-ogg-theora: a1e56fd34408186e4bbccfd4996cb3dc -> 
  custom:framework-win-MediaFoundation: 216162199b28c13a410421893ffa2e32 -> 
  custom:CustomObjectIndexerAttribute: 72b91833f83ae208fae7752999fa3104 -> 
  custom:container-demuxer-webm: 4f35f7cbe854078d1ac9338744f61a02 -> 
  custom:container-muxer-webm: aa71ff27fc2769a1b78a27578f13a17b -> 
  custom:video-decoder-webm-vp8: 9c59270c3fd7afecdb556c50c9e8de78 -> 
  custom:scripting/monoscript/fileName/ActivateAfterCampaign.cs: ed40f55a86134fc3921448ba518ca9f5 -> 
  custom:SearchIndexIgnoredProperties: e643bd26f0fe6173181afceb89e7c659 -> 
  custom:AudioImporter_EditorPlatform: d09bf68614088b80899f8185d706f6e7 -> 
  custom:video-encoder-webm-vp8: eb34c28f22e8b96e1ab97ce403110664 -> 
  custom:audio-decoder-ogg-vorbis: bf7c407c2cedff20999df2af8eb42d56 -> 
  custom:scripting/monoscript/fileName/TitleExtras.cs: fbfb93edb3c517d0e499114eda65705c -> 
  custom:audio-encoder-webm-vorbis: bf7c407c2cedff20999df2af8eb42d56 -> 
  custom:scripting/precompiled-assembly-types:Assembly-CSharp: 64e3964e3d4d255da02015c2618f8611 -> 0ac2bf2ed1e5ec182c9b167a7f61b23c
========================================================================
Received Prepare
Shader Hidden/ProbeVolume/VoxelizeScene is not supported: GPU does not support conservative rasterization
Refreshing native plugins compatible for Editor in 33.87 ms, found 2 plugins.
Preloading 0 native plugins for Editor in 0.00 ms.
Unloading 3 Unused Serialized files (Serialized files now loaded: 0)
Unloading 3 unused Assets / (1.0 MB). Loaded Objects now: 5679.
Memory consumption went from 127.1 MB to 126.1 MB.
Total: 7.227300 ms (FindLiveObjects: 0.711500 ms CreateObjectMapping: 0.512800 ms MarkObjects: 5.594600 ms  DeleteObjects: 0.406400 ms)

Prepare: number of updated asset objects reloaded= 0
AssetImportParameters requested are different than current active one (requested -> active):
  custom:container-demuxer-ogg: 62fdf1f143b41e24485cea50d1cbac27 -> 
  custom:video-codec-MediaFoundation-h265: 746d11721c4dcdbdad8f713fa42b33f4 -> 
  custom:video-decoder-ogg-theora: a1e56fd34408186e4bbccfd4996cb3dc -> 
  custom:framework-win-MediaFoundation: 216162199b28c13a410421893ffa2e32 -> 
  custom:CustomObjectIndexerAttribute: 72b91833f83ae208fae7752999fa3104 -> 
  custom:container-demuxer-webm: 4f35f7cbe854078d1ac9338744f61a02 -> 
  custom:container-muxer-webm: aa71ff27fc2769a1b78a27578f13a17b -> 
  custom:video-decoder-webm-vp8: 9c59270c3fd7afecdb556c50c9e8de78 -> 
  custom:scripting/monoscript/fileName/ActivateAfterCampaign.cs: ed40f55a86134fc3921448ba518ca9f5 -> 
  custom:SearchIndexIgnoredProperties: e643bd26f0fe6173181afceb89e7c659 -> 
  custom:AudioImporter_EditorPlatform: d09bf68614088b80899f8185d706f6e7 -> 
  custom:video-encoder-webm-vp8: eb34c28f22e8b96e1ab97ce403110664 -> 
  custom:audio-decoder-ogg-vorbis: bf7c407c2cedff20999df2af8eb42d56 -> 
  custom:scripting/monoscript/fileName/TitleExtras.cs: fbfb93edb3c517d0e499114eda65705c -> 
  custom:audio-encoder-webm-vorbis: bf7c407c2cedff20999df2af8eb42d56 -> 
  custom:scripting/precompiled-assembly-types:Assembly-CSharp: 64e3964e3d4d255da02015c2618f8611 -> 0ac2bf2ed1e5ec182c9b167a7f61b23c
