Using pre-set license
Built from '2022.3/respin/2022.3.62f2-4af31df585-v2' branch; Version is '2022.3.62f3 (96770f904ca7) revision 9860879'; Using compiler version '192829333'; Build Type 'Release'
OS: 'Windows 11  (10.0.26100) 64bit Professional' Language: 'en' Physical Memory: 32692 MB
BatchMode: 1, IsHumanControllingUs: 0, StartBugReporterOnCrash: 0, Is64bit: 1, IsPro: 1

COMMAND LINE ARGUMENTS:
C:\Program Files\Unity\Hub\Editor\2022.3.62f3\Editor\Unity.exe
-adb2
-batchMode
-noUpm
-name
AssetImportWorker0
-projectPath
C:/Users/Nik0la/unity/qx1
-logFile
Logs/AssetImportWorker0.log
-srvPort
49585
Successfully changed project path to: C:/Users/Nik0la/unity/qx1
C:/Users/Nik0la/unity/qx1
[UnityMemory] Configuration Parameters - Can be set up in boot.config
    "memorysetup-bucket-allocator-granularity=16"
    "memorysetup-bucket-allocator-bucket-count=8"
    "memorysetup-bucket-allocator-block-size=33554432"
    "memorysetup-bucket-allocator-block-count=8"
    "memorysetup-main-allocator-block-size=16777216"
    "memorysetup-thread-allocator-block-size=16777216"
    "memorysetup-gfx-main-allocator-block-size=16777216"
    "memorysetup-gfx-thread-allocator-block-size=16777216"
    "memorysetup-cache-allocator-block-size=4194304"
    "memorysetup-typetree-allocator-block-size=2097152"
    "memorysetup-profiler-bucket-allocator-granularity=16"
    "memorysetup-profiler-bucket-allocator-bucket-count=8"
    "memorysetup-profiler-bucket-allocator-block-size=33554432"
    "memorysetup-profiler-bucket-allocator-block-count=8"
    "memorysetup-profiler-allocator-block-size=16777216"
    "memorysetup-profiler-editor-allocator-block-size=1048576"
    "memorysetup-temp-allocator-size-main=16777216"
    "memorysetup-job-temp-allocator-block-size=2097152"
    "memorysetup-job-temp-allocator-block-size-background=1048576"
    "memorysetup-job-temp-allocator-reduction-small-platforms=262144"
    "memorysetup-allocator-temp-initial-block-size-main=262144"
    "memorysetup-allocator-temp-initial-block-size-worker=262144"
    "memorysetup-temp-allocator-size-background-worker=32768"
    "memorysetup-temp-allocator-size-job-worker=262144"
    "memorysetup-temp-allocator-size-preload-manager=33554432"
    "memorysetup-temp-allocator-size-nav-mesh-worker=65536"
    "memorysetup-temp-allocator-size-audio-worker=65536"
    "memorysetup-temp-allocator-size-cloud-worker=32768"
    "memorysetup-temp-allocator-size-gi-baking-worker=262144"
    "memorysetup-temp-allocator-size-gfx=262144"
Player connection [9288]  Target information:

Player connection [9288]  * "[IP] 192.168.100.102 [Port] 0 [Flags] 2 [Guid] 3085174391 [EditorId] 3085174391 [Version] 1048832 [Id] WindowsEditor(7,DESKTOP-BR8H1BK) [Debug] 1 [PackageName] WindowsEditor [ProjectName] Editor" 

Player connection [9288] Host joined multi-casting on [225.0.0.222:54997]...
Player connection [9288] Host joined alternative multi-casting on [225.0.0.222:34997]...
Input System module state changed to: Initialized.
[PhysX] Initialized MultithreadedTaskDispatcher with 16 workers.
Refreshing native plugins compatible for Editor in 76.49 ms, found 2 plugins.
Preloading 0 native plugins for Editor in 0.00 ms.
Initialize engine version: 2022.3.62f3 (96770f904ca7)
[Subsystems] Discovering subsystems at path C:/Program Files/Unity/Hub/Editor/2022.3.62f3/Editor/Data/Resources/UnitySubsystems
[Subsystems] Discovering subsystems at path C:/Users/Nik0la/unity/qx1/Assets
GfxDevice: creating device client; threaded=0; jobified=0
Direct3D:
    Version:  Direct3D 11.0 [level 11.0]
    Renderer: NVIDIA GeForce GTX 670 (ID=0x1189)
    Vendor:   NVIDIA
    VRAM:     2007 MB
    Driver:   27.21.14.5671
Shader Hidden/ProbeVolume/VoxelizeScene is not supported: GPU does not support conservative rasterization
Initialize mono
Mono path[0] = 'C:/Program Files/Unity/Hub/Editor/2022.3.62f3/Editor/Data/Managed'
Mono path[1] = 'C:/Program Files/Unity/Hub/Editor/2022.3.62f3/Editor/Data/MonoBleedingEdge/lib/mono/unityjit-win32'
Mono config path = 'C:/Program Files/Unity/Hub/Editor/2022.3.62f3/Editor/Data/MonoBleedingEdge/etc'
Using monoOptions --debugger-agent=transport=dt_socket,embedding=1,server=y,suspend=n,address=127.0.0.1:56072
Begin MonoManager ReloadAssembly
Registering precompiled unity dll's ...
Register platform support module: C:/Program Files/Unity/Hub/Editor/2022.3.62f3/Editor/Data/PlaybackEngines/WebGLSupport/UnityEditor.WebGL.Extensions.dll
Register platform support module: C:/Program Files/Unity/Hub/Editor/2022.3.62f3/Editor/Data/PlaybackEngines/WindowsStandaloneSupport/UnityEditor.WindowsStandalone.Extensions.dll
Register platform support module: C:/Program Files/Unity/Hub/Editor/2022.3.62f3/Editor/Data/PlaybackEngines/MetroSupport/UnityEditor.UWP.Extensions.dll
Registered in 0.030845 seconds.
- Loaded All Assemblies, in  0.887 seconds
Native extension for UWP target not found
Native extension for WindowsStandalone target not found
Native extension for WebGL target not found
Mono: successfully reloaded assembly
- Finished resetting the current domain, in  0.687 seconds
Domain Reload Profiling: 1568ms
	BeginReloadAssembly (256ms)
		ExecutionOrderSort (0ms)
		DisableScriptedObjects (0ms)
		BackupInstance (0ms)
		ReleaseScriptingObjects (0ms)
		CreateAndSetChildDomain (1ms)
	RebuildCommonClasses (93ms)
	RebuildNativeTypeToScriptingClass (19ms)
	initialDomainReloadingComplete (165ms)
	LoadAllAssembliesAndSetupDomain (346ms)
		LoadAssemblies (253ms)
		RebuildTransferFunctionScriptingTraits (0ms)
		AnalyzeDomain (338ms)
			TypeCache.Refresh (336ms)
				TypeCache.ScanAssembly (307ms)
			ScanForSourceGeneratedMonoScriptInfo (1ms)
			ResolveRequiredComponents (1ms)
	FinalizeReload (688ms)
		ReleaseScriptCaches (0ms)
		RebuildScriptCaches (0ms)
		SetupLoadedEditorAssemblies (568ms)
			LogAssemblyErrors (0ms)
			InitializePlatformSupportModulesInManaged (33ms)
			SetLoadedEditorAssemblies (14ms)
			RefreshPlugins (0ms)
			BeforeProcessingInitializeOnLoad (3ms)
			ProcessInitializeOnLoadAttributes (383ms)
			ProcessInitializeOnLoadMethodAttributes (134ms)
			AfterProcessingInitializeOnLoad (0ms)
			EditorAssembliesLoaded (0ms)
		ExecutionOrderSort2 (0ms)
		AwakeInstancesAfterBackupRestoration (0ms)
========================================================================
Worker process is ready to serve import requests
Caller must complete domain reload
Begin MonoManager ReloadAssembly
- Loaded All Assemblies, in  2.337 seconds
Native extension for UWP target not found
Native extension for WindowsStandalone target not found
Native extension for WebGL target not found
Package Manager log level set to [2]
[Package Manager] Server::EnsureServerProcessIsRunning -- launch failed, reason: Unity was launched with the -noUpm command-line argument
[Package Manager] UpmClient::Send -- Unable to send message (not connected to UPM process).
[Package Manager] Cannot connect to Unity Package Manager local server
Mono: successfully reloaded assembly
- Finished resetting the current domain, in  1.914 seconds
Domain Reload Profiling: 4236ms
	BeginReloadAssembly (351ms)
		ExecutionOrderSort (0ms)
		DisableScriptedObjects (9ms)
		BackupInstance (0ms)
		ReleaseScriptingObjects (0ms)
		CreateAndSetChildDomain (49ms)
	RebuildCommonClasses (85ms)
	RebuildNativeTypeToScriptingClass (32ms)
	initialDomainReloadingComplete (141ms)
	LoadAllAssembliesAndSetupDomain (1711ms)
		LoadAssemblies (1082ms)
		RebuildTransferFunctionScriptingTraits (0ms)
		AnalyzeDomain (840ms)
			TypeCache.Refresh (745ms)
				TypeCache.ScanAssembly (690ms)
			ScanForSourceGeneratedMonoScriptInfo (65ms)
			ResolveRequiredComponents (26ms)
	FinalizeReload (1915ms)
		ReleaseScriptCaches (0ms)
		RebuildScriptCaches (0ms)
		SetupLoadedEditorAssemblies (1471ms)
			LogAssemblyErrors (0ms)
			InitializePlatformSupportModulesInManaged (26ms)
			SetLoadedEditorAssemblies (15ms)
			RefreshPlugins (0ms)
			BeforeProcessingInitializeOnLoad (214ms)
			ProcessInitializeOnLoadAttributes (904ms)
			ProcessInitializeOnLoadMethodAttributes (287ms)
			AfterProcessingInitializeOnLoad (25ms)
			EditorAssembliesLoaded (0ms)
		ExecutionOrderSort2 (0ms)
		AwakeInstancesAfterBackupRestoration (13ms)
Shader Hidden/ProbeVolume/VoxelizeScene is not supported: GPU does not support conservative rasterization
Launched and connected shader compiler UnityShaderCompiler.exe after 0.08 seconds
Refreshing native plugins compatible for Editor in 29.13 ms, found 2 plugins.
Preloading 0 native plugins for Editor in 0.00 ms.
Unloading 5161 Unused Serialized files (Serialized files now loaded: 0)
Unloading 52 unused Assets / (1.1 MB). Loaded Objects now: 5615.
Memory consumption went from 247.6 MB to 246.4 MB.
Total: 11.329000 ms (FindLiveObjects: 0.987000 ms CreateObjectMapping: 0.823000 ms MarkObjects: 8.226800 ms  DeleteObjects: 1.289300 ms)

AssetImportParameters requested are different than current active one (requested -> active):
  custom:container-demuxer-ogg: 62fdf1f143b41e24485cea50d1cbac27 -> 
  custom:video-codec-MediaFoundation-h265: 746d11721c4dcdbdad8f713fa42b33f4 -> 
  custom:video-decoder-ogg-theora: a1e56fd34408186e4bbccfd4996cb3dc -> 
  custom:framework-win-MediaFoundation: 216162199b28c13a410421893ffa2e32 -> 
  custom:CustomObjectIndexerAttribute: 72b91833f83ae208fae7752999fa3104 -> 
  custom:container-demuxer-webm: 4f35f7cbe854078d1ac9338744f61a02 -> 
  custom:container-muxer-webm: aa71ff27fc2769a1b78a27578f13a17b -> 
  custom:video-decoder-webm-vp8: 9c59270c3fd7afecdb556c50c9e8de78 -> 
  custom:SearchIndexIgnoredProperties: e643bd26f0fe6173181afceb89e7c659 -> 
  custom:AudioImporter_EditorPlatform: d09bf68614088b80899f8185d706f6e7 -> 
  custom:video-encoder-webm-vp8: eb34c28f22e8b96e1ab97ce403110664 -> 
  custom:audio-decoder-ogg-vorbis: bf7c407c2cedff20999df2af8eb42d56 -> 
  custom:audio-encoder-webm-vorbis: bf7c407c2cedff20999df2af8eb42d56 -> 
========================================================================
Received Prepare
Caller must complete domain reload
Begin MonoManager ReloadAssembly
- Loaded All Assemblies, in  1.522 seconds
Native extension for UWP target not found
Native extension for WindowsStandalone target not found
Native extension for WebGL target not found
[Package Manager] Server::EnsureServerProcessIsRunning -- launch failed, reason: Unity was launched with the -noUpm command-line argument
[Package Manager] UpmClient::Send -- Unable to send message (not connected to UPM process).
[Package Manager] Cannot connect to Unity Package Manager local server
Mono: successfully reloaded assembly
- Finished resetting the current domain, in  3.409 seconds
Domain Reload Profiling: 4915ms
	BeginReloadAssembly (401ms)
		ExecutionOrderSort (0ms)
		DisableScriptedObjects (12ms)
		BackupInstance (0ms)
		ReleaseScriptingObjects (0ms)
		CreateAndSetChildDomain (107ms)
	RebuildCommonClasses (88ms)
	RebuildNativeTypeToScriptingClass (32ms)
	initialDomainReloadingComplete (107ms)
	LoadAllAssembliesAndSetupDomain (876ms)
		LoadAssemblies (1042ms)
		RebuildTransferFunctionScriptingTraits (0ms)
		AnalyzeDomain (44ms)
			TypeCache.Refresh (19ms)
				TypeCache.ScanAssembly (0ms)
			ScanForSourceGeneratedMonoScriptInfo (0ms)
			ResolveRequiredComponents (23ms)
	FinalizeReload (3410ms)
		ReleaseScriptCaches (0ms)
		RebuildScriptCaches (0ms)
		SetupLoadedEditorAssemblies (1398ms)
			LogAssemblyErrors (0ms)
			InitializePlatformSupportModulesInManaged (16ms)
			SetLoadedEditorAssemblies (13ms)
			RefreshPlugins (0ms)
			BeforeProcessingInitializeOnLoad (215ms)
			ProcessInitializeOnLoadAttributes (873ms)
			ProcessInitializeOnLoadMethodAttributes (259ms)
			AfterProcessingInitializeOnLoad (21ms)
			EditorAssembliesLoaded (1ms)
		ExecutionOrderSort2 (0ms)
		AwakeInstancesAfterBackupRestoration (50ms)
Shader Hidden/ProbeVolume/VoxelizeScene is not supported: GPU does not support conservative rasterization
Refreshing native plugins compatible for Editor in 34.96 ms, found 2 plugins.
Preloading 0 native plugins for Editor in 0.00 ms.
Unloading 4930 Unused Serialized files (Serialized files now loaded: 0)
Unloading 45 unused Assets / (1.1 MB). Loaded Objects now: 5619.
Memory consumption went from 203.8 MB to 202.7 MB.
Total: 10.529900 ms (FindLiveObjects: 1.044300 ms CreateObjectMapping: 1.004100 ms MarkObjects: 7.177200 ms  DeleteObjects: 1.301300 ms)

Prepare: number of updated asset objects reloaded= 0
AssetImportParameters requested are different than current active one (requested -> active):
  custom:container-demuxer-ogg: 62fdf1f143b41e24485cea50d1cbac27 -> 
  custom:video-codec-MediaFoundation-h265: 746d11721c4dcdbdad8f713fa42b33f4 -> 
  custom:video-decoder-ogg-theora: a1e56fd34408186e4bbccfd4996cb3dc -> 
  custom:framework-win-MediaFoundation: 216162199b28c13a410421893ffa2e32 -> 
  custom:CustomObjectIndexerAttribute: 72b91833f83ae208fae7752999fa3104 -> 
  custom:container-demuxer-webm: 4f35f7cbe854078d1ac9338744f61a02 -> 
  custom:container-muxer-webm: aa71ff27fc2769a1b78a27578f13a17b -> 
  custom:video-decoder-webm-vp8: 9c59270c3fd7afecdb556c50c9e8de78 -> 
  custom:SearchIndexIgnoredProperties: e643bd26f0fe6173181afceb89e7c659 -> 
  custom:AudioImporter_EditorPlatform: d09bf68614088b80899f8185d706f6e7 -> 
  custom:video-encoder-webm-vp8: eb34c28f22e8b96e1ab97ce403110664 -> 
  custom:audio-decoder-ogg-vorbis: bf7c407c2cedff20999df2af8eb42d56 -> 
  custom:audio-encoder-webm-vorbis: bf7c407c2cedff20999df2af8eb42d56 -> 
========================================================================
Received Import Request.
  Time since last request: 1283.481939 seconds.
  path: Assets/Imports/enviromet/tutorial
  artifactKey: Guid(0ecaaef1e2fa8e44ca7506081f527e43) Importer(815301076,1909f56bfc062723c751e8b465ee728b)
Start importing Assets/Imports/enviromet/tutorial using Guid(0ecaaef1e2fa8e44ca7506081f527e43) Importer(815301076,1909f56bfc062723c751e8b465ee728b) [PhysX] Initialized MultithreadedTaskDispatcher with 16 workers.
 -> (artifact id: 'cbd0e923cfe9c8f5e4c169c321cc23e6') in 0.006807 seconds
Number of updated asset objects reloaded before import = 0
Number of asset objects unloaded after import = 0
========================================================================
Received Import Request.
  Time since last request: 2808.707408 seconds.
  path: Assets/Imports/images/tutorial/grass
  artifactKey: Guid(ce5e04e77bc5b9a429b7e94f75fcee32) Importer(815301076,1909f56bfc062723c751e8b465ee728b)
Start importing Assets/Imports/images/tutorial/grass using Guid(ce5e04e77bc5b9a429b7e94f75fcee32) Importer(815301076,1909f56bfc062723c751e8b465ee728b) [PhysX] Initialized MultithreadedTaskDispatcher with 16 workers.
 -> (artifact id: '591d43e19e51683674b413461fbcbb0e') in 0.004821 seconds
Number of updated asset objects reloaded before import = 0
Number of asset objects unloaded after import = 0
========================================================================
Received Import Request.
  Time since last request: 3384.381680 seconds.
  path: Assets/Imports/images/tutorial/tree
  artifactKey: Guid(982744531f9f43949a8d104d57cf590b) Importer(815301076,1909f56bfc062723c751e8b465ee728b)
Start importing Assets/Imports/images/tutorial/tree using Guid(982744531f9f43949a8d104d57cf590b) Importer(815301076,1909f56bfc062723c751e8b465ee728b) [PhysX] Initialized MultithreadedTaskDispatcher with 16 workers.
 -> (artifact id: '053bbbc1f3f3e794e008eac8c1f04fd7') in 0.011353 seconds
Number of updated asset objects reloaded before import = 0
Number of asset objects unloaded after import = 0
========================================================================
Received Import Request.
  Time since last request: 18.760254 seconds.
  path: Assets/Imports/images/tutorial/pain
  artifactKey: Guid(3af372cae258c3241868c86e784762b4) Importer(815301076,1909f56bfc062723c751e8b465ee728b)
Start importing Assets/Imports/images/tutorial/pain using Guid(3af372cae258c3241868c86e784762b4) Importer(815301076,1909f56bfc062723c751e8b465ee728b) [PhysX] Initialized MultithreadedTaskDispatcher with 16 workers.
 -> (artifact id: 'd25f1f653c20055a64073c26f2b0fb0c') in 0.005739 seconds
Number of updated asset objects reloaded before import = 0
Number of asset objects unloaded after import = 0
========================================================================
Received Prepare
Caller must complete domain reload
Begin MonoManager ReloadAssembly
- Loaded All Assemblies, in  7.508 seconds
Native extension for UWP target not found
Native extension for WindowsStandalone target not found
Native extension for WebGL target not found
[Package Manager] Server::EnsureServerProcessIsRunning -- launch failed, reason: Unity was launched with the -noUpm command-line argument
[Package Manager] UpmClient::Send -- Unable to send message (not connected to UPM process).
[Package Manager] Cannot connect to Unity Package Manager local server
Mono: successfully reloaded assembly
- Finished resetting the current domain, in 45.256 seconds
Domain Reload Profiling: 52750ms
	BeginReloadAssembly (629ms)
		ExecutionOrderSort (0ms)
		DisableScriptedObjects (20ms)
		BackupInstance (0ms)
		ReleaseScriptingObjects (0ms)
		CreateAndSetChildDomain (176ms)
	RebuildCommonClasses (338ms)
	RebuildNativeTypeToScriptingClass (32ms)
	initialDomainReloadingComplete (122ms)
	LoadAllAssembliesAndSetupDomain (6371ms)
		LoadAssemblies (6617ms)
		RebuildTransferFunctionScriptingTraits (0ms)
		AnalyzeDomain (66ms)
			TypeCache.Refresh (28ms)
				TypeCache.ScanAssembly (0ms)
			ScanForSourceGeneratedMonoScriptInfo (1ms)
			ResolveRequiredComponents (33ms)
	FinalizeReload (45257ms)
		ReleaseScriptCaches (0ms)
		RebuildScriptCaches (0ms)
		SetupLoadedEditorAssemblies (1479ms)
			LogAssemblyErrors (0ms)
			InitializePlatformSupportModulesInManaged (31ms)
			SetLoadedEditorAssemblies (16ms)
			RefreshPlugins (0ms)
			BeforeProcessingInitializeOnLoad (229ms)
			ProcessInitializeOnLoadAttributes (901ms)
			ProcessInitializeOnLoadMethodAttributes (276ms)
			AfterProcessingInitializeOnLoad (26ms)
			EditorAssembliesLoaded (1ms)
		ExecutionOrderSort2 (0ms)
		AwakeInstancesAfterBackupRestoration (51ms)
Shader Hidden/ProbeVolume/VoxelizeScene is not supported: GPU does not support conservative rasterization
Refreshing native plugins compatible for Editor in 32.70 ms, found 2 plugins.
Preloading 0 native plugins for Editor in 0.00 ms.
Unloading 4930 Unused Serialized files (Serialized files now loaded: 0)
Unloading 45 unused Assets / (1.1 MB). Loaded Objects now: 5623.
Memory consumption went from 203.8 MB to 202.7 MB.
Total: 12.505800 ms (FindLiveObjects: 1.142500 ms CreateObjectMapping: 1.215800 ms MarkObjects: 9.177700 ms  DeleteObjects: 0.966500 ms)

Prepare: number of updated asset objects reloaded= 0
AssetImportParameters requested are different than current active one (requested -> active):
  custom:container-demuxer-ogg: 62fdf1f143b41e24485cea50d1cbac27 -> 
  custom:video-codec-MediaFoundation-h265: 746d11721c4dcdbdad8f713fa42b33f4 -> 
  custom:video-decoder-ogg-theora: a1e56fd34408186e4bbccfd4996cb3dc -> 
  custom:framework-win-MediaFoundation: 216162199b28c13a410421893ffa2e32 -> 
  custom:CustomObjectIndexerAttribute: 72b91833f83ae208fae7752999fa3104 -> 
  custom:container-demuxer-webm: 4f35f7cbe854078d1ac9338744f61a02 -> 
  custom:container-muxer-webm: aa71ff27fc2769a1b78a27578f13a17b -> 
  custom:video-decoder-webm-vp8: 9c59270c3fd7afecdb556c50c9e8de78 -> 
  custom:SearchIndexIgnoredProperties: e643bd26f0fe6173181afceb89e7c659 -> 
  custom:AudioImporter_EditorPlatform: d09bf68614088b80899f8185d706f6e7 -> 
  custom:video-encoder-webm-vp8: eb34c28f22e8b96e1ab97ce403110664 -> 
  custom:audio-decoder-ogg-vorbis: bf7c407c2cedff20999df2af8eb42d56 -> 
  custom:audio-encoder-webm-vorbis: bf7c407c2cedff20999df2af8eb42d56 -> 
========================================================================
Received Import Request.
  Time since last request: 3316.319053 seconds.
  path: Assets/Scenes/levels/dynamic level/LevelDialogue.yarnproject
  artifactKey: Guid(c745bfecb983c3e418c068bec23eb923) Importer(815301076,1909f56bfc062723c751e8b465ee728b)
Start importing Assets/Scenes/levels/dynamic level/LevelDialogue.yarnproject using Guid(c745bfecb983c3e418c068bec23eb923) Importer(815301076,1909f56bfc062723c751e8b465ee728b) [PhysX] Initialized MultithreadedTaskDispatcher with 16 workers.
 -> (artifact id: '70aa1d4226aa942c7ed9a765114019ee') in 0.064975 seconds
Number of updated asset objects reloaded before import = 0
Number of asset objects unloaded after import = 4
========================================================================
Received Import Request.
  Time since last request: 2.153343 seconds.
  path: Assets/Scenes/levels/dynamic level/NewYarnScript.yarn
  artifactKey: Guid(c89f638c1680869439d9d8388fc8859d) Importer(815301076,1909f56bfc062723c751e8b465ee728b)
Start importing Assets/Scenes/levels/dynamic level/NewYarnScript.yarn using Guid(c89f638c1680869439d9d8388fc8859d) Importer(815301076,1909f56bfc062723c751e8b465ee728b) [PhysX] Initialized MultithreadedTaskDispatcher with 16 workers.
 -> (artifact id: '0579f326aa028d1ea652b18036c87969') in 0.002255 seconds
Number of updated asset objects reloaded before import = 0
Number of asset objects unloaded after import = 1
========================================================================
Received Import Request.
  Time since last request: 0.352870 seconds.
  path: Assets/Scenes/levels/dynamic level/LevelEditor.unity
  artifactKey: Guid(346148a40cbf8764b99559f8e4b6df7f) Importer(815301076,1909f56bfc062723c751e8b465ee728b)
Start importing Assets/Scenes/levels/dynamic level/LevelEditor.unity using Guid(346148a40cbf8764b99559f8e4b6df7f) Importer(815301076,1909f56bfc062723c751e8b465ee728b) [PhysX] Initialized MultithreadedTaskDispatcher with 16 workers.
 -> (artifact id: '1b1c018b7cbaa118422f7a476313ee29') in 0.002237 seconds
Number of updated asset objects reloaded before import = 0
Number of asset objects unloaded after import = 0
========================================================================
Received Import Request.
  Time since last request: 367.491695 seconds.
  path: Assets/Imports/images/tutorial/pain/pain4.png
  artifactKey: Guid(5f2231bdea7ad2d45b38b5735eac7856) Importer(815301076,1909f56bfc062723c751e8b465ee728b)
Start importing Assets/Imports/images/tutorial/pain/pain4.png using Guid(5f2231bdea7ad2d45b38b5735eac7856) Importer(815301076,1909f56bfc062723c751e8b465ee728b) [PhysX] Initialized MultithreadedTaskDispatcher with 16 workers.
[PhysX] Initialized MultithreadedTaskDispatcher with 16 workers.
 -> (artifact id: '3fceb23f4a533a296bda6c60c753a25f') in 0.127387 seconds
Number of updated asset objects reloaded before import = 0
Number of asset objects unloaded after import = 2
========================================================================
Received Prepare
Caller must complete domain reload
Begin MonoManager ReloadAssembly
- Loaded All Assemblies, in  1.730 seconds
Native extension for UWP target not found
Native extension for WindowsStandalone target not found
Native extension for WebGL target not found
[Package Manager] Server::EnsureServerProcessIsRunning -- launch failed, reason: Unity was launched with the -noUpm command-line argument
[Package Manager] UpmClient::Send -- Unable to send message (not connected to UPM process).
[Package Manager] Cannot connect to Unity Package Manager local server
Mono: successfully reloaded assembly
- Finished resetting the current domain, in  4.037 seconds
Domain Reload Profiling: 5752ms
	BeginReloadAssembly (463ms)
		ExecutionOrderSort (0ms)
		DisableScriptedObjects (14ms)
		BackupInstance (0ms)
		ReleaseScriptingObjects (0ms)
		CreateAndSetChildDomain (121ms)
	RebuildCommonClasses (92ms)
	RebuildNativeTypeToScriptingClass (32ms)
	initialDomainReloadingComplete (110ms)
	LoadAllAssembliesAndSetupDomain (1016ms)
		LoadAssemblies (1217ms)
		RebuildTransferFunctionScriptingTraits (0ms)
		AnalyzeDomain (48ms)
			TypeCache.Refresh (16ms)
				TypeCache.ScanAssembly (0ms)
			ScanForSourceGeneratedMonoScriptInfo (0ms)
			ResolveRequiredComponents (28ms)
	FinalizeReload (4038ms)
		ReleaseScriptCaches (0ms)
		RebuildScriptCaches (0ms)
		SetupLoadedEditorAssemblies (1482ms)
			LogAssemblyErrors (0ms)
			InitializePlatformSupportModulesInManaged (28ms)
			SetLoadedEditorAssemblies (17ms)
			RefreshPlugins (0ms)
			BeforeProcessingInitializeOnLoad (229ms)
			ProcessInitializeOnLoadAttributes (901ms)
			ProcessInitializeOnLoadMethodAttributes (281ms)
			AfterProcessingInitializeOnLoad (26ms)
			EditorAssembliesLoaded (1ms)
		ExecutionOrderSort2 (0ms)
		AwakeInstancesAfterBackupRestoration (49ms)
Shader Hidden/ProbeVolume/VoxelizeScene is not supported: GPU does not support conservative rasterization
Refreshing native plugins compatible for Editor in 37.47 ms, found 2 plugins.
Preloading 0 native plugins for Editor in 0.00 ms.
Unloading 4930 Unused Serialized files (Serialized files now loaded: 0)
Unloading 45 unused Assets / (1.1 MB). Loaded Objects now: 5630.
Memory consumption went from 203.8 MB to 202.8 MB.
Total: 11.384400 ms (FindLiveObjects: 0.977900 ms CreateObjectMapping: 0.698800 ms MarkObjects: 8.895600 ms  DeleteObjects: 0.809400 ms)

Prepare: number of updated asset objects reloaded= 0
AssetImportParameters requested are different than current active one (requested -> active):
  custom:container-demuxer-ogg: 62fdf1f143b41e24485cea50d1cbac27 -> 
  custom:video-codec-MediaFoundation-h265: 746d11721c4dcdbdad8f713fa42b33f4 -> 
  custom:video-decoder-ogg-theora: a1e56fd34408186e4bbccfd4996cb3dc -> 
  custom:framework-win-MediaFoundation: 216162199b28c13a410421893ffa2e32 -> 
  custom:CustomObjectIndexerAttribute: 72b91833f83ae208fae7752999fa3104 -> 
  custom:container-demuxer-webm: 4f35f7cbe854078d1ac9338744f61a02 -> 
  custom:container-muxer-webm: aa71ff27fc2769a1b78a27578f13a17b -> 
  custom:video-decoder-webm-vp8: 9c59270c3fd7afecdb556c50c9e8de78 -> 
  custom:SearchIndexIgnoredProperties: e643bd26f0fe6173181afceb89e7c659 -> 
  custom:AudioImporter_EditorPlatform: d09bf68614088b80899f8185d706f6e7 -> 
  custom:video-encoder-webm-vp8: eb34c28f22e8b96e1ab97ce403110664 -> 
  custom:audio-decoder-ogg-vorbis: bf7c407c2cedff20999df2af8eb42d56 -> 
  custom:audio-encoder-webm-vorbis: bf7c407c2cedff20999df2af8eb42d56 -> 
========================================================================
Received Prepare
Caller must complete domain reload
Begin MonoManager ReloadAssembly
- Loaded All Assemblies, in  1.515 seconds
Native extension for UWP target not found
Native extension for WindowsStandalone target not found
Native extension for WebGL target not found
[Package Manager] Server::EnsureServerProcessIsRunning -- launch failed, reason: Unity was launched with the -noUpm command-line argument
[Package Manager] UpmClient::Send -- Unable to send message (not connected to UPM process).
[Package Manager] Cannot connect to Unity Package Manager local server
Mono: successfully reloaded assembly
- Finished resetting the current domain, in  3.522 seconds
Domain Reload Profiling: 5027ms
	BeginReloadAssembly (394ms)
		ExecutionOrderSort (0ms)
		DisableScriptedObjects (13ms)
		BackupInstance (0ms)
		ReleaseScriptingObjects (0ms)
		CreateAndSetChildDomain (92ms)
	RebuildCommonClasses (55ms)
	RebuildNativeTypeToScriptingClass (14ms)
	initialDomainReloadingComplete (72ms)
	LoadAllAssembliesAndSetupDomain (969ms)
		LoadAssemblies (1128ms)
		RebuildTransferFunctionScriptingTraits (0ms)
		AnalyzeDomain (56ms)
			TypeCache.Refresh (21ms)
				TypeCache.ScanAssembly (0ms)
			ScanForSourceGeneratedMonoScriptInfo (1ms)
			ResolveRequiredComponents (31ms)
	FinalizeReload (3523ms)
		ReleaseScriptCaches (0ms)
		RebuildScriptCaches (0ms)
		SetupLoadedEditorAssemblies (1440ms)
			LogAssemblyErrors (0ms)
			InitializePlatformSupportModulesInManaged (18ms)
			SetLoadedEditorAssemblies (15ms)
			RefreshPlugins (0ms)
			BeforeProcessingInitializeOnLoad (237ms)
			ProcessInitializeOnLoadAttributes (864ms)
			ProcessInitializeOnLoadMethodAttributes (281ms)
			AfterProcessingInitializeOnLoad (25ms)
			EditorAssembliesLoaded (1ms)
		ExecutionOrderSort2 (0ms)
		AwakeInstancesAfterBackupRestoration (46ms)
Shader Hidden/ProbeVolume/VoxelizeScene is not supported: GPU does not support conservative rasterization
Refreshing native plugins compatible for Editor in 37.34 ms, found 2 plugins.
Preloading 0 native plugins for Editor in 0.00 ms.
Unloading 4930 Unused Serialized files (Serialized files now loaded: 0)
Unloading 45 unused Assets / (1.1 MB). Loaded Objects now: 5634.
Memory consumption went from 203.8 MB to 202.8 MB.
Total: 10.768100 ms (FindLiveObjects: 1.347900 ms CreateObjectMapping: 1.333700 ms MarkObjects: 7.349400 ms  DeleteObjects: 0.734600 ms)

Prepare: number of updated asset objects reloaded= 0
AssetImportParameters requested are different than current active one (requested -> active):
  custom:container-demuxer-ogg: 62fdf1f143b41e24485cea50d1cbac27 -> 
  custom:video-codec-MediaFoundation-h265: 746d11721c4dcdbdad8f713fa42b33f4 -> 
  custom:video-decoder-ogg-theora: a1e56fd34408186e4bbccfd4996cb3dc -> 
  custom:framework-win-MediaFoundation: 216162199b28c13a410421893ffa2e32 -> 
  custom:CustomObjectIndexerAttribute: 72b91833f83ae208fae7752999fa3104 -> 
  custom:container-demuxer-webm: 4f35f7cbe854078d1ac9338744f61a02 -> 
  custom:container-muxer-webm: aa71ff27fc2769a1b78a27578f13a17b -> 
  custom:video-decoder-webm-vp8: 9c59270c3fd7afecdb556c50c9e8de78 -> 
  custom:SearchIndexIgnoredProperties: e643bd26f0fe6173181afceb89e7c659 -> 
  custom:AudioImporter_EditorPlatform: d09bf68614088b80899f8185d706f6e7 -> 
  custom:video-encoder-webm-vp8: eb34c28f22e8b96e1ab97ce403110664 -> 
  custom:audio-decoder-ogg-vorbis: bf7c407c2cedff20999df2af8eb42d56 -> 
  custom:audio-encoder-webm-vorbis: bf7c407c2cedff20999df2af8eb42d56 -> 
========================================================================
Received Prepare
Caller must complete domain reload
Begin MonoManager ReloadAssembly
- Loaded All Assemblies, in  1.573 seconds
Native extension for UWP target not found
Native extension for WindowsStandalone target not found
Native extension for WebGL target not found
[Package Manager] Server::EnsureServerProcessIsRunning -- launch failed, reason: Unity was launched with the -noUpm command-line argument
[Package Manager] UpmClient::Send -- Unable to send message (not connected to UPM process).
[Package Manager] Cannot connect to Unity Package Manager local server
Mono: successfully reloaded assembly
- Finished resetting the current domain, in  3.644 seconds
Domain Reload Profiling: 5202ms
	BeginReloadAssembly (398ms)
		ExecutionOrderSort (0ms)
		DisableScriptedObjects (12ms)
		BackupInstance (0ms)
		ReleaseScriptingObjects (0ms)
		CreateAndSetChildDomain (95ms)
	RebuildCommonClasses (91ms)
	RebuildNativeTypeToScriptingClass (31ms)
	initialDomainReloadingComplete (112ms)
	LoadAllAssembliesAndSetupDomain (924ms)
		LoadAssemblies (1103ms)
		RebuildTransferFunctionScriptingTraits (0ms)
		AnalyzeDomain (41ms)
			TypeCache.Refresh (16ms)
				TypeCache.ScanAssembly (0ms)
			ScanForSourceGeneratedMonoScriptInfo (1ms)
			ResolveRequiredComponents (23ms)
	FinalizeReload (3646ms)
		ReleaseScriptCaches (0ms)
		RebuildScriptCaches (0ms)
		SetupLoadedEditorAssemblies (1451ms)
			LogAssemblyErrors (0ms)
			InitializePlatformSupportModulesInManaged (27ms)
			SetLoadedEditorAssemblies (14ms)
			RefreshPlugins (0ms)
			BeforeProcessingInitializeOnLoad (227ms)
			ProcessInitializeOnLoadAttributes (886ms)
			ProcessInitializeOnLoadMethodAttributes (268ms)
			AfterProcessingInitializeOnLoad (28ms)
			EditorAssembliesLoaded (1ms)
		ExecutionOrderSort2 (0ms)
		AwakeInstancesAfterBackupRestoration (44ms)
Shader Hidden/ProbeVolume/VoxelizeScene is not supported: GPU does not support conservative rasterization
Refreshing native plugins compatible for Editor in 34.92 ms, found 2 plugins.
Preloading 0 native plugins for Editor in 0.00 ms.
Unloading 4930 Unused Serialized files (Serialized files now loaded: 0)
Unloading 45 unused Assets / (1.1 MB). Loaded Objects now: 5638.
Memory consumption went from 203.8 MB to 202.8 MB.
Total: 12.400000 ms (FindLiveObjects: 1.406100 ms CreateObjectMapping: 1.036400 ms MarkObjects: 8.190200 ms  DeleteObjects: 1.764400 ms)

Prepare: number of updated asset objects reloaded= 0
AssetImportParameters requested are different than current active one (requested -> active):
  custom:container-demuxer-ogg: 62fdf1f143b41e24485cea50d1cbac27 -> 
  custom:video-codec-MediaFoundation-h265: 746d11721c4dcdbdad8f713fa42b33f4 -> 
  custom:video-decoder-ogg-theora: a1e56fd34408186e4bbccfd4996cb3dc -> 
  custom:framework-win-MediaFoundation: 216162199b28c13a410421893ffa2e32 -> 
  custom:CustomObjectIndexerAttribute: 72b91833f83ae208fae7752999fa3104 -> 
  custom:container-demuxer-webm: 4f35f7cbe854078d1ac9338744f61a02 -> 
  custom:container-muxer-webm: aa71ff27fc2769a1b78a27578f13a17b -> 
  custom:video-decoder-webm-vp8: 9c59270c3fd7afecdb556c50c9e8de78 -> 
  custom:SearchIndexIgnoredProperties: e643bd26f0fe6173181afceb89e7c659 -> 
  custom:AudioImporter_EditorPlatform: d09bf68614088b80899f8185d706f6e7 -> 
  custom:video-encoder-webm-vp8: eb34c28f22e8b96e1ab97ce403110664 -> 
  custom:audio-decoder-ogg-vorbis: bf7c407c2cedff20999df2af8eb42d56 -> 
  custom:audio-encoder-webm-vorbis: bf7c407c2cedff20999df2af8eb42d56 -> 
========================================================================
Received Prepare
Caller must complete domain reload
Begin MonoManager ReloadAssembly
- Loaded All Assemblies, in  1.136 seconds
Native extension for UWP target not found
Native extension for WindowsStandalone target not found
Native extension for WebGL target not found
[Package Manager] Server::EnsureServerProcessIsRunning -- launch failed, reason: Unity was launched with the -noUpm command-line argument
[Package Manager] UpmClient::Send -- Unable to send message (not connected to UPM process).
[Package Manager] Cannot connect to Unity Package Manager local server
Mono: successfully reloaded assembly
- Finished resetting the current domain, in  2.149 seconds
Domain Reload Profiling: 3273ms
	BeginReloadAssembly (198ms)
		ExecutionOrderSort (0ms)
		DisableScriptedObjects (6ms)
		BackupInstance (0ms)
		ReleaseScriptingObjects (0ms)
		CreateAndSetChildDomain (40ms)
	RebuildCommonClasses (42ms)
	RebuildNativeTypeToScriptingClass (14ms)
	initialDomainReloadingComplete (70ms)
	LoadAllAssembliesAndSetupDomain (799ms)
		LoadAssemblies (616ms)
		RebuildTransferFunctionScriptingTraits (0ms)
		AnalyzeDomain (293ms)
			TypeCache.Refresh (221ms)
				TypeCache.ScanAssembly (4ms)
			ScanForSourceGeneratedMonoScriptInfo (58ms)
			ResolveRequiredComponents (13ms)
	FinalizeReload (2149ms)
		ReleaseScriptCaches (0ms)
		RebuildScriptCaches (0ms)
		SetupLoadedEditorAssemblies (894ms)
			LogAssemblyErrors (0ms)
			InitializePlatformSupportModulesInManaged (18ms)
			SetLoadedEditorAssemblies (7ms)
			RefreshPlugins (0ms)
			BeforeProcessingInitializeOnLoad (144ms)
			ProcessInitializeOnLoadAttributes (537ms)
			ProcessInitializeOnLoadMethodAttributes (170ms)
			AfterProcessingInitializeOnLoad (17ms)
			EditorAssembliesLoaded (0ms)
		ExecutionOrderSort2 (0ms)
		AwakeInstancesAfterBackupRestoration (27ms)
Shader Hidden/ProbeVolume/VoxelizeScene is not supported: GPU does not support conservative rasterization
Refreshing native plugins compatible for Editor in 24.13 ms, found 2 plugins.
Preloading 0 native plugins for Editor in 0.00 ms.
Unloading 4930 Unused Serialized files (Serialized files now loaded: 0)
Unloading 45 unused Assets / (1.1 MB). Loaded Objects now: 5642.
Memory consumption went from 203.9 MB to 202.8 MB.
Total: 7.591300 ms (FindLiveObjects: 1.341600 ms CreateObjectMapping: 1.063300 ms MarkObjects: 4.603600 ms  DeleteObjects: 0.580700 ms)

Prepare: number of updated asset objects reloaded= 0
AssetImportParameters requested are different than current active one (requested -> active):
  custom:container-demuxer-ogg: 62fdf1f143b41e24485cea50d1cbac27 -> 
  custom:video-codec-MediaFoundation-h265: 746d11721c4dcdbdad8f713fa42b33f4 -> 
  custom:video-decoder-ogg-theora: a1e56fd34408186e4bbccfd4996cb3dc -> 
  custom:framework-win-MediaFoundation: 216162199b28c13a410421893ffa2e32 -> 
  custom:CustomObjectIndexerAttribute: 72b91833f83ae208fae7752999fa3104 -> 
  custom:container-demuxer-webm: 4f35f7cbe854078d1ac9338744f61a02 -> 
  custom:container-muxer-webm: aa71ff27fc2769a1b78a27578f13a17b -> 
  custom:video-decoder-webm-vp8: 9c59270c3fd7afecdb556c50c9e8de78 -> 
  custom:SearchIndexIgnoredProperties: e643bd26f0fe6173181afceb89e7c659 -> 
  custom:AudioImporter_EditorPlatform: d09bf68614088b80899f8185d706f6e7 -> 
  custom:video-encoder-webm-vp8: eb34c28f22e8b96e1ab97ce403110664 -> 
  custom:audio-decoder-ogg-vorbis: bf7c407c2cedff20999df2af8eb42d56 -> 
  custom:audio-encoder-webm-vorbis: bf7c407c2cedff20999df2af8eb42d56 -> 
========================================================================
Received Prepare
Caller must complete domain reload
Begin MonoManager ReloadAssembly
- Loaded All Assemblies, in  0.901 seconds
Native extension for UWP target not found
Native extension for WindowsStandalone target not found
Native extension for WebGL target not found
[Package Manager] Server::EnsureServerProcessIsRunning -- launch failed, reason: Unity was launched with the -noUpm command-line argument
[Package Manager] UpmClient::Send -- Unable to send message (not connected to UPM process).
[Package Manager] Cannot connect to Unity Package Manager local server
Mono: successfully reloaded assembly
- Finished resetting the current domain, in  1.816 seconds
Domain Reload Profiling: 2707ms
	BeginReloadAssembly (210ms)
		ExecutionOrderSort (0ms)
		DisableScriptedObjects (6ms)
		BackupInstance (0ms)
		ReleaseScriptingObjects (0ms)
		CreateAndSetChildDomain (41ms)
	RebuildCommonClasses (52ms)
	RebuildNativeTypeToScriptingClass (14ms)
	initialDomainReloadingComplete (60ms)
	LoadAllAssembliesAndSetupDomain (553ms)
		LoadAssemblies (590ms)
		RebuildTransferFunctionScriptingTraits (0ms)
		AnalyzeDomain (85ms)
			TypeCache.Refresh (16ms)
				TypeCache.ScanAssembly (3ms)
			ScanForSourceGeneratedMonoScriptInfo (52ms)
			ResolveRequiredComponents (14ms)
	FinalizeReload (1817ms)
		ReleaseScriptCaches (0ms)
		RebuildScriptCaches (0ms)
		SetupLoadedEditorAssemblies (699ms)
			LogAssemblyErrors (0ms)
			InitializePlatformSupportModulesInManaged (13ms)
			SetLoadedEditorAssemblies (6ms)
			RefreshPlugins (0ms)
			BeforeProcessingInitializeOnLoad (116ms)
			ProcessInitializeOnLoadAttributes (415ms)
			ProcessInitializeOnLoadMethodAttributes (133ms)
			AfterProcessingInitializeOnLoad (14ms)
			EditorAssembliesLoaded (0ms)
		ExecutionOrderSort2 (0ms)
		AwakeInstancesAfterBackupRestoration (23ms)
Shader Hidden/ProbeVolume/VoxelizeScene is not supported: GPU does not support conservative rasterization
Refreshing native plugins compatible for Editor in 20.01 ms, found 2 plugins.
Preloading 0 native plugins for Editor in 0.00 ms.
Unloading 4930 Unused Serialized files (Serialized files now loaded: 0)
Unloading 45 unused Assets / (1.1 MB). Loaded Objects now: 5646.
Memory consumption went from 203.9 MB to 202.8 MB.
Total: 4.323800 ms (FindLiveObjects: 0.513900 ms CreateObjectMapping: 0.139500 ms MarkObjects: 3.404900 ms  DeleteObjects: 0.263800 ms)

Prepare: number of updated asset objects reloaded= 0
AssetImportParameters requested are different than current active one (requested -> active):
  custom:container-demuxer-ogg: 62fdf1f143b41e24485cea50d1cbac27 -> 
  custom:video-codec-MediaFoundation-h265: 746d11721c4dcdbdad8f713fa42b33f4 -> 
  custom:video-decoder-ogg-theora: a1e56fd34408186e4bbccfd4996cb3dc -> 
  custom:framework-win-MediaFoundation: 216162199b28c13a410421893ffa2e32 -> 
  custom:CustomObjectIndexerAttribute: 72b91833f83ae208fae7752999fa3104 -> 
  custom:container-demuxer-webm: 4f35f7cbe854078d1ac9338744f61a02 -> 
  custom:container-muxer-webm: aa71ff27fc2769a1b78a27578f13a17b -> 
  custom:video-decoder-webm-vp8: 9c59270c3fd7afecdb556c50c9e8de78 -> 
  custom:SearchIndexIgnoredProperties: e643bd26f0fe6173181afceb89e7c659 -> 
  custom:AudioImporter_EditorPlatform: d09bf68614088b80899f8185d706f6e7 -> 
  custom:video-encoder-webm-vp8: eb34c28f22e8b96e1ab97ce403110664 -> 
  custom:audio-decoder-ogg-vorbis: bf7c407c2cedff20999df2af8eb42d56 -> 
  custom:audio-encoder-webm-vorbis: bf7c407c2cedff20999df2af8eb42d56 -> 
========================================================================
Received Prepare
Caller must complete domain reload
Begin MonoManager ReloadAssembly
- Loaded All Assemblies, in  0.816 seconds
Native extension for UWP target not found
Native extension for WindowsStandalone target not found
Native extension for WebGL target not found
[Package Manager] Server::EnsureServerProcessIsRunning -- launch failed, reason: Unity was launched with the -noUpm command-line argument
[Package Manager] UpmClient::Send -- Unable to send message (not connected to UPM process).
[Package Manager] Cannot connect to Unity Package Manager local server
Mono: successfully reloaded assembly
- Finished resetting the current domain, in  1.996 seconds
Domain Reload Profiling: 2799ms
	BeginReloadAssembly (193ms)
		ExecutionOrderSort (0ms)
		DisableScriptedObjects (6ms)
		BackupInstance (0ms)
		ReleaseScriptingObjects (0ms)
		CreateAndSetChildDomain (38ms)
	RebuildCommonClasses (39ms)
	RebuildNativeTypeToScriptingClass (12ms)
	initialDomainReloadingComplete (59ms)
	LoadAllAssembliesAndSetupDomain (500ms)
		LoadAssemblies (584ms)
		RebuildTransferFunctionScriptingTraits (0ms)
		AnalyzeDomain (23ms)
			TypeCache.Refresh (7ms)
				TypeCache.ScanAssembly (0ms)
			ScanForSourceGeneratedMonoScriptInfo (0ms)
			ResolveRequiredComponents (13ms)
	FinalizeReload (1996ms)
		ReleaseScriptCaches (0ms)
		RebuildScriptCaches (0ms)
		SetupLoadedEditorAssemblies (861ms)
			LogAssemblyErrors (0ms)
			InitializePlatformSupportModulesInManaged (18ms)
			SetLoadedEditorAssemblies (7ms)
			RefreshPlugins (0ms)
			BeforeProcessingInitializeOnLoad (149ms)
			ProcessInitializeOnLoadAttributes (512ms)
			ProcessInitializeOnLoadMethodAttributes (157ms)
			AfterProcessingInitializeOnLoad (18ms)
			EditorAssembliesLoaded (0ms)
		ExecutionOrderSort2 (0ms)
		AwakeInstancesAfterBackupRestoration (27ms)
Shader Hidden/ProbeVolume/VoxelizeScene is not supported: GPU does not support conservative rasterization
Refreshing native plugins compatible for Editor in 18.97 ms, found 2 plugins.
Preloading 0 native plugins for Editor in 0.00 ms.
Unloading 4930 Unused Serialized files (Serialized files now loaded: 0)
Unloading 45 unused Assets / (1.1 MB). Loaded Objects now: 5650.
Memory consumption went from 203.9 MB to 202.8 MB.
Total: 4.606300 ms (FindLiveObjects: 0.560700 ms CreateObjectMapping: 0.144200 ms MarkObjects: 3.583300 ms  DeleteObjects: 0.316600 ms)

Prepare: number of updated asset objects reloaded= 0
AssetImportParameters requested are different than current active one (requested -> active):
  custom:container-demuxer-ogg: 62fdf1f143b41e24485cea50d1cbac27 -> 
  custom:video-codec-MediaFoundation-h265: 746d11721c4dcdbdad8f713fa42b33f4 -> 
  custom:video-decoder-ogg-theora: a1e56fd34408186e4bbccfd4996cb3dc -> 
  custom:framework-win-MediaFoundation: 216162199b28c13a410421893ffa2e32 -> 
  custom:CustomObjectIndexerAttribute: 72b91833f83ae208fae7752999fa3104 -> 
  custom:container-demuxer-webm: 4f35f7cbe854078d1ac9338744f61a02 -> 
  custom:container-muxer-webm: aa71ff27fc2769a1b78a27578f13a17b -> 
  custom:video-decoder-webm-vp8: 9c59270c3fd7afecdb556c50c9e8de78 -> 
  custom:SearchIndexIgnoredProperties: e643bd26f0fe6173181afceb89e7c659 -> 
  custom:AudioImporter_EditorPlatform: d09bf68614088b80899f8185d706f6e7 -> 
  custom:video-encoder-webm-vp8: eb34c28f22e8b96e1ab97ce403110664 -> 
  custom:audio-decoder-ogg-vorbis: bf7c407c2cedff20999df2af8eb42d56 -> 
  custom:audio-encoder-webm-vorbis: bf7c407c2cedff20999df2af8eb42d56 -> 
========================================================================
Received Prepare
Caller must complete domain reload
Begin MonoManager ReloadAssembly
- Loaded All Assemblies, in  0.811 seconds
Native extension for UWP target not found
Native extension for WindowsStandalone target not found
Native extension for WebGL target not found
[Package Manager] Server::EnsureServerProcessIsRunning -- launch failed, reason: Unity was launched with the -noUpm command-line argument
[Package Manager] UpmClient::Send -- Unable to send message (not connected to UPM process).
[Package Manager] Cannot connect to Unity Package Manager local server
Mono: successfully reloaded assembly
- Finished resetting the current domain, in  1.958 seconds
Domain Reload Profiling: 2759ms
	BeginReloadAssembly (204ms)
		ExecutionOrderSort (0ms)
		DisableScriptedObjects (6ms)
		BackupInstance (0ms)
		ReleaseScriptingObjects (0ms)
		CreateAndSetChildDomain (51ms)
	RebuildCommonClasses (39ms)
	RebuildNativeTypeToScriptingClass (12ms)
	initialDomainReloadingComplete (58ms)
	LoadAllAssembliesAndSetupDomain (487ms)
		LoadAssemblies (569ms)
		RebuildTransferFunctionScriptingTraits (0ms)
		AnalyzeDomain (23ms)
			TypeCache.Refresh (7ms)
				TypeCache.ScanAssembly (0ms)
			ScanForSourceGeneratedMonoScriptInfo (0ms)
			ResolveRequiredComponents (13ms)
	FinalizeReload (1959ms)
		ReleaseScriptCaches (0ms)
		RebuildScriptCaches (0ms)
		SetupLoadedEditorAssemblies (831ms)
			LogAssemblyErrors (0ms)
			InitializePlatformSupportModulesInManaged (16ms)
			SetLoadedEditorAssemblies (6ms)
			RefreshPlugins (0ms)
			BeforeProcessingInitializeOnLoad (125ms)
			ProcessInitializeOnLoadAttributes (499ms)
			ProcessInitializeOnLoadMethodAttributes (167ms)
			AfterProcessingInitializeOnLoad (17ms)
			EditorAssembliesLoaded (0ms)
		ExecutionOrderSort2 (0ms)
		AwakeInstancesAfterBackupRestoration (26ms)
Shader Hidden/ProbeVolume/VoxelizeScene is not supported: GPU does not support conservative rasterization
Refreshing native plugins compatible for Editor in 23.94 ms, found 2 plugins.
Preloading 0 native plugins for Editor in 0.00 ms.
Unloading 4930 Unused Serialized files (Serialized files now loaded: 0)
Unloading 45 unused Assets / (1.1 MB). Loaded Objects now: 5654.
Memory consumption went from 203.9 MB to 202.8 MB.
Total: 6.107500 ms (FindLiveObjects: 0.555500 ms CreateObjectMapping: 0.214800 ms MarkObjects: 4.990100 ms  DeleteObjects: 0.345600 ms)

Prepare: number of updated asset objects reloaded= 0
AssetImportParameters requested are different than current active one (requested -> active):
  custom:container-demuxer-ogg: 62fdf1f143b41e24485cea50d1cbac27 -> 
  custom:video-codec-MediaFoundation-h265: 746d11721c4dcdbdad8f713fa42b33f4 -> 
  custom:video-decoder-ogg-theora: a1e56fd34408186e4bbccfd4996cb3dc -> 
  custom:framework-win-MediaFoundation: 216162199b28c13a410421893ffa2e32 -> 
  custom:CustomObjectIndexerAttribute: 72b91833f83ae208fae7752999fa3104 -> 
  custom:container-demuxer-webm: 4f35f7cbe854078d1ac9338744f61a02 -> 
  custom:container-muxer-webm: aa71ff27fc2769a1b78a27578f13a17b -> 
  custom:video-decoder-webm-vp8: 9c59270c3fd7afecdb556c50c9e8de78 -> 
  custom:SearchIndexIgnoredProperties: e643bd26f0fe6173181afceb89e7c659 -> 
  custom:AudioImporter_EditorPlatform: d09bf68614088b80899f8185d706f6e7 -> 
  custom:video-encoder-webm-vp8: eb34c28f22e8b96e1ab97ce403110664 -> 
  custom:audio-decoder-ogg-vorbis: bf7c407c2cedff20999df2af8eb42d56 -> 
  custom:audio-encoder-webm-vorbis: bf7c407c2cedff20999df2af8eb42d56 -> 
========================================================================
Received Import Request.
  Time since last request: 721.968470 seconds.
  path: Assets/Imports/enviromet/Trees/PointyTree.prefab
  artifactKey: Guid(e76f1408e29f9344d8aa12a0f1c9d5e8) Importer(815301076,1909f56bfc062723c751e8b465ee728b)
Start importing Assets/Imports/enviromet/Trees/PointyTree.prefab using Guid(e76f1408e29f9344d8aa12a0f1c9d5e8) Importer(815301076,1909f56bfc062723c751e8b465ee728b) [PhysX] Initialized MultithreadedTaskDispatcher with 16 workers.
[PhysX] Initialized MultithreadedTaskDispatcher with 16 workers.
CommandBuffer: temporary render texture  not found while executing  (Blit source)
UnityEngine.StackTraceUtility:ExtractStackTrace ()
UnityEngine.Rendering.ScriptableRenderContext:Submit_Internal ()
UnityEngine.Rendering.ScriptableRenderContext:Submit ()
UnityEngine.Rendering.Universal.UniversalRenderPipeline:RenderSingleCamera (UnityEngine.Rendering.ScriptableRenderContext,UnityEngine.Rendering.Universal.CameraData&) (at ./Library/PackageCache/com.unity.render-pipelines.universal@14.0.12/Runtime/UniversalRenderPipeline.cs:705)
UnityEngine.Rendering.Universal.UniversalRenderPipeline:RenderSingleCameraInternal (UnityEngine.Rendering.ScriptableRenderContext,UnityEngine.Camera,UnityEngine.Rendering.Universal.UniversalAdditionalCameraData&) (at ./Library/PackageCache/com.unity.render-pipelines.universal@14.0.12/Runtime/UniversalRenderPipeline.cs:575)
UnityEngine.Rendering.Universal.UniversalRenderPipeline:RenderSingleCameraInternal (UnityEngine.Rendering.ScriptableRenderContext,UnityEngine.Camera) (at ./Library/PackageCache/com.unity.render-pipelines.universal@14.0.12/Runtime/UniversalRenderPipeline.cs:558)
UnityEngine.Rendering.Universal.UniversalRenderPipeline:Render (UnityEngine.Rendering.ScriptableRenderContext,System.Collections.Generic.List`1<UnityEngine.Camera>) (at ./Library/PackageCache/com.unity.render-pipelines.universal@14.0.12/Runtime/UniversalRenderPipeline.cs:384)
UnityEngine.Rendering.RenderPipeline:InternalRender (UnityEngine.Rendering.ScriptableRenderContext,System.Collections.Generic.List`1<UnityEngine.Camera>)
UnityEngine.Rendering.RenderPipelineManager:DoRenderLoop_Internal (UnityEngine.Rendering.RenderPipelineAsset,intptr,UnityEngine.Object,Unity.Collections.LowLevel.Unsafe.AtomicSafetyHandle)
UnityEditor.PreviewRenderUtility:Render (bool,bool)
UnityEditor.GameObjectInspector:DoRenderPreview (UnityEditor.GameObjectInspector/PreviewData)
UnityEditor.GameObjectInspector:RenderStaticPreview (string,UnityEngine.Object[],int,int)
UnityEditor.AssetPreviewUpdater:CreatePreview (UnityEngine.Object,UnityEngine.Object[],string,int,int)
UnityEditor.AssetPreviewUpdater:CreatePreviewForAsset (UnityEngine.Object,UnityEngine.Object[],string)

[./Library/PackageCache/com.unity.render-pipelines.universal@14.0.12/Runtime/UniversalRenderPipeline.cs line 705]

CommandBuffer: temporary render texture  not found while executing  (SetRenderTarget)
UnityEngine.StackTraceUtility:ExtractStackTrace ()
UnityEngine.Rendering.ScriptableRenderContext:Submit_Internal ()
UnityEngine.Rendering.ScriptableRenderContext:Submit ()
UnityEngine.Rendering.Universal.UniversalRenderPipeline:RenderSingleCamera (UnityEngine.Rendering.ScriptableRenderContext,UnityEngine.Rendering.Universal.CameraData&) (at ./Library/PackageCache/com.unity.render-pipelines.universal@14.0.12/Runtime/UniversalRenderPipeline.cs:705)
UnityEngine.Rendering.Universal.UniversalRenderPipeline:RenderSingleCameraInternal (UnityEngine.Rendering.ScriptableRenderContext,UnityEngine.Camera,UnityEngine.Rendering.Universal.UniversalAdditionalCameraData&) (at ./Library/PackageCache/com.unity.render-pipelines.universal@14.0.12/Runtime/UniversalRenderPipeline.cs:575)
UnityEngine.Rendering.Universal.UniversalRenderPipeline:RenderSingleCameraInternal (UnityEngine.Rendering.ScriptableRenderContext,UnityEngine.Camera) (at ./Library/PackageCache/com.unity.render-pipelines.universal@14.0.12/Runtime/UniversalRenderPipeline.cs:558)
UnityEngine.Rendering.Universal.UniversalRenderPipeline:Render (UnityEngine.Rendering.ScriptableRenderContext,System.Collections.Generic.List`1<UnityEngine.Camera>) (at ./Library/PackageCache/com.unity.render-pipelines.universal@14.0.12/Runtime/UniversalRenderPipeline.cs:384)
UnityEngine.Rendering.RenderPipeline:InternalRender (UnityEngine.Rendering.ScriptableRenderContext,System.Collections.Generic.List`1<UnityEngine.Camera>)
UnityEngine.Rendering.RenderPipelineManager:DoRenderLoop_Internal (UnityEngine.Rendering.RenderPipelineAsset,intptr,UnityEngine.Object,Unity.Collections.LowLevel.Unsafe.AtomicSafetyHandle)
UnityEditor.PreviewRenderUtility:Render (bool,bool)
UnityEditor.GameObjectInspector:DoRenderPreview (UnityEditor.GameObjectInspector/PreviewData)
UnityEditor.GameObjectInspector:RenderStaticPreview (string,UnityEngine.Object[],int,int)
UnityEditor.AssetPreviewUpdater:CreatePreview (UnityEngine.Object,UnityEngine.Object[],string,int,int)
UnityEditor.AssetPreviewUpdater:CreatePreviewForAsset (UnityEngine.Object,UnityEngine.Object[],string)

[./Library/PackageCache/com.unity.render-pipelines.universal@14.0.12/Runtime/UniversalRenderPipeline.cs line 705]

CommandBuffer: temporary render texture  not found while executing  (Blit destination)
UnityEngine.StackTraceUtility:ExtractStackTrace ()
UnityEngine.Rendering.ScriptableRenderContext:Submit_Internal ()
UnityEngine.Rendering.ScriptableRenderContext:Submit ()
UnityEngine.Rendering.Universal.UniversalRenderPipeline:RenderSingleCamera (UnityEngine.Rendering.ScriptableRenderContext,UnityEngine.Rendering.Universal.CameraData&) (at ./Library/PackageCache/com.unity.render-pipelines.universal@14.0.12/Runtime/UniversalRenderPipeline.cs:705)
UnityEngine.Rendering.Universal.UniversalRenderPipeline:RenderSingleCameraInternal (UnityEngine.Rendering.ScriptableRenderContext,UnityEngine.Camera,UnityEngine.Rendering.Universal.UniversalAdditionalCameraData&) (at ./Library/PackageCache/com.unity.render-pipelines.universal@14.0.12/Runtime/UniversalRenderPipeline.cs:575)
UnityEngine.Rendering.Universal.UniversalRenderPipeline:RenderSingleCameraInternal (UnityEngine.Rendering.ScriptableRenderContext,UnityEngine.Camera) (at ./Library/PackageCache/com.unity.render-pipelines.universal@14.0.12/Runtime/UniversalRenderPipeline.cs:558)
UnityEngine.Rendering.Universal.UniversalRenderPipeline:Render (UnityEngine.Rendering.ScriptableRenderContext,System.Collections.Generic.List`1<UnityEngine.Camera>) (at ./Library/PackageCache/com.unity.render-pipelines.universal@14.0.12/Runtime/UniversalRenderPipeline.cs:384)
UnityEngine.Rendering.RenderPipeline:InternalRender (UnityEngine.Rendering.ScriptableRenderContext,System.Collections.Generic.List`1<UnityEngine.Camera>)
UnityEngine.Rendering.RenderPipelineManager:DoRenderLoop_Internal (UnityEngine.Rendering.RenderPipelineAsset,intptr,UnityEngine.Object,Unity.Collections.LowLevel.Unsafe.AtomicSafetyHandle)
UnityEditor.PreviewRenderUtility:Render (bool,bool)
UnityEditor.GameObjectInspector:DoRenderPreview (UnityEditor.GameObjectInspector/PreviewData)
UnityEditor.GameObjectInspector:RenderStaticPreview (string,UnityEngine.Object[],int,int)
UnityEditor.AssetPreviewUpdater:CreatePreview (UnityEngine.Object,UnityEngine.Object[],string,int,int)
UnityEditor.AssetPreviewUpdater:CreatePreviewForAsset (UnityEngine.Object,UnityEngine.Object[],string)

[./Library/PackageCache/com.unity.render-pipelines.universal@14.0.12/Runtime/UniversalRenderPipeline.cs line 705]

 -> (artifact id: '4196084060800fc837d785350015afe5') in 0.506622 seconds
Number of updated asset objects reloaded before import = 0
Number of asset objects unloaded after import = 75
========================================================================
Received Import Request.
  Time since last request: 22.485797 seconds.
  path: Assets/Imports/enviromet/Trees/PointyTree.prefab
  artifactKey: Guid(e76f1408e29f9344d8aa12a0f1c9d5e8) Importer(815301076,1909f56bfc062723c751e8b465ee728b)
Start importing Assets/Imports/enviromet/Trees/PointyTree.prefab using Guid(e76f1408e29f9344d8aa12a0f1c9d5e8) Importer(815301076,1909f56bfc062723c751e8b465ee728b) [PhysX] Initialized MultithreadedTaskDispatcher with 16 workers.
[PhysX] Initialized MultithreadedTaskDispatcher with 16 workers.
 -> (artifact id: '9bd52544906fef99789e91bc5e6524e9') in 0.026950 seconds
Number of updated asset objects reloaded before import = 0
Number of asset objects unloaded after import = 56
========================================================================
Received Prepare
Caller must complete domain reload
Begin MonoManager ReloadAssembly
- Loaded All Assemblies, in  0.816 seconds
Native extension for UWP target not found
Native extension for WindowsStandalone target not found
Native extension for WebGL target not found
[Package Manager] Server::EnsureServerProcessIsRunning -- launch failed, reason: Unity was launched with the -noUpm command-line argument
[Package Manager] UpmClient::Send -- Unable to send message (not connected to UPM process).
[Package Manager] Cannot connect to Unity Package Manager local server
Mono: successfully reloaded assembly
- Finished resetting the current domain, in  2.035 seconds
Domain Reload Profiling: 2841ms
	BeginReloadAssembly (208ms)
		ExecutionOrderSort (0ms)
		DisableScriptedObjects (12ms)
		BackupInstance (0ms)
		ReleaseScriptingObjects (0ms)
		CreateAndSetChildDomain (49ms)
	RebuildCommonClasses (39ms)
	RebuildNativeTypeToScriptingClass (12ms)
	initialDomainReloadingComplete (57ms)
	LoadAllAssembliesAndSetupDomain (488ms)
		LoadAssemblies (567ms)
		RebuildTransferFunctionScriptingTraits (0ms)
		AnalyzeDomain (24ms)
			TypeCache.Refresh (8ms)
				TypeCache.ScanAssembly (0ms)
			ScanForSourceGeneratedMonoScriptInfo (0ms)
			ResolveRequiredComponents (13ms)
	FinalizeReload (2036ms)
		ReleaseScriptCaches (0ms)
		RebuildScriptCaches (0ms)
		SetupLoadedEditorAssemblies (830ms)
			LogAssemblyErrors (0ms)
			InitializePlatformSupportModulesInManaged (16ms)
			SetLoadedEditorAssemblies (6ms)
			RefreshPlugins (0ms)
			BeforeProcessingInitializeOnLoad (131ms)
			ProcessInitializeOnLoadAttributes (497ms)
			ProcessInitializeOnLoadMethodAttributes (162ms)
			AfterProcessingInitializeOnLoad (17ms)
			EditorAssembliesLoaded (1ms)
		ExecutionOrderSort2 (0ms)
		AwakeInstancesAfterBackupRestoration (31ms)
Shader Hidden/ProbeVolume/VoxelizeScene is not supported: GPU does not support conservative rasterization
Refreshing native plugins compatible for Editor in 25.91 ms, found 2 plugins.
Preloading 0 native plugins for Editor in 0.00 ms.
Unloading 4930 Unused Serialized files (Serialized files now loaded: 0)
Unloading 45 unused Assets / (1.1 MB). Loaded Objects now: 5704.
Memory consumption went from 208.4 MB to 207.3 MB.
Total: 5.642700 ms (FindLiveObjects: 0.634200 ms CreateObjectMapping: 0.399100 ms MarkObjects: 4.120800 ms  DeleteObjects: 0.487200 ms)

Prepare: number of updated asset objects reloaded= 0
AssetImportParameters requested are different than current active one (requested -> active):
  custom:container-demuxer-ogg: 62fdf1f143b41e24485cea50d1cbac27 -> 
  custom:video-codec-MediaFoundation-h265: 746d11721c4dcdbdad8f713fa42b33f4 -> 
  custom:video-decoder-ogg-theora: a1e56fd34408186e4bbccfd4996cb3dc -> 
  custom:framework-win-MediaFoundation: 216162199b28c13a410421893ffa2e32 -> 
  custom:CustomObjectIndexerAttribute: 72b91833f83ae208fae7752999fa3104 -> 
  custom:container-demuxer-webm: 4f35f7cbe854078d1ac9338744f61a02 -> 
  custom:container-muxer-webm: aa71ff27fc2769a1b78a27578f13a17b -> 
  custom:video-decoder-webm-vp8: 9c59270c3fd7afecdb556c50c9e8de78 -> 
  custom:SearchIndexIgnoredProperties: e643bd26f0fe6173181afceb89e7c659 -> 
  custom:AudioImporter_EditorPlatform: d09bf68614088b80899f8185d706f6e7 -> 
  custom:video-encoder-webm-vp8: eb34c28f22e8b96e1ab97ce403110664 -> 
  custom:audio-decoder-ogg-vorbis: bf7c407c2cedff20999df2af8eb42d56 -> 
  custom:audio-encoder-webm-vorbis: bf7c407c2cedff20999df2af8eb42d56 -> 
========================================================================
Received Prepare
Caller must complete domain reload
Begin MonoManager ReloadAssembly
- Loaded All Assemblies, in  0.808 seconds
Native extension for UWP target not found
Native extension for WindowsStandalone target not found
Native extension for WebGL target not found
[Package Manager] Server::EnsureServerProcessIsRunning -- launch failed, reason: Unity was launched with the -noUpm command-line argument
[Package Manager] UpmClient::Send -- Unable to send message (not connected to UPM process).
[Package Manager] Cannot connect to Unity Package Manager local server
Mono: successfully reloaded assembly
- Finished resetting the current domain, in  1.965 seconds
Domain Reload Profiling: 2764ms
	BeginReloadAssembly (203ms)
		ExecutionOrderSort (0ms)
		DisableScriptedObjects (6ms)
		BackupInstance (0ms)
		ReleaseScriptingObjects (0ms)
		CreateAndSetChildDomain (42ms)
	RebuildCommonClasses (39ms)
	RebuildNativeTypeToScriptingClass (12ms)
	initialDomainReloadingComplete (56ms)
	LoadAllAssembliesAndSetupDomain (488ms)
		LoadAssemblies (576ms)
		RebuildTransferFunctionScriptingTraits (0ms)
		AnalyzeDomain (24ms)
			TypeCache.Refresh (7ms)
				TypeCache.ScanAssembly (0ms)
			ScanForSourceGeneratedMonoScriptInfo (0ms)
			ResolveRequiredComponents (13ms)
	FinalizeReload (1966ms)
		ReleaseScriptCaches (0ms)
		RebuildScriptCaches (0ms)
		SetupLoadedEditorAssemblies (812ms)
			LogAssemblyErrors (0ms)
			InitializePlatformSupportModulesInManaged (17ms)
			SetLoadedEditorAssemblies (6ms)
			RefreshPlugins (0ms)
			BeforeProcessingInitializeOnLoad (127ms)
			ProcessInitializeOnLoadAttributes (490ms)
			ProcessInitializeOnLoadMethodAttributes (155ms)
			AfterProcessingInitializeOnLoad (17ms)
			EditorAssembliesLoaded (0ms)
		ExecutionOrderSort2 (0ms)
		AwakeInstancesAfterBackupRestoration (30ms)
Shader Hidden/ProbeVolume/VoxelizeScene is not supported: GPU does not support conservative rasterization
Refreshing native plugins compatible for Editor in 20.45 ms, found 2 plugins.
Preloading 0 native plugins for Editor in 0.00 ms.
Unloading 4930 Unused Serialized files (Serialized files now loaded: 0)
Unloading 45 unused Assets / (1.1 MB). Loaded Objects now: 5708.
Memory consumption went from 208.3 MB to 207.2 MB.
Total: 5.390900 ms (FindLiveObjects: 0.489800 ms CreateObjectMapping: 0.142600 ms MarkObjects: 4.395600 ms  DeleteObjects: 0.361700 ms)

Prepare: number of updated asset objects reloaded= 0
AssetImportParameters requested are different than current active one (requested -> active):
  custom:container-demuxer-ogg: 62fdf1f143b41e24485cea50d1cbac27 -> 
  custom:video-codec-MediaFoundation-h265: 746d11721c4dcdbdad8f713fa42b33f4 -> 
  custom:video-decoder-ogg-theora: a1e56fd34408186e4bbccfd4996cb3dc -> 
  custom:framework-win-MediaFoundation: 216162199b28c13a410421893ffa2e32 -> 
  custom:CustomObjectIndexerAttribute: 72b91833f83ae208fae7752999fa3104 -> 
  custom:container-demuxer-webm: 4f35f7cbe854078d1ac9338744f61a02 -> 
  custom:container-muxer-webm: aa71ff27fc2769a1b78a27578f13a17b -> 
  custom:video-decoder-webm-vp8: 9c59270c3fd7afecdb556c50c9e8de78 -> 
  custom:SearchIndexIgnoredProperties: e643bd26f0fe6173181afceb89e7c659 -> 
  custom:AudioImporter_EditorPlatform: d09bf68614088b80899f8185d706f6e7 -> 
  custom:video-encoder-webm-vp8: eb34c28f22e8b96e1ab97ce403110664 -> 
  custom:audio-decoder-ogg-vorbis: bf7c407c2cedff20999df2af8eb42d56 -> 
  custom:audio-encoder-webm-vorbis: bf7c407c2cedff20999df2af8eb42d56 -> 
========================================================================
Received Prepare
Caller must complete domain reload
Begin MonoManager ReloadAssembly
- Loaded All Assemblies, in  1.130 seconds
Native extension for UWP target not found
Native extension for WindowsStandalone target not found
Native extension for WebGL target not found
[Package Manager] Server::EnsureServerProcessIsRunning -- launch failed, reason: Unity was launched with the -noUpm command-line argument
[Package Manager] UpmClient::Send -- Unable to send message (not connected to UPM process).
[Package Manager] Cannot connect to Unity Package Manager local server
Mono: successfully reloaded assembly
- Finished resetting the current domain, in  2.403 seconds
Domain Reload Profiling: 3524ms
	BeginReloadAssembly (345ms)
		ExecutionOrderSort (0ms)
		DisableScriptedObjects (11ms)
		BackupInstance (0ms)
		ReleaseScriptingObjects (0ms)
		CreateAndSetChildDomain (129ms)
	RebuildCommonClasses (47ms)
	RebuildNativeTypeToScriptingClass (13ms)
	initialDomainReloadingComplete (71ms)
	LoadAllAssembliesAndSetupDomain (644ms)
		LoadAssemblies (755ms)
		RebuildTransferFunctionScriptingTraits (0ms)
		AnalyzeDomain (33ms)
			TypeCache.Refresh (11ms)
				TypeCache.ScanAssembly (0ms)
			ScanForSourceGeneratedMonoScriptInfo (1ms)
			ResolveRequiredComponents (19ms)
	FinalizeReload (2404ms)
		ReleaseScriptCaches (0ms)
		RebuildScriptCaches (0ms)
		SetupLoadedEditorAssemblies (910ms)
			LogAssemblyErrors (0ms)
			InitializePlatformSupportModulesInManaged (19ms)
			SetLoadedEditorAssemblies (7ms)
			RefreshPlugins (0ms)
			BeforeProcessingInitializeOnLoad (138ms)
			ProcessInitializeOnLoadAttributes (558ms)
			ProcessInitializeOnLoadMethodAttributes (168ms)
			AfterProcessingInitializeOnLoad (19ms)
			EditorAssembliesLoaded (0ms)
		ExecutionOrderSort2 (0ms)
		AwakeInstancesAfterBackupRestoration (34ms)
Shader Hidden/ProbeVolume/VoxelizeScene is not supported: GPU does not support conservative rasterization
Refreshing native plugins compatible for Editor in 23.03 ms, found 2 plugins.
Preloading 0 native plugins for Editor in 0.00 ms.
Unloading 4930 Unused Serialized files (Serialized files now loaded: 0)
Unloading 45 unused Assets / (1.1 MB). Loaded Objects now: 5712.
Memory consumption went from 208.3 MB to 207.2 MB.
Total: 6.696000 ms (FindLiveObjects: 0.689300 ms CreateObjectMapping: 0.179800 ms MarkObjects: 5.382100 ms  DeleteObjects: 0.442900 ms)

Prepare: number of updated asset objects reloaded= 0
AssetImportParameters requested are different than current active one (requested -> active):
  custom:container-demuxer-ogg: 62fdf1f143b41e24485cea50d1cbac27 -> 
  custom:video-codec-MediaFoundation-h265: 746d11721c4dcdbdad8f713fa42b33f4 -> 
  custom:video-decoder-ogg-theora: a1e56fd34408186e4bbccfd4996cb3dc -> 
  custom:framework-win-MediaFoundation: 216162199b28c13a410421893ffa2e32 -> 
  custom:CustomObjectIndexerAttribute: 72b91833f83ae208fae7752999fa3104 -> 
  custom:container-demuxer-webm: 4f35f7cbe854078d1ac9338744f61a02 -> 
  custom:container-muxer-webm: aa71ff27fc2769a1b78a27578f13a17b -> 
  custom:video-decoder-webm-vp8: 9c59270c3fd7afecdb556c50c9e8de78 -> 
  custom:SearchIndexIgnoredProperties: e643bd26f0fe6173181afceb89e7c659 -> 
  custom:AudioImporter_EditorPlatform: d09bf68614088b80899f8185d706f6e7 -> 
  custom:video-encoder-webm-vp8: eb34c28f22e8b96e1ab97ce403110664 -> 
  custom:audio-decoder-ogg-vorbis: bf7c407c2cedff20999df2af8eb42d56 -> 
  custom:audio-encoder-webm-vorbis: bf7c407c2cedff20999df2af8eb42d56 -> 
========================================================================
Received Import Request.
  Time since last request: 5954.434436 seconds.
  path: Assets/Imports/images/tutorial/terrain
  artifactKey: Guid(c128bdbf03e437340a665388103f23a3) Importer(815301076,1909f56bfc062723c751e8b465ee728b)
Start importing Assets/Imports/images/tutorial/terrain using Guid(c128bdbf03e437340a665388103f23a3) Importer(815301076,1909f56bfc062723c751e8b465ee728b) [PhysX] Initialized MultithreadedTaskDispatcher with 16 workers.
 -> (artifact id: '3ceb511e5f6968e6f548595b7c798ed0') in 0.070558 seconds
Number of updated asset objects reloaded before import = 0
Number of asset objects unloaded after import = 0
========================================================================
Received Import Request.
  Time since last request: 7.126691 seconds.
  path: Assets/Imports/images/tutorial/save
  artifactKey: Guid(abfbeeb8367305d458f9b37e51a65913) Importer(815301076,1909f56bfc062723c751e8b465ee728b)
Start importing Assets/Imports/images/tutorial/save using Guid(abfbeeb8367305d458f9b37e51a65913) Importer(815301076,1909f56bfc062723c751e8b465ee728b) [PhysX] Initialized MultithreadedTaskDispatcher with 16 workers.
 -> (artifact id: '4763365714798b8dc1cd327c96b4105d') in 0.000807 seconds
Number of updated asset objects reloaded before import = 0
Number of asset objects unloaded after import = 0
========================================================================
Received Import Request.
  Time since last request: 0.550343 seconds.
  path: Assets/Imports/images/tutorial/save/save1.png
  artifactKey: Guid(7bc57450bd150c148a5be1e8aae6eca1) Importer(815301076,1909f56bfc062723c751e8b465ee728b)
Start importing Assets/Imports/images/tutorial/save/save1.png using Guid(7bc57450bd150c148a5be1e8aae6eca1) Importer(815301076,1909f56bfc062723c751e8b465ee728b) [PhysX] Initialized MultithreadedTaskDispatcher with 16 workers.
[PhysX] Initialized MultithreadedTaskDispatcher with 16 workers.
 -> (artifact id: '5b351ede349b4de6fcb753468b53ad06') in 0.091930 seconds
Number of updated asset objects reloaded before import = 0
Number of asset objects unloaded after import = 2
========================================================================
Received Import Request.
  Time since last request: 0.134559 seconds.
  path: Assets/Imports/images/tutorial/save/save0.png
  artifactKey: Guid(f869e22589676ca4ca4a667b702ba35a) Importer(815301076,1909f56bfc062723c751e8b465ee728b)
Start importing Assets/Imports/images/tutorial/save/save0.png using Guid(f869e22589676ca4ca4a667b702ba35a) Importer(815301076,1909f56bfc062723c751e8b465ee728b) [PhysX] Initialized MultithreadedTaskDispatcher with 16 workers.
[PhysX] Initialized MultithreadedTaskDispatcher with 16 workers.
 -> (artifact id: '1ef96b775b8476fe8de7df7d1e7d70d5') in 0.018064 seconds
Number of updated asset objects reloaded before import = 0
Number of asset objects unloaded after import = 2
========================================================================
Received Import Request.
  Time since last request: 2.565555 seconds.
  path: Assets/Imports/images/tutorial/save/save0.png
  artifactKey: Guid(f869e22589676ca4ca4a667b702ba35a) Importer(815301076,1909f56bfc062723c751e8b465ee728b)
Start importing Assets/Imports/images/tutorial/save/save0.png using Guid(f869e22589676ca4ca4a667b702ba35a) Importer(815301076,1909f56bfc062723c751e8b465ee728b) [PhysX] Initialized MultithreadedTaskDispatcher with 16 workers.
[PhysX] Initialized MultithreadedTaskDispatcher with 16 workers.
 -> (artifact id: '00c804bc59504cb84cb70b8b073fa937') in 0.054701 seconds
Number of updated asset objects reloaded before import = 0
Number of asset objects unloaded after import = 3
========================================================================
Received Import Request.
  Time since last request: 1.404574 seconds.
  path: Assets/Imports/images/tutorial/building
  artifactKey: Guid(34e6df537a139ce4284f9936f410381c) Importer(815301076,1909f56bfc062723c751e8b465ee728b)
Start importing Assets/Imports/images/tutorial/building using Guid(34e6df537a139ce4284f9936f410381c) Importer(815301076,1909f56bfc062723c751e8b465ee728b) [PhysX] Initialized MultithreadedTaskDispatcher with 16 workers.
 -> (artifact id: '1b6f5c18868050183dd4dabb156a3633') in 0.000754 seconds
Number of updated asset objects reloaded before import = 0
Number of asset objects unloaded after import = 0
========================================================================
Received Import Request.
  Time since last request: 0.771869 seconds.
  path: Assets/Imports/images/tutorial/building/building0.png
  artifactKey: Guid(1429a60cbbafd4041993143d0c0ed80d) Importer(815301076,1909f56bfc062723c751e8b465ee728b)
Start importing Assets/Imports/images/tutorial/building/building0.png using Guid(1429a60cbbafd4041993143d0c0ed80d) Importer(815301076,1909f56bfc062723c751e8b465ee728b) [PhysX] Initialized MultithreadedTaskDispatcher with 16 workers.
[PhysX] Initialized MultithreadedTaskDispatcher with 16 workers.
 -> (artifact id: '733a1c115759105bbe976522831c2a96') in 0.017735 seconds
Number of updated asset objects reloaded before import = 0
Number of asset objects unloaded after import = 2
========================================================================
Received Import Request.
  Time since last request: 0.464022 seconds.
  path: Assets/Imports/images/tutorial/building/building2.png
  artifactKey: Guid(b224864aa84a0d64cab660450625ffe0) Importer(815301076,1909f56bfc062723c751e8b465ee728b)
Start importing Assets/Imports/images/tutorial/building/building2.png using Guid(b224864aa84a0d64cab660450625ffe0) Importer(815301076,1909f56bfc062723c751e8b465ee728b) [PhysX] Initialized MultithreadedTaskDispatcher with 16 workers.
[PhysX] Initialized MultithreadedTaskDispatcher with 16 workers.
 -> (artifact id: 'bc81ef992b79ece414b681685b5c48df') in 0.015500 seconds
Number of updated asset objects reloaded before import = 0
Number of asset objects unloaded after import = 2
========================================================================
Received Import Request.
  Time since last request: 3.573488 seconds.
  path: Assets/Imports/images/tutorial/building/building2.png
  artifactKey: Guid(b224864aa84a0d64cab660450625ffe0) Importer(815301076,1909f56bfc062723c751e8b465ee728b)
Start importing Assets/Imports/images/tutorial/building/building2.png using Guid(b224864aa84a0d64cab660450625ffe0) Importer(815301076,1909f56bfc062723c751e8b465ee728b) [PhysX] Initialized MultithreadedTaskDispatcher with 16 workers.
[PhysX] Initialized MultithreadedTaskDispatcher with 16 workers.
 -> (artifact id: '096dc00acbf8a7a948d44e5f7867935d') in 0.020123 seconds
Number of updated asset objects reloaded before import = 0
Number of asset objects unloaded after import = 3
========================================================================
Received Import Request.
  Time since last request: 10.914952 seconds.
  path: Assets/Imports/images/tutorial/building/building3.png
  artifactKey: Guid(a7989ceb6299f9f488f8f5516324d72b) Importer(815301076,1909f56bfc062723c751e8b465ee728b)
Start importing Assets/Imports/images/tutorial/building/building3.png using Guid(a7989ceb6299f9f488f8f5516324d72b) Importer(815301076,1909f56bfc062723c751e8b465ee728b) [PhysX] Initialized MultithreadedTaskDispatcher with 16 workers.
[PhysX] Initialized MultithreadedTaskDispatcher with 16 workers.
 -> (artifact id: '265be70f42266b99d40b28654943203a') in 0.023721 seconds
Number of updated asset objects reloaded before import = 0
Number of asset objects unloaded after import = 3
========================================================================
Received Import Request.
  Time since last request: 148.494937 seconds.
  path: Assets/Imports/images/tutorial/save/save1.png
  artifactKey: Guid(7bc57450bd150c148a5be1e8aae6eca1) Importer(815301076,1909f56bfc062723c751e8b465ee728b)
Start importing Assets/Imports/images/tutorial/save/save1.png using Guid(7bc57450bd150c148a5be1e8aae6eca1) Importer(815301076,1909f56bfc062723c751e8b465ee728b) [PhysX] Initialized MultithreadedTaskDispatcher with 16 workers.
[PhysX] Initialized MultithreadedTaskDispatcher with 16 workers.
 -> (artifact id: 'c19e0609814d89a2aebbc8addfd8b421') in 0.023013 seconds
Number of updated asset objects reloaded before import = 0
Number of asset objects unloaded after import = 3
========================================================================
Received Import Request.
  Time since last request: 103.303260 seconds.
  path: Assets/StreamingAssets/klipik.rez
  artifactKey: Guid(c6703c17cc9a3ed4c85c64a4cc95ed5b) Importer(815301076,1909f56bfc062723c751e8b465ee728b)
Start importing Assets/StreamingAssets/klipik.rez using Guid(c6703c17cc9a3ed4c85c64a4cc95ed5b) Importer(815301076,1909f56bfc062723c751e8b465ee728b) [PhysX] Initialized MultithreadedTaskDispatcher with 16 workers.
 -> (artifact id: '3a8760c4041425043e166457d07c0434') in 0.004387 seconds
Number of updated asset objects reloaded before import = 0
Number of asset objects unloaded after import = 1
========================================================================
Received Prepare
Shader Hidden/ProbeVolume/VoxelizeScene is not supported: GPU does not support conservative rasterization
Refreshing native plugins compatible for Editor in 41.77 ms, found 2 plugins.
Preloading 0 native plugins for Editor in 0.00 ms.
Unloading 3 Unused Serialized files (Serialized files now loaded: 0)
Unloading 3 unused Assets / (1.0 MB). Loaded Objects now: 5715.
Memory consumption went from 127.0 MB to 126.0 MB.
Total: 27.724700 ms (FindLiveObjects: 0.818600 ms CreateObjectMapping: 0.522300 ms MarkObjects: 25.679600 ms  DeleteObjects: 0.701100 ms)

Shader Hidden/ProbeVolume/VoxelizeScene is not supported: GPU does not support conservative rasterization
Prepare: number of updated asset objects reloaded= 160
AssetImportParameters requested are different than current active one (requested -> active):
  custom:container-demuxer-ogg: 62fdf1f143b41e24485cea50d1cbac27 -> 
  custom:video-codec-MediaFoundation-h265: 746d11721c4dcdbdad8f713fa42b33f4 -> 
  custom:video-decoder-ogg-theora: a1e56fd34408186e4bbccfd4996cb3dc -> 
  custom:framework-win-MediaFoundation: 216162199b28c13a410421893ffa2e32 -> 
  custom:CustomObjectIndexerAttribute: 72b91833f83ae208fae7752999fa3104 -> 
  custom:container-demuxer-webm: 4f35f7cbe854078d1ac9338744f61a02 -> 
  custom:container-muxer-webm: aa71ff27fc2769a1b78a27578f13a17b -> 
  custom:video-decoder-webm-vp8: 9c59270c3fd7afecdb556c50c9e8de78 -> 
  custom:SearchIndexIgnoredProperties: e643bd26f0fe6173181afceb89e7c659 -> 
  custom:AudioImporter_EditorPlatform: d09bf68614088b80899f8185d706f6e7 -> 
  custom:video-encoder-webm-vp8: eb34c28f22e8b96e1ab97ce403110664 -> 
  custom:audio-decoder-ogg-vorbis: bf7c407c2cedff20999df2af8eb42d56 -> 
  custom:audio-encoder-webm-vorbis: bf7c407c2cedff20999df2af8eb42d56 -> 
========================================================================
Received Prepare
Shader Hidden/ProbeVolume/VoxelizeScene is not supported: GPU does not support conservative rasterization
Refreshing native plugins compatible for Editor in 25.16 ms, found 2 plugins.
Preloading 0 native plugins for Editor in 0.00 ms.
Unloading 7 Unused Serialized files (Serialized files now loaded: 0)
Unloading 3 unused Assets / (1.0 MB). Loaded Objects now: 5715.
Memory consumption went from 128.3 MB to 127.3 MB.
Total: 6.283200 ms (FindLiveObjects: 0.565200 ms CreateObjectMapping: 0.295300 ms MarkObjects: 5.136900 ms  DeleteObjects: 0.284800 ms)

Prepare: number of updated asset objects reloaded= 0
AssetImportParameters requested are different than current active one (requested -> active):
  custom:container-demuxer-ogg: 62fdf1f143b41e24485cea50d1cbac27 -> 
  custom:video-codec-MediaFoundation-h265: 746d11721c4dcdbdad8f713fa42b33f4 -> 
  custom:video-decoder-ogg-theora: a1e56fd34408186e4bbccfd4996cb3dc -> 
  custom:framework-win-MediaFoundation: 216162199b28c13a410421893ffa2e32 -> 
  custom:CustomObjectIndexerAttribute: 72b91833f83ae208fae7752999fa3104 -> 
  custom:container-demuxer-webm: 4f35f7cbe854078d1ac9338744f61a02 -> 
  custom:container-muxer-webm: aa71ff27fc2769a1b78a27578f13a17b -> 
  custom:video-decoder-webm-vp8: 9c59270c3fd7afecdb556c50c9e8de78 -> 
  custom:SearchIndexIgnoredProperties: e643bd26f0fe6173181afceb89e7c659 -> 
  custom:AudioImporter_EditorPlatform: d09bf68614088b80899f8185d706f6e7 -> 
  custom:video-encoder-webm-vp8: eb34c28f22e8b96e1ab97ce403110664 -> 
  custom:audio-decoder-ogg-vorbis: bf7c407c2cedff20999df2af8eb42d56 -> 
  custom:audio-encoder-webm-vorbis: bf7c407c2cedff20999df2af8eb42d56 -> 
========================================================================
Received Import Request.
  Time since last request: 475.257497 seconds.
  path: Assets/Imports/images/UI/swordBackground.png
  artifactKey: Guid(dfd4ae33ed22d7449aa8a25c53242e40) Importer(815301076,1909f56bfc062723c751e8b465ee728b)
Start importing Assets/Imports/images/UI/swordBackground.png using Guid(dfd4ae33ed22d7449aa8a25c53242e40) Importer(815301076,1909f56bfc062723c751e8b465ee728b) [PhysX] Initialized MultithreadedTaskDispatcher with 16 workers.
[PhysX] Initialized MultithreadedTaskDispatcher with 16 workers.
 -> (artifact id: '17feca81cb32d9da80554f12c423142d') in 0.217074 seconds
Number of updated asset objects reloaded before import = 0
Number of asset objects unloaded after import = 3
========================================================================
Received Prepare
Caller must complete domain reload
Begin MonoManager ReloadAssembly
- Loaded All Assemblies, in  1.822 seconds
Native extension for UWP target not found
Native extension for WindowsStandalone target not found
Native extension for WebGL target not found
[Package Manager] Server::EnsureServerProcessIsRunning -- launch failed, reason: Unity was launched with the -noUpm command-line argument
[Package Manager] UpmClient::Send -- Unable to send message (not connected to UPM process).
[Package Manager] Cannot connect to Unity Package Manager local server
Mono: successfully reloaded assembly
- Finished resetting the current domain, in  7.003 seconds
Domain Reload Profiling: 8810ms
	BeginReloadAssembly (376ms)
		ExecutionOrderSort (0ms)
		DisableScriptedObjects (13ms)
		BackupInstance (0ms)
		ReleaseScriptingObjects (0ms)
		CreateAndSetChildDomain (112ms)
	RebuildCommonClasses (104ms)
	RebuildNativeTypeToScriptingClass (19ms)
	initialDomainReloadingComplete (85ms)
	LoadAllAssembliesAndSetupDomain (1223ms)
		LoadAssemblies (1057ms)
		RebuildTransferFunctionScriptingTraits (0ms)
		AnalyzeDomain (346ms)
			TypeCache.Refresh (257ms)
				TypeCache.ScanAssembly (212ms)
			ScanForSourceGeneratedMonoScriptInfo (59ms)
			ResolveRequiredComponents (27ms)
	FinalizeReload (7004ms)
		ReleaseScriptCaches (0ms)
		RebuildScriptCaches (0ms)
		SetupLoadedEditorAssemblies (773ms)
			LogAssemblyErrors (0ms)
			InitializePlatformSupportModulesInManaged (17ms)
			SetLoadedEditorAssemblies (7ms)
			RefreshPlugins (0ms)
			BeforeProcessingInitializeOnLoad (113ms)
			ProcessInitializeOnLoadAttributes (471ms)
			ProcessInitializeOnLoadMethodAttributes (150ms)
			AfterProcessingInitializeOnLoad (15ms)
			EditorAssembliesLoaded (0ms)
		ExecutionOrderSort2 (0ms)
		AwakeInstancesAfterBackupRestoration (28ms)
Shader Hidden/ProbeVolume/VoxelizeScene is not supported: GPU does not support conservative rasterization
Refreshing native plugins compatible for Editor in 20.33 ms, found 2 plugins.
Preloading 0 native plugins for Editor in 0.00 ms.
Unloading 4930 Unused Serialized files (Serialized files now loaded: 0)
Unloading 45 unused Assets / (1.1 MB). Loaded Objects now: 5720.
Memory consumption went from 203.8 MB to 202.8 MB.
Total: 16.989100 ms (FindLiveObjects: 0.487100 ms CreateObjectMapping: 0.164200 ms MarkObjects: 15.001400 ms  DeleteObjects: 1.334200 ms)

Prepare: number of updated asset objects reloaded= 0
AssetImportParameters requested are different than current active one (requested -> active):
  custom:container-demuxer-ogg: 62fdf1f143b41e24485cea50d1cbac27 -> 
  custom:video-codec-MediaFoundation-h265: 746d11721c4dcdbdad8f713fa42b33f4 -> 
  custom:video-decoder-ogg-theora: a1e56fd34408186e4bbccfd4996cb3dc -> 
  custom:framework-win-MediaFoundation: 216162199b28c13a410421893ffa2e32 -> 
  custom:scripting/precompiled-assembly-types:Unity.Collections.DocCodeSamples: 7b752461447c803b03a03e7e8dae496d -> 51be402b979245d6d523c23ee2429113
  custom:CustomObjectIndexerAttribute: 72b91833f83ae208fae7752999fa3104 -> 
  custom:container-demuxer-webm: 4f35f7cbe854078d1ac9338744f61a02 -> 
  custom:scripting/precompiled-assembly-types:Unity.RenderPipelines.Core.Editor: e26419a403ad020309c9bbf814dd1b9e -> af0e80560300277398164f17635d209f
  custom:scripting/precompiled-assembly-types:Unity.RenderPipelines.Universal.Runtime: 3b14e287ff6526dfa929a1e44fb43446 -> 635a4c6de4eda6595fef1d6b2ef32f10
  custom:container-muxer-webm: aa71ff27fc2769a1b78a27578f13a17b -> 
  custom:video-decoder-webm-vp8: 9c59270c3fd7afecdb556c50c9e8de78 -> 
  custom:SearchIndexIgnoredProperties: e643bd26f0fe6173181afceb89e7c659 -> 
  custom:scripting/precompiled-assembly-types:glTFast.Export: 05b28c06242194af2a531c121c3c79ed -> 52a9d7da467c4106c9e629e56919f22a
  custom:AudioImporter_EditorPlatform: d09bf68614088b80899f8185d706f6e7 -> 
  custom:scripting/precompiled-assembly-types:Unity.Collections: 9414a81db5a295138d2bc86d4b2fc6a6 -> 196fdf67ab71e55f93a5709d16d17687
  custom:video-encoder-webm-vp8: eb34c28f22e8b96e1ab97ce403110664 -> 
  custom:audio-decoder-ogg-vorbis: bf7c407c2cedff20999df2af8eb42d56 -> 
  custom:audio-encoder-webm-vorbis: bf7c407c2cedff20999df2af8eb42d56 -> 
  custom:scripting/precompiled-assembly-types:glTFast: 56e66e62b9195a13a69469b59309b247 -> b2caad2370e9af7ec1dd8519ec56eb34
========================================================================
Received Prepare
Shader Hidden/ProbeVolume/VoxelizeScene is not supported: GPU does not support conservative rasterization
Refreshing native plugins compatible for Editor in 30.38 ms, found 2 plugins.
Preloading 0 native plugins for Editor in 0.00 ms.
Unloading 3 Unused Serialized files (Serialized files now loaded: 0)
Unloading 3 unused Assets / (1.0 MB). Loaded Objects now: 5720.
Memory consumption went from 127.2 MB to 126.2 MB.
Total: 4.506200 ms (FindLiveObjects: 0.512500 ms CreateObjectMapping: 0.218400 ms MarkObjects: 3.555900 ms  DeleteObjects: 0.218300 ms)

Prepare: number of updated asset objects reloaded= 0
AssetImportParameters requested are different than current active one (requested -> active):
  custom:container-demuxer-ogg: 62fdf1f143b41e24485cea50d1cbac27 -> 
  custom:video-codec-MediaFoundation-h265: 746d11721c4dcdbdad8f713fa42b33f4 -> 
  custom:video-decoder-ogg-theora: a1e56fd34408186e4bbccfd4996cb3dc -> 
  custom:framework-win-MediaFoundation: 216162199b28c13a410421893ffa2e32 -> 
  custom:scripting/precompiled-assembly-types:Unity.Collections.DocCodeSamples: 7b752461447c803b03a03e7e8dae496d -> 51be402b979245d6d523c23ee2429113
  custom:CustomObjectIndexerAttribute: 72b91833f83ae208fae7752999fa3104 -> 
  custom:container-demuxer-webm: 4f35f7cbe854078d1ac9338744f61a02 -> 
  custom:scripting/precompiled-assembly-types:Unity.RenderPipelines.Core.Editor: e26419a403ad020309c9bbf814dd1b9e -> af0e80560300277398164f17635d209f
  custom:scripting/precompiled-assembly-types:Unity.RenderPipelines.Universal.Runtime: 3b14e287ff6526dfa929a1e44fb43446 -> 635a4c6de4eda6595fef1d6b2ef32f10
  custom:container-muxer-webm: aa71ff27fc2769a1b78a27578f13a17b -> 
  custom:video-decoder-webm-vp8: 9c59270c3fd7afecdb556c50c9e8de78 -> 
  custom:SearchIndexIgnoredProperties: e643bd26f0fe6173181afceb89e7c659 -> 
  custom:scripting/precompiled-assembly-types:glTFast.Export: 05b28c06242194af2a531c121c3c79ed -> 52a9d7da467c4106c9e629e56919f22a
  custom:AudioImporter_EditorPlatform: d09bf68614088b80899f8185d706f6e7 -> 
  custom:scripting/precompiled-assembly-types:Unity.Collections: 9414a81db5a295138d2bc86d4b2fc6a6 -> 196fdf67ab71e55f93a5709d16d17687
  custom:video-encoder-webm-vp8: eb34c28f22e8b96e1ab97ce403110664 -> 
  custom:audio-decoder-ogg-vorbis: bf7c407c2cedff20999df2af8eb42d56 -> 
  custom:audio-encoder-webm-vorbis: bf7c407c2cedff20999df2af8eb42d56 -> 
  custom:scripting/precompiled-assembly-types:glTFast: 56e66e62b9195a13a69469b59309b247 -> b2caad2370e9af7ec1dd8519ec56eb34
========================================================================
Received Prepare
Shader Hidden/ProbeVolume/VoxelizeScene is not supported: GPU does not support conservative rasterization
Refreshing native plugins compatible for Editor in 42.68 ms, found 2 plugins.
Preloading 0 native plugins for Editor in 0.00 ms.
Unloading 3 Unused Serialized files (Serialized files now loaded: 0)
Unloading 3 unused Assets / (1.0 MB). Loaded Objects now: 5720.
Memory consumption went from 127.8 MB to 126.8 MB.
Total: 6.061400 ms (FindLiveObjects: 0.623700 ms CreateObjectMapping: 0.336700 ms MarkObjects: 4.709800 ms  DeleteObjects: 0.388500 ms)

Shader Hidden/ProbeVolume/VoxelizeScene is not supported: GPU does not support conservative rasterization
Prepare: number of updated asset objects reloaded= 160
AssetImportParameters requested are different than current active one (requested -> active):
  custom:container-demuxer-ogg: 62fdf1f143b41e24485cea50d1cbac27 -> 
  custom:video-codec-MediaFoundation-h265: 746d11721c4dcdbdad8f713fa42b33f4 -> 
  custom:video-decoder-ogg-theora: a1e56fd34408186e4bbccfd4996cb3dc -> 
  custom:framework-win-MediaFoundation: 216162199b28c13a410421893ffa2e32 -> 
  custom:scripting/precompiled-assembly-types:Unity.Collections.DocCodeSamples: 7b752461447c803b03a03e7e8dae496d -> 51be402b979245d6d523c23ee2429113
  custom:CustomObjectIndexerAttribute: 72b91833f83ae208fae7752999fa3104 -> 
  custom:container-demuxer-webm: 4f35f7cbe854078d1ac9338744f61a02 -> 
  custom:scripting/precompiled-assembly-types:Unity.RenderPipelines.Core.Editor: e26419a403ad020309c9bbf814dd1b9e -> af0e80560300277398164f17635d209f
  custom:scripting/precompiled-assembly-types:Unity.RenderPipelines.Universal.Runtime: 3b14e287ff6526dfa929a1e44fb43446 -> 635a4c6de4eda6595fef1d6b2ef32f10
  custom:container-muxer-webm: aa71ff27fc2769a1b78a27578f13a17b -> 
  custom:video-decoder-webm-vp8: 9c59270c3fd7afecdb556c50c9e8de78 -> 
  custom:SearchIndexIgnoredProperties: e643bd26f0fe6173181afceb89e7c659 -> 
  custom:scripting/precompiled-assembly-types:glTFast.Export: 05b28c06242194af2a531c121c3c79ed -> 52a9d7da467c4106c9e629e56919f22a
  custom:AudioImporter_EditorPlatform: d09bf68614088b80899f8185d706f6e7 -> 
  custom:scripting/precompiled-assembly-types:Unity.Collections: 9414a81db5a295138d2bc86d4b2fc6a6 -> 196fdf67ab71e55f93a5709d16d17687
  custom:video-encoder-webm-vp8: eb34c28f22e8b96e1ab97ce403110664 -> 
  custom:audio-decoder-ogg-vorbis: bf7c407c2cedff20999df2af8eb42d56 -> 
  custom:audio-encoder-webm-vorbis: bf7c407c2cedff20999df2af8eb42d56 -> 
  custom:scripting/precompiled-assembly-types:glTFast: 56e66e62b9195a13a69469b59309b247 -> b2caad2370e9af7ec1dd8519ec56eb34
========================================================================
Received Prepare
Shader Hidden/ProbeVolume/VoxelizeScene is not supported: GPU does not support conservative rasterization
Refreshing native plugins compatible for Editor in 59.43 ms, found 2 plugins.
Preloading 0 native plugins for Editor in 0.00 ms.
Unloading 7 Unused Serialized files (Serialized files now loaded: 0)
Unloading 3 unused Assets / (1.0 MB). Loaded Objects now: 5720.
Memory consumption went from 129.3 MB to 128.3 MB.
Total: 7.036100 ms (FindLiveObjects: 0.700400 ms CreateObjectMapping: 0.458100 ms MarkObjects: 5.319000 ms  DeleteObjects: 0.557200 ms)

Prepare: number of updated asset objects reloaded= 0
AssetImportParameters requested are different than current active one (requested -> active):
  custom:container-demuxer-ogg: 62fdf1f143b41e24485cea50d1cbac27 -> 
  custom:video-codec-MediaFoundation-h265: 746d11721c4dcdbdad8f713fa42b33f4 -> 
  custom:video-decoder-ogg-theora: a1e56fd34408186e4bbccfd4996cb3dc -> 
  custom:framework-win-MediaFoundation: 216162199b28c13a410421893ffa2e32 -> 
  custom:scripting/precompiled-assembly-types:Unity.Collections.DocCodeSamples: 7b752461447c803b03a03e7e8dae496d -> 51be402b979245d6d523c23ee2429113
  custom:CustomObjectIndexerAttribute: 72b91833f83ae208fae7752999fa3104 -> 
  custom:container-demuxer-webm: 4f35f7cbe854078d1ac9338744f61a02 -> 
  custom:scripting/precompiled-assembly-types:Unity.RenderPipelines.Core.Editor: e26419a403ad020309c9bbf814dd1b9e -> af0e80560300277398164f17635d209f
  custom:scripting/precompiled-assembly-types:Unity.RenderPipelines.Universal.Runtime: 3b14e287ff6526dfa929a1e44fb43446 -> 635a4c6de4eda6595fef1d6b2ef32f10
  custom:container-muxer-webm: aa71ff27fc2769a1b78a27578f13a17b -> 
  custom:video-decoder-webm-vp8: 9c59270c3fd7afecdb556c50c9e8de78 -> 
  custom:SearchIndexIgnoredProperties: e643bd26f0fe6173181afceb89e7c659 -> 
  custom:scripting/precompiled-assembly-types:glTFast.Export: 05b28c06242194af2a531c121c3c79ed -> 52a9d7da467c4106c9e629e56919f22a
  custom:AudioImporter_EditorPlatform: d09bf68614088b80899f8185d706f6e7 -> 
  custom:scripting/precompiled-assembly-types:Unity.Collections: 9414a81db5a295138d2bc86d4b2fc6a6 -> 196fdf67ab71e55f93a5709d16d17687
  custom:video-encoder-webm-vp8: eb34c28f22e8b96e1ab97ce403110664 -> 
  custom:audio-decoder-ogg-vorbis: bf7c407c2cedff20999df2af8eb42d56 -> 
  custom:audio-encoder-webm-vorbis: bf7c407c2cedff20999df2af8eb42d56 -> 
  custom:scripting/precompiled-assembly-types:glTFast: 56e66e62b9195a13a69469b59309b247 -> b2caad2370e9af7ec1dd8519ec56eb34
========================================================================
Received Prepare
Caller must complete domain reload
Begin MonoManager ReloadAssembly
- Loaded All Assemblies, in  1.256 seconds
Native extension for UWP target not found
Native extension for WindowsStandalone target not found
Native extension for WebGL target not found
[Package Manager] Server::EnsureServerProcessIsRunning -- launch failed, reason: Unity was launched with the -noUpm command-line argument
[Package Manager] UpmClient::Send -- Unable to send message (not connected to UPM process).
[Package Manager] Cannot connect to Unity Package Manager local server
Mono: successfully reloaded assembly
- Finished resetting the current domain, in  2.535 seconds
Domain Reload Profiling: 3782ms
	BeginReloadAssembly (263ms)
		ExecutionOrderSort (0ms)
		DisableScriptedObjects (9ms)
		BackupInstance (0ms)
		ReleaseScriptingObjects (0ms)
		CreateAndSetChildDomain (70ms)
	RebuildCommonClasses (56ms)
	RebuildNativeTypeToScriptingClass (15ms)
	initialDomainReloadingComplete (72ms)
	LoadAllAssembliesAndSetupDomain (839ms)
		LoadAssemblies (737ms)
		RebuildTransferFunctionScriptingTraits (0ms)
		AnalyzeDomain (236ms)
			TypeCache.Refresh (179ms)
				TypeCache.ScanAssembly (158ms)
			ScanForSourceGeneratedMonoScriptInfo (40ms)
			ResolveRequiredComponents (15ms)
	FinalizeReload (2536ms)
		ReleaseScriptCaches (0ms)
		RebuildScriptCaches (0ms)
		SetupLoadedEditorAssemblies (865ms)
			LogAssemblyErrors (0ms)
			InitializePlatformSupportModulesInManaged (19ms)
			SetLoadedEditorAssemblies (7ms)
			RefreshPlugins (0ms)
			BeforeProcessingInitializeOnLoad (143ms)
			ProcessInitializeOnLoadAttributes (523ms)
			ProcessInitializeOnLoadMethodAttributes (156ms)
			AfterProcessingInitializeOnLoad (17ms)
			EditorAssembliesLoaded (0ms)
		ExecutionOrderSort2 (0ms)
		AwakeInstancesAfterBackupRestoration (38ms)
Shader Hidden/ProbeVolume/VoxelizeScene is not supported: GPU does not support conservative rasterization
Refreshing native plugins compatible for Editor in 22.30 ms, found 2 plugins.
Preloading 0 native plugins for Editor in 0.00 ms.
Unloading 4930 Unused Serialized files (Serialized files now loaded: 0)
Unloading 45 unused Assets / (1.1 MB). Loaded Objects now: 5724.
Memory consumption went from 205.0 MB to 203.9 MB.
Total: 4.373600 ms (FindLiveObjects: 0.495900 ms CreateObjectMapping: 0.205100 ms MarkObjects: 3.327100 ms  DeleteObjects: 0.343700 ms)

Prepare: number of updated asset objects reloaded= 0
AssetImportParameters requested are different than current active one (requested -> active):
  custom:container-demuxer-ogg: 62fdf1f143b41e24485cea50d1cbac27 -> 
  custom:video-codec-MediaFoundation-h265: 746d11721c4dcdbdad8f713fa42b33f4 -> 
  custom:video-decoder-ogg-theora: a1e56fd34408186e4bbccfd4996cb3dc -> 
  custom:framework-win-MediaFoundation: 216162199b28c13a410421893ffa2e32 -> 
  custom:CustomObjectIndexerAttribute: 72b91833f83ae208fae7752999fa3104 -> 
  custom:container-demuxer-webm: 4f35f7cbe854078d1ac9338744f61a02 -> 
  custom:container-muxer-webm: aa71ff27fc2769a1b78a27578f13a17b -> 
  custom:video-decoder-webm-vp8: 9c59270c3fd7afecdb556c50c9e8de78 -> 
  custom:SearchIndexIgnoredProperties: e643bd26f0fe6173181afceb89e7c659 -> 
  custom:AudioImporter_EditorPlatform: d09bf68614088b80899f8185d706f6e7 -> 
  custom:video-encoder-webm-vp8: eb34c28f22e8b96e1ab97ce403110664 -> 
  custom:audio-decoder-ogg-vorbis: bf7c407c2cedff20999df2af8eb42d56 -> 
  custom:audio-encoder-webm-vorbis: bf7c407c2cedff20999df2af8eb42d56 -> 
========================================================================
Received Prepare
Shader Hidden/ProbeVolume/VoxelizeScene is not supported: GPU does not support conservative rasterization
Refreshing native plugins compatible for Editor in 24.84 ms, found 2 plugins.
Preloading 0 native plugins for Editor in 0.00 ms.
Unloading 3 Unused Serialized files (Serialized files now loaded: 0)
Unloading 3 unused Assets / (1.0 MB). Loaded Objects now: 5724.
Memory consumption went from 128.4 MB to 127.4 MB.
Total: 8.174400 ms (FindLiveObjects: 0.532700 ms CreateObjectMapping: 0.166500 ms MarkObjects: 7.102100 ms  DeleteObjects: 0.372100 ms)

Prepare: number of updated asset objects reloaded= 0
AssetImportParameters requested are different than current active one (requested -> active):
  custom:container-demuxer-ogg: 62fdf1f143b41e24485cea50d1cbac27 -> 
  custom:video-codec-MediaFoundation-h265: 746d11721c4dcdbdad8f713fa42b33f4 -> 
  custom:video-decoder-ogg-theora: a1e56fd34408186e4bbccfd4996cb3dc -> 
  custom:framework-win-MediaFoundation: 216162199b28c13a410421893ffa2e32 -> 
  custom:CustomObjectIndexerAttribute: 72b91833f83ae208fae7752999fa3104 -> 
  custom:container-demuxer-webm: 4f35f7cbe854078d1ac9338744f61a02 -> 
  custom:container-muxer-webm: aa71ff27fc2769a1b78a27578f13a17b -> 
  custom:video-decoder-webm-vp8: 9c59270c3fd7afecdb556c50c9e8de78 -> 
  custom:SearchIndexIgnoredProperties: e643bd26f0fe6173181afceb89e7c659 -> 
  custom:AudioImporter_EditorPlatform: d09bf68614088b80899f8185d706f6e7 -> 
  custom:video-encoder-webm-vp8: eb34c28f22e8b96e1ab97ce403110664 -> 
  custom:audio-decoder-ogg-vorbis: bf7c407c2cedff20999df2af8eb42d56 -> 
  custom:audio-encoder-webm-vorbis: bf7c407c2cedff20999df2af8eb42d56 -> 
========================================================================
Received Prepare
Caller must complete domain reload
Begin MonoManager ReloadAssembly
- Loaded All Assemblies, in  3.927 seconds
Native extension for UWP target not found
Native extension for WindowsStandalone target not found
Native extension for WebGL target not found
[Package Manager] Server::EnsureServerProcessIsRunning -- launch failed, reason: Unity was launched with the -noUpm command-line argument
[Package Manager] UpmClient::Send -- Unable to send message (not connected to UPM process).
[Package Manager] Cannot connect to Unity Package Manager local server
Mono: successfully reloaded assembly
- Finished resetting the current domain, in 24.109 seconds
Domain Reload Profiling: 28026ms
	BeginReloadAssembly (376ms)
		ExecutionOrderSort (0ms)
		DisableScriptedObjects (14ms)
		BackupInstance (0ms)
		ReleaseScriptingObjects (0ms)
		CreateAndSetChildDomain (116ms)
	RebuildCommonClasses (152ms)
	RebuildNativeTypeToScriptingClass (13ms)
	initialDomainReloadingComplete (73ms)
	LoadAllAssembliesAndSetupDomain (3302ms)
		LoadAssemblies (3446ms)
		RebuildTransferFunctionScriptingTraits (0ms)
		AnalyzeDomain (35ms)
			TypeCache.Refresh (12ms)
				TypeCache.ScanAssembly (0ms)
			ScanForSourceGeneratedMonoScriptInfo (0ms)
			ResolveRequiredComponents (19ms)
	FinalizeReload (24110ms)
		ReleaseScriptCaches (0ms)
		RebuildScriptCaches (0ms)
		SetupLoadedEditorAssemblies (844ms)
			LogAssemblyErrors (0ms)
			InitializePlatformSupportModulesInManaged (18ms)
			SetLoadedEditorAssemblies (9ms)
			RefreshPlugins (0ms)
			BeforeProcessingInitializeOnLoad (140ms)
			ProcessInitializeOnLoadAttributes (506ms)
			ProcessInitializeOnLoadMethodAttributes (157ms)
			AfterProcessingInitializeOnLoad (15ms)
			EditorAssembliesLoaded (0ms)
		ExecutionOrderSort2 (0ms)
		AwakeInstancesAfterBackupRestoration (31ms)
Shader Hidden/ProbeVolume/VoxelizeScene is not supported: GPU does not support conservative rasterization
Refreshing native plugins compatible for Editor in 24.01 ms, found 2 plugins.
Preloading 0 native plugins for Editor in 0.00 ms.
Unloading 4930 Unused Serialized files (Serialized files now loaded: 0)
Unloading 45 unused Assets / (1.1 MB). Loaded Objects now: 5728.
Memory consumption went from 205.0 MB to 203.9 MB.
Total: 8.276200 ms (FindLiveObjects: 0.683500 ms CreateObjectMapping: 0.356300 ms MarkObjects: 6.742000 ms  DeleteObjects: 0.492800 ms)

Prepare: number of updated asset objects reloaded= 0
AssetImportParameters requested are different than current active one (requested -> active):
  custom:container-demuxer-ogg: 62fdf1f143b41e24485cea50d1cbac27 -> 
  custom:video-codec-MediaFoundation-h265: 746d11721c4dcdbdad8f713fa42b33f4 -> 
  custom:video-decoder-ogg-theora: a1e56fd34408186e4bbccfd4996cb3dc -> 
  custom:framework-win-MediaFoundation: 216162199b28c13a410421893ffa2e32 -> 
  custom:CustomObjectIndexerAttribute: 72b91833f83ae208fae7752999fa3104 -> 
  custom:container-demuxer-webm: 4f35f7cbe854078d1ac9338744f61a02 -> 
  custom:container-muxer-webm: aa71ff27fc2769a1b78a27578f13a17b -> 
  custom:video-decoder-webm-vp8: 9c59270c3fd7afecdb556c50c9e8de78 -> 
  custom:SearchIndexIgnoredProperties: e643bd26f0fe6173181afceb89e7c659 -> 
  custom:AudioImporter_EditorPlatform: d09bf68614088b80899f8185d706f6e7 -> 
  custom:video-encoder-webm-vp8: eb34c28f22e8b96e1ab97ce403110664 -> 
  custom:audio-decoder-ogg-vorbis: bf7c407c2cedff20999df2af8eb42d56 -> 
  custom:audio-encoder-webm-vorbis: bf7c407c2cedff20999df2af8eb42d56 -> 
========================================================================
Received Prepare
Caller must complete domain reload
Begin MonoManager ReloadAssembly
- Loaded All Assemblies, in  1.028 seconds
Native extension for UWP target not found
Native extension for WindowsStandalone target not found
Native extension for WebGL target not found
[Package Manager] Server::EnsureServerProcessIsRunning -- launch failed, reason: Unity was launched with the -noUpm command-line argument
[Package Manager] UpmClient::Send -- Unable to send message (not connected to UPM process).
[Package Manager] Cannot connect to Unity Package Manager local server
Mono: successfully reloaded assembly
- Finished resetting the current domain, in  2.294 seconds
Domain Reload Profiling: 3308ms
	BeginReloadAssembly (253ms)
		ExecutionOrderSort (0ms)
		DisableScriptedObjects (6ms)
		BackupInstance (0ms)
		ReleaseScriptingObjects (0ms)
		CreateAndSetChildDomain (57ms)
	RebuildCommonClasses (60ms)
	RebuildNativeTypeToScriptingClass (13ms)
	initialDomainReloadingComplete (76ms)
	LoadAllAssembliesAndSetupDomain (611ms)
		LoadAssemblies (717ms)
		RebuildTransferFunctionScriptingTraits (0ms)
		AnalyzeDomain (28ms)
			TypeCache.Refresh (11ms)
				TypeCache.ScanAssembly (0ms)
			ScanForSourceGeneratedMonoScriptInfo (0ms)
			ResolveRequiredComponents (15ms)
	FinalizeReload (2294ms)
		ReleaseScriptCaches (0ms)
		RebuildScriptCaches (0ms)
		SetupLoadedEditorAssemblies (921ms)
			LogAssemblyErrors (0ms)
			InitializePlatformSupportModulesInManaged (20ms)
			SetLoadedEditorAssemblies (8ms)
			RefreshPlugins (0ms)
			BeforeProcessingInitializeOnLoad (153ms)
			ProcessInitializeOnLoadAttributes (546ms)
			ProcessInitializeOnLoadMethodAttributes (176ms)
			AfterProcessingInitializeOnLoad (18ms)
			EditorAssembliesLoaded (0ms)
		ExecutionOrderSort2 (0ms)
		AwakeInstancesAfterBackupRestoration (40ms)
Shader Hidden/ProbeVolume/VoxelizeScene is not supported: GPU does not support conservative rasterization
Refreshing native plugins compatible for Editor in 23.66 ms, found 2 plugins.
Preloading 0 native plugins for Editor in 0.00 ms.
Unloading 4930 Unused Serialized files (Serialized files now loaded: 0)
Unloading 45 unused Assets / (1.1 MB). Loaded Objects now: 5732.
Memory consumption went from 208.8 MB to 207.8 MB.
Total: 6.623500 ms (FindLiveObjects: 0.663700 ms CreateObjectMapping: 0.264100 ms MarkObjects: 5.258700 ms  DeleteObjects: 0.434900 ms)

Prepare: number of updated asset objects reloaded= 0
AssetImportParameters requested are different than current active one (requested -> active):
  custom:container-demuxer-ogg: 62fdf1f143b41e24485cea50d1cbac27 -> 
  custom:video-codec-MediaFoundation-h265: 746d11721c4dcdbdad8f713fa42b33f4 -> 
  custom:video-decoder-ogg-theora: a1e56fd34408186e4bbccfd4996cb3dc -> 
  custom:framework-win-MediaFoundation: 216162199b28c13a410421893ffa2e32 -> 
  custom:CustomObjectIndexerAttribute: 72b91833f83ae208fae7752999fa3104 -> 
  custom:container-demuxer-webm: 4f35f7cbe854078d1ac9338744f61a02 -> 
  custom:container-muxer-webm: aa71ff27fc2769a1b78a27578f13a17b -> 
  custom:video-decoder-webm-vp8: 9c59270c3fd7afecdb556c50c9e8de78 -> 
  custom:SearchIndexIgnoredProperties: e643bd26f0fe6173181afceb89e7c659 -> 
  custom:AudioImporter_EditorPlatform: d09bf68614088b80899f8185d706f6e7 -> 
  custom:video-encoder-webm-vp8: eb34c28f22e8b96e1ab97ce403110664 -> 
  custom:audio-decoder-ogg-vorbis: bf7c407c2cedff20999df2af8eb42d56 -> 
  custom:audio-encoder-webm-vorbis: bf7c407c2cedff20999df2af8eb42d56 -> 
========================================================================
Received Prepare
Caller must complete domain reload
Begin MonoManager ReloadAssembly
- Loaded All Assemblies, in  0.919 seconds
Native extension for UWP target not found
Native extension for WindowsStandalone target not found
Native extension for WebGL target not found
[Package Manager] Server::EnsureServerProcessIsRunning -- launch failed, reason: Unity was launched with the -noUpm command-line argument
[Package Manager] UpmClient::Send -- Unable to send message (not connected to UPM process).
[Package Manager] Cannot connect to Unity Package Manager local server
Mono: successfully reloaded assembly
- Finished resetting the current domain, in  2.222 seconds
Domain Reload Profiling: 3130ms
	BeginReloadAssembly (223ms)
		ExecutionOrderSort (0ms)
		DisableScriptedObjects (6ms)
		BackupInstance (0ms)
		ReleaseScriptingObjects (0ms)
		CreateAndSetChildDomain (50ms)
	RebuildCommonClasses (46ms)
	RebuildNativeTypeToScriptingClass (13ms)
	initialDomainReloadingComplete (65ms)
	LoadAllAssembliesAndSetupDomain (561ms)
		LoadAssemblies (653ms)
		RebuildTransferFunctionScriptingTraits (0ms)
		AnalyzeDomain (30ms)
			TypeCache.Refresh (9ms)
				TypeCache.ScanAssembly (0ms)
			ScanForSourceGeneratedMonoScriptInfo (0ms)
			ResolveRequiredComponents (17ms)
	FinalizeReload (2223ms)
		ReleaseScriptCaches (0ms)
		RebuildScriptCaches (0ms)
		SetupLoadedEditorAssemblies (916ms)
			LogAssemblyErrors (0ms)
			InitializePlatformSupportModulesInManaged (20ms)
			SetLoadedEditorAssemblies (6ms)
			RefreshPlugins (0ms)
			BeforeProcessingInitializeOnLoad (145ms)
			ProcessInitializeOnLoadAttributes (562ms)
			ProcessInitializeOnLoadMethodAttributes (166ms)
			AfterProcessingInitializeOnLoad (17ms)
			EditorAssembliesLoaded (1ms)
		ExecutionOrderSort2 (0ms)
		AwakeInstancesAfterBackupRestoration (36ms)
Shader Hidden/ProbeVolume/VoxelizeScene is not supported: GPU does not support conservative rasterization
Refreshing native plugins compatible for Editor in 32.71 ms, found 2 plugins.
Preloading 0 native plugins for Editor in 0.00 ms.
Unloading 4930 Unused Serialized files (Serialized files now loaded: 0)
Unloading 45 unused Assets / (1.1 MB). Loaded Objects now: 5736.
Memory consumption went from 208.8 MB to 207.8 MB.
Total: 6.963800 ms (FindLiveObjects: 0.804200 ms CreateObjectMapping: 0.351800 ms MarkObjects: 5.324600 ms  DeleteObjects: 0.480900 ms)

Prepare: number of updated asset objects reloaded= 0
AssetImportParameters requested are different than current active one (requested -> active):
  custom:container-demuxer-ogg: 62fdf1f143b41e24485cea50d1cbac27 -> 
  custom:video-codec-MediaFoundation-h265: 746d11721c4dcdbdad8f713fa42b33f4 -> 
  custom:video-decoder-ogg-theora: a1e56fd34408186e4bbccfd4996cb3dc -> 
  custom:framework-win-MediaFoundation: 216162199b28c13a410421893ffa2e32 -> 
  custom:CustomObjectIndexerAttribute: 72b91833f83ae208fae7752999fa3104 -> 
  custom:container-demuxer-webm: 4f35f7cbe854078d1ac9338744f61a02 -> 
  custom:container-muxer-webm: aa71ff27fc2769a1b78a27578f13a17b -> 
  custom:video-decoder-webm-vp8: 9c59270c3fd7afecdb556c50c9e8de78 -> 
  custom:SearchIndexIgnoredProperties: e643bd26f0fe6173181afceb89e7c659 -> 
  custom:AudioImporter_EditorPlatform: d09bf68614088b80899f8185d706f6e7 -> 
  custom:video-encoder-webm-vp8: eb34c28f22e8b96e1ab97ce403110664 -> 
  custom:audio-decoder-ogg-vorbis: bf7c407c2cedff20999df2af8eb42d56 -> 
  custom:audio-encoder-webm-vorbis: bf7c407c2cedff20999df2af8eb42d56 -> 
========================================================================
Received Prepare
Shader Hidden/ProbeVolume/VoxelizeScene is not supported: GPU does not support conservative rasterization
Refreshing native plugins compatible for Editor in 20.98 ms, found 2 plugins.
Preloading 0 native plugins for Editor in 0.00 ms.
Unloading 3 Unused Serialized files (Serialized files now loaded: 0)
Unloading 3 unused Assets / (1.0 MB). Loaded Objects now: 5736.
Memory consumption went from 132.2 MB to 131.2 MB.
Total: 5.970100 ms (FindLiveObjects: 0.616500 ms CreateObjectMapping: 0.271900 ms MarkObjects: 4.742500 ms  DeleteObjects: 0.337900 ms)

Prepare: number of updated asset objects reloaded= 0
AssetImportParameters requested are different than current active one (requested -> active):
  custom:container-demuxer-ogg: 62fdf1f143b41e24485cea50d1cbac27 -> 
  custom:video-codec-MediaFoundation-h265: 746d11721c4dcdbdad8f713fa42b33f4 -> 
  custom:video-decoder-ogg-theora: a1e56fd34408186e4bbccfd4996cb3dc -> 
  custom:framework-win-MediaFoundation: 216162199b28c13a410421893ffa2e32 -> 
  custom:CustomObjectIndexerAttribute: 72b91833f83ae208fae7752999fa3104 -> 
  custom:container-demuxer-webm: 4f35f7cbe854078d1ac9338744f61a02 -> 
  custom:container-muxer-webm: aa71ff27fc2769a1b78a27578f13a17b -> 
  custom:video-decoder-webm-vp8: 9c59270c3fd7afecdb556c50c9e8de78 -> 
  custom:SearchIndexIgnoredProperties: e643bd26f0fe6173181afceb89e7c659 -> 
  custom:AudioImporter_EditorPlatform: d09bf68614088b80899f8185d706f6e7 -> 
  custom:video-encoder-webm-vp8: eb34c28f22e8b96e1ab97ce403110664 -> 
  custom:audio-decoder-ogg-vorbis: bf7c407c2cedff20999df2af8eb42d56 -> 
  custom:audio-encoder-webm-vorbis: bf7c407c2cedff20999df2af8eb42d56 -> 
========================================================================
Received Prepare
Caller must complete domain reload
Begin MonoManager ReloadAssembly
- Loaded All Assemblies, in  0.917 seconds
Native extension for UWP target not found
Native extension for WindowsStandalone target not found
Native extension for WebGL target not found
[Package Manager] Server::EnsureServerProcessIsRunning -- launch failed, reason: Unity was launched with the -noUpm command-line argument
[Package Manager] UpmClient::Send -- Unable to send message (not connected to UPM process).
[Package Manager] Cannot connect to Unity Package Manager local server
Mono: successfully reloaded assembly
- Finished resetting the current domain, in  2.359 seconds
Domain Reload Profiling: 3267ms
	BeginReloadAssembly (218ms)
		ExecutionOrderSort (0ms)
		DisableScriptedObjects (9ms)
		BackupInstance (0ms)
		ReleaseScriptingObjects (0ms)
		CreateAndSetChildDomain (43ms)
	RebuildCommonClasses (45ms)
	RebuildNativeTypeToScriptingClass (14ms)
	initialDomainReloadingComplete (62ms)
	LoadAllAssembliesAndSetupDomain (567ms)
		LoadAssemblies (661ms)
		RebuildTransferFunctionScriptingTraits (0ms)
		AnalyzeDomain (25ms)
			TypeCache.Refresh (8ms)
				TypeCache.ScanAssembly (0ms)
			ScanForSourceGeneratedMonoScriptInfo (0ms)
			ResolveRequiredComponents (15ms)
	FinalizeReload (2360ms)
		ReleaseScriptCaches (0ms)
		RebuildScriptCaches (0ms)
		SetupLoadedEditorAssemblies (1017ms)
			LogAssemblyErrors (0ms)
			InitializePlatformSupportModulesInManaged (20ms)
			SetLoadedEditorAssemblies (7ms)
			RefreshPlugins (0ms)
			BeforeProcessingInitializeOnLoad (196ms)
			ProcessInitializeOnLoadAttributes (584ms)
			ProcessInitializeOnLoadMethodAttributes (193ms)
			AfterProcessingInitializeOnLoad (16ms)
			EditorAssembliesLoaded (0ms)
		ExecutionOrderSort2 (0ms)
		AwakeInstancesAfterBackupRestoration (38ms)
Shader Hidden/ProbeVolume/VoxelizeScene is not supported: GPU does not support conservative rasterization
Refreshing native plugins compatible for Editor in 24.35 ms, found 2 plugins.
Preloading 0 native plugins for Editor in 0.00 ms.
Unloading 4930 Unused Serialized files (Serialized files now loaded: 0)
Unloading 45 unused Assets / (1.1 MB). Loaded Objects now: 5740.
Memory consumption went from 208.8 MB to 207.8 MB.
Total: 5.640300 ms (FindLiveObjects: 0.563500 ms CreateObjectMapping: 0.210600 ms MarkObjects: 4.424100 ms  DeleteObjects: 0.440700 ms)

Prepare: number of updated asset objects reloaded= 0
AssetImportParameters requested are different than current active one (requested -> active):
  custom:container-demuxer-ogg: 62fdf1f143b41e24485cea50d1cbac27 -> 
  custom:video-codec-MediaFoundation-h265: 746d11721c4dcdbdad8f713fa42b33f4 -> 
  custom:video-decoder-ogg-theora: a1e56fd34408186e4bbccfd4996cb3dc -> 
  custom:framework-win-MediaFoundation: 216162199b28c13a410421893ffa2e32 -> 
  custom:CustomObjectIndexerAttribute: 72b91833f83ae208fae7752999fa3104 -> 
  custom:container-demuxer-webm: 4f35f7cbe854078d1ac9338744f61a02 -> 
  custom:container-muxer-webm: aa71ff27fc2769a1b78a27578f13a17b -> 
  custom:video-decoder-webm-vp8: 9c59270c3fd7afecdb556c50c9e8de78 -> 
  custom:SearchIndexIgnoredProperties: e643bd26f0fe6173181afceb89e7c659 -> 
  custom:AudioImporter_EditorPlatform: d09bf68614088b80899f8185d706f6e7 -> 
  custom:video-encoder-webm-vp8: eb34c28f22e8b96e1ab97ce403110664 -> 
  custom:audio-decoder-ogg-vorbis: bf7c407c2cedff20999df2af8eb42d56 -> 
  custom:audio-encoder-webm-vorbis: bf7c407c2cedff20999df2af8eb42d56 -> 
========================================================================
Received Prepare
Caller must complete domain reload
Begin MonoManager ReloadAssembly
- Loaded All Assemblies, in  0.914 seconds
Native extension for UWP target not found
Native extension for WindowsStandalone target not found
Native extension for WebGL target not found
[Package Manager] Server::EnsureServerProcessIsRunning -- launch failed, reason: Unity was launched with the -noUpm command-line argument
[Package Manager] UpmClient::Send -- Unable to send message (not connected to UPM process).
[Package Manager] Cannot connect to Unity Package Manager local server
Mono: successfully reloaded assembly
- Finished resetting the current domain, in  2.291 seconds
Domain Reload Profiling: 3195ms
	BeginReloadAssembly (215ms)
		ExecutionOrderSort (0ms)
		DisableScriptedObjects (6ms)
		BackupInstance (0ms)
		ReleaseScriptingObjects (0ms)
		CreateAndSetChildDomain (47ms)
	RebuildCommonClasses (45ms)
	RebuildNativeTypeToScriptingClass (13ms)
	initialDomainReloadingComplete (62ms)
	LoadAllAssembliesAndSetupDomain (568ms)
		LoadAssemblies (650ms)
		RebuildTransferFunctionScriptingTraits (0ms)
		AnalyzeDomain (29ms)
			TypeCache.Refresh (10ms)
				TypeCache.ScanAssembly (0ms)
			ScanForSourceGeneratedMonoScriptInfo (0ms)
			ResolveRequiredComponents (15ms)
	FinalizeReload (2292ms)
		ReleaseScriptCaches (0ms)
		RebuildScriptCaches (0ms)
		SetupLoadedEditorAssemblies (942ms)
			LogAssemblyErrors (0ms)
			InitializePlatformSupportModulesInManaged (19ms)
			SetLoadedEditorAssemblies (7ms)
			RefreshPlugins (0ms)
			BeforeProcessingInitializeOnLoad (142ms)
			ProcessInitializeOnLoadAttributes (576ms)
			ProcessInitializeOnLoadMethodAttributes (178ms)
			AfterProcessingInitializeOnLoad (19ms)
			EditorAssembliesLoaded (0ms)
		ExecutionOrderSort2 (0ms)
		AwakeInstancesAfterBackupRestoration (37ms)
Shader Hidden/ProbeVolume/VoxelizeScene is not supported: GPU does not support conservative rasterization
Refreshing native plugins compatible for Editor in 24.77 ms, found 2 plugins.
Preloading 0 native plugins for Editor in 0.00 ms.
Unloading 4930 Unused Serialized files (Serialized files now loaded: 0)
Unloading 45 unused Assets / (1.1 MB). Loaded Objects now: 5744.
Memory consumption went from 208.9 MB to 207.8 MB.
Total: 5.758700 ms (FindLiveObjects: 0.614300 ms CreateObjectMapping: 0.172200 ms MarkObjects: 4.638400 ms  DeleteObjects: 0.331900 ms)

Prepare: number of updated asset objects reloaded= 0
AssetImportParameters requested are different than current active one (requested -> active):
  custom:container-demuxer-ogg: 62fdf1f143b41e24485cea50d1cbac27 -> 
  custom:video-codec-MediaFoundation-h265: 746d11721c4dcdbdad8f713fa42b33f4 -> 
  custom:video-decoder-ogg-theora: a1e56fd34408186e4bbccfd4996cb3dc -> 
  custom:framework-win-MediaFoundation: 216162199b28c13a410421893ffa2e32 -> 
  custom:CustomObjectIndexerAttribute: 72b91833f83ae208fae7752999fa3104 -> 
  custom:container-demuxer-webm: 4f35f7cbe854078d1ac9338744f61a02 -> 
  custom:container-muxer-webm: aa71ff27fc2769a1b78a27578f13a17b -> 
  custom:video-decoder-webm-vp8: 9c59270c3fd7afecdb556c50c9e8de78 -> 
  custom:SearchIndexIgnoredProperties: e643bd26f0fe6173181afceb89e7c659 -> 
  custom:AudioImporter_EditorPlatform: d09bf68614088b80899f8185d706f6e7 -> 
  custom:video-encoder-webm-vp8: eb34c28f22e8b96e1ab97ce403110664 -> 
  custom:audio-decoder-ogg-vorbis: bf7c407c2cedff20999df2af8eb42d56 -> 
  custom:audio-encoder-webm-vorbis: bf7c407c2cedff20999df2af8eb42d56 -> 
========================================================================
Received Prepare
Caller must complete domain reload
Begin MonoManager ReloadAssembly
- Loaded All Assemblies, in  0.891 seconds
Native extension for UWP target not found
Native extension for WindowsStandalone target not found
Native extension for WebGL target not found
[Package Manager] Server::EnsureServerProcessIsRunning -- launch failed, reason: Unity was launched with the -noUpm command-line argument
[Package Manager] UpmClient::Send -- Unable to send message (not connected to UPM process).
[Package Manager] Cannot connect to Unity Package Manager local server
Mono: successfully reloaded assembly
- Finished resetting the current domain, in  2.210 seconds
Domain Reload Profiling: 3090ms
	BeginReloadAssembly (204ms)
		ExecutionOrderSort (0ms)
		DisableScriptedObjects (7ms)
		BackupInstance (0ms)
		ReleaseScriptingObjects (0ms)
		CreateAndSetChildDomain (40ms)
	RebuildCommonClasses (45ms)
	RebuildNativeTypeToScriptingClass (14ms)
	initialDomainReloadingComplete (63ms)
	LoadAllAssembliesAndSetupDomain (552ms)
		LoadAssemblies (637ms)
		RebuildTransferFunctionScriptingTraits (0ms)
		AnalyzeDomain (28ms)
			TypeCache.Refresh (8ms)
				TypeCache.ScanAssembly (0ms)
			ScanForSourceGeneratedMonoScriptInfo (0ms)
			ResolveRequiredComponents (16ms)
	FinalizeReload (2211ms)
		ReleaseScriptCaches (0ms)
		RebuildScriptCaches (0ms)
		SetupLoadedEditorAssemblies (927ms)
			LogAssemblyErrors (0ms)
			InitializePlatformSupportModulesInManaged (19ms)
			SetLoadedEditorAssemblies (7ms)
			RefreshPlugins (0ms)
			BeforeProcessingInitializeOnLoad (143ms)
			ProcessInitializeOnLoadAttributes (564ms)
			ProcessInitializeOnLoadMethodAttributes (176ms)
			AfterProcessingInitializeOnLoad (18ms)
			EditorAssembliesLoaded (0ms)
		ExecutionOrderSort2 (0ms)
		AwakeInstancesAfterBackupRestoration (39ms)
Shader Hidden/ProbeVolume/VoxelizeScene is not supported: GPU does not support conservative rasterization
Refreshing native plugins compatible for Editor in 31.27 ms, found 2 plugins.
Preloading 0 native plugins for Editor in 0.00 ms.
Unloading 4930 Unused Serialized files (Serialized files now loaded: 0)
Unloading 45 unused Assets / (1.1 MB). Loaded Objects now: 5748.
Memory consumption went from 208.9 MB to 207.8 MB.
Total: 6.621700 ms (FindLiveObjects: 0.667700 ms CreateObjectMapping: 0.424100 ms MarkObjects: 4.992700 ms  DeleteObjects: 0.535200 ms)

Prepare: number of updated asset objects reloaded= 0
AssetImportParameters requested are different than current active one (requested -> active):
  custom:container-demuxer-ogg: 62fdf1f143b41e24485cea50d1cbac27 -> 
  custom:video-codec-MediaFoundation-h265: 746d11721c4dcdbdad8f713fa42b33f4 -> 
  custom:video-decoder-ogg-theora: a1e56fd34408186e4bbccfd4996cb3dc -> 
  custom:framework-win-MediaFoundation: 216162199b28c13a410421893ffa2e32 -> 
  custom:CustomObjectIndexerAttribute: 72b91833f83ae208fae7752999fa3104 -> 
  custom:container-demuxer-webm: 4f35f7cbe854078d1ac9338744f61a02 -> 
  custom:container-muxer-webm: aa71ff27fc2769a1b78a27578f13a17b -> 
  custom:video-decoder-webm-vp8: 9c59270c3fd7afecdb556c50c9e8de78 -> 
  custom:SearchIndexIgnoredProperties: e643bd26f0fe6173181afceb89e7c659 -> 
  custom:AudioImporter_EditorPlatform: d09bf68614088b80899f8185d706f6e7 -> 
  custom:video-encoder-webm-vp8: eb34c28f22e8b96e1ab97ce403110664 -> 
  custom:audio-decoder-ogg-vorbis: bf7c407c2cedff20999df2af8eb42d56 -> 
  custom:audio-encoder-webm-vorbis: bf7c407c2cedff20999df2af8eb42d56 -> 
========================================================================
Received Prepare
Caller must complete domain reload
Begin MonoManager ReloadAssembly
- Loaded All Assemblies, in  0.901 seconds
Native extension for UWP target not found
Native extension for WindowsStandalone target not found
Native extension for WebGL target not found
[Package Manager] Server::EnsureServerProcessIsRunning -- launch failed, reason: Unity was launched with the -noUpm command-line argument
[Package Manager] UpmClient::Send -- Unable to send message (not connected to UPM process).
[Package Manager] Cannot connect to Unity Package Manager local server
Mono: successfully reloaded assembly
- Finished resetting the current domain, in  2.205 seconds
Domain Reload Profiling: 3095ms
	BeginReloadAssembly (211ms)
		ExecutionOrderSort (0ms)
		DisableScriptedObjects (6ms)
		BackupInstance (0ms)
		ReleaseScriptingObjects (0ms)
		CreateAndSetChildDomain (49ms)
	RebuildCommonClasses (44ms)
	RebuildNativeTypeToScriptingClass (14ms)
	initialDomainReloadingComplete (62ms)
	LoadAllAssembliesAndSetupDomain (559ms)
		LoadAssemblies (639ms)
		RebuildTransferFunctionScriptingTraits (0ms)
		AnalyzeDomain (28ms)
			TypeCache.Refresh (10ms)
				TypeCache.ScanAssembly (0ms)
			ScanForSourceGeneratedMonoScriptInfo (0ms)
			ResolveRequiredComponents (15ms)
	FinalizeReload (2206ms)
		ReleaseScriptCaches (0ms)
		RebuildScriptCaches (0ms)
		SetupLoadedEditorAssemblies (903ms)
			LogAssemblyErrors (0ms)
			InitializePlatformSupportModulesInManaged (17ms)
			SetLoadedEditorAssemblies (8ms)
			RefreshPlugins (0ms)
			BeforeProcessingInitializeOnLoad (144ms)
			ProcessInitializeOnLoadAttributes (538ms)
			ProcessInitializeOnLoadMethodAttributes (179ms)
			AfterProcessingInitializeOnLoad (17ms)
			EditorAssembliesLoaded (0ms)
		ExecutionOrderSort2 (0ms)
		AwakeInstancesAfterBackupRestoration (33ms)
Shader Hidden/ProbeVolume/VoxelizeScene is not supported: GPU does not support conservative rasterization
Refreshing native plugins compatible for Editor in 27.47 ms, found 2 plugins.
Preloading 0 native plugins for Editor in 0.00 ms.
Unloading 4930 Unused Serialized files (Serialized files now loaded: 0)
Unloading 45 unused Assets / (1.1 MB). Loaded Objects now: 5752.
Memory consumption went from 208.9 MB to 207.8 MB.
Total: 5.714700 ms (FindLiveObjects: 0.558700 ms CreateObjectMapping: 0.152900 ms MarkObjects: 4.653300 ms  DeleteObjects: 0.347800 ms)

Prepare: number of updated asset objects reloaded= 0
AssetImportParameters requested are different than current active one (requested -> active):
  custom:container-demuxer-ogg: 62fdf1f143b41e24485cea50d1cbac27 -> 
  custom:video-codec-MediaFoundation-h265: 746d11721c4dcdbdad8f713fa42b33f4 -> 
  custom:video-decoder-ogg-theora: a1e56fd34408186e4bbccfd4996cb3dc -> 
  custom:framework-win-MediaFoundation: 216162199b28c13a410421893ffa2e32 -> 
  custom:CustomObjectIndexerAttribute: 72b91833f83ae208fae7752999fa3104 -> 
  custom:container-demuxer-webm: 4f35f7cbe854078d1ac9338744f61a02 -> 
  custom:container-muxer-webm: aa71ff27fc2769a1b78a27578f13a17b -> 
  custom:video-decoder-webm-vp8: 9c59270c3fd7afecdb556c50c9e8de78 -> 
  custom:SearchIndexIgnoredProperties: e643bd26f0fe6173181afceb89e7c659 -> 
  custom:AudioImporter_EditorPlatform: d09bf68614088b80899f8185d706f6e7 -> 
  custom:video-encoder-webm-vp8: eb34c28f22e8b96e1ab97ce403110664 -> 
  custom:audio-decoder-ogg-vorbis: bf7c407c2cedff20999df2af8eb42d56 -> 
  custom:audio-encoder-webm-vorbis: bf7c407c2cedff20999df2af8eb42d56 -> 
========================================================================
Received Prepare
Caller must complete domain reload
Begin MonoManager ReloadAssembly
- Loaded All Assemblies, in  0.884 seconds
Native extension for UWP target not found
Native extension for WindowsStandalone target not found
Native extension for WebGL target not found
[Package Manager] Server::EnsureServerProcessIsRunning -- launch failed, reason: Unity was launched with the -noUpm command-line argument
[Package Manager] UpmClient::Send -- Unable to send message (not connected to UPM process).
[Package Manager] Cannot connect to Unity Package Manager local server
Mono: successfully reloaded assembly
- Finished resetting the current domain, in  2.305 seconds
Domain Reload Profiling: 3178ms
	BeginReloadAssembly (211ms)
		ExecutionOrderSort (0ms)
		DisableScriptedObjects (7ms)
		BackupInstance (0ms)
		ReleaseScriptingObjects (0ms)
		CreateAndSetChildDomain (47ms)
	RebuildCommonClasses (40ms)
	RebuildNativeTypeToScriptingClass (13ms)
	initialDomainReloadingComplete (63ms)
	LoadAllAssembliesAndSetupDomain (545ms)
		LoadAssemblies (632ms)
		RebuildTransferFunctionScriptingTraits (0ms)
		AnalyzeDomain (24ms)
			TypeCache.Refresh (7ms)
				TypeCache.ScanAssembly (0ms)
			ScanForSourceGeneratedMonoScriptInfo (0ms)
			ResolveRequiredComponents (14ms)
	FinalizeReload (2306ms)
		ReleaseScriptCaches (0ms)
		RebuildScriptCaches (0ms)
		SetupLoadedEditorAssemblies (961ms)
			LogAssemblyErrors (0ms)
			InitializePlatformSupportModulesInManaged (24ms)
			SetLoadedEditorAssemblies (7ms)
			RefreshPlugins (0ms)
			BeforeProcessingInitializeOnLoad (142ms)
			ProcessInitializeOnLoadAttributes (582ms)
			ProcessInitializeOnLoadMethodAttributes (186ms)
			AfterProcessingInitializeOnLoad (21ms)
			EditorAssembliesLoaded (0ms)
		ExecutionOrderSort2 (0ms)
		AwakeInstancesAfterBackupRestoration (39ms)
Shader Hidden/ProbeVolume/VoxelizeScene is not supported: GPU does not support conservative rasterization
Refreshing native plugins compatible for Editor in 32.28 ms, found 2 plugins.
Preloading 0 native plugins for Editor in 0.00 ms.
Unloading 4930 Unused Serialized files (Serialized files now loaded: 0)
Unloading 45 unused Assets / (1.1 MB). Loaded Objects now: 5756.
Memory consumption went from 208.9 MB to 207.8 MB.
Total: 5.585000 ms (FindLiveObjects: 0.562700 ms CreateObjectMapping: 0.183900 ms MarkObjects: 4.319600 ms  DeleteObjects: 0.517100 ms)

Prepare: number of updated asset objects reloaded= 0
AssetImportParameters requested are different than current active one (requested -> active):
  custom:container-demuxer-ogg: 62fdf1f143b41e24485cea50d1cbac27 -> 
  custom:video-codec-MediaFoundation-h265: 746d11721c4dcdbdad8f713fa42b33f4 -> 
  custom:video-decoder-ogg-theora: a1e56fd34408186e4bbccfd4996cb3dc -> 
  custom:framework-win-MediaFoundation: 216162199b28c13a410421893ffa2e32 -> 
  custom:CustomObjectIndexerAttribute: 72b91833f83ae208fae7752999fa3104 -> 
  custom:container-demuxer-webm: 4f35f7cbe854078d1ac9338744f61a02 -> 
  custom:container-muxer-webm: aa71ff27fc2769a1b78a27578f13a17b -> 
  custom:video-decoder-webm-vp8: 9c59270c3fd7afecdb556c50c9e8de78 -> 
  custom:SearchIndexIgnoredProperties: e643bd26f0fe6173181afceb89e7c659 -> 
  custom:AudioImporter_EditorPlatform: d09bf68614088b80899f8185d706f6e7 -> 
  custom:video-encoder-webm-vp8: eb34c28f22e8b96e1ab97ce403110664 -> 
  custom:audio-decoder-ogg-vorbis: bf7c407c2cedff20999df2af8eb42d56 -> 
  custom:audio-encoder-webm-vorbis: bf7c407c2cedff20999df2af8eb42d56 -> 
========================================================================
Received Import Request.
  Time since last request: 17361.763544 seconds.
  path: Assets/StreamingAssets/klipik.rez
  artifactKey: Guid(c6703c17cc9a3ed4c85c64a4cc95ed5b) Importer(815301076,1909f56bfc062723c751e8b465ee728b)
Start importing Assets/StreamingAssets/klipik.rez using Guid(c6703c17cc9a3ed4c85c64a4cc95ed5b) Importer(815301076,1909f56bfc062723c751e8b465ee728b) [PhysX] Initialized MultithreadedTaskDispatcher with 16 workers.
 -> (artifact id: '00000000000000000000000000000000') in 0.032751 seconds
Import Error Code:(4)
Message: Build asset version error: assets/streamingassets/klipik.rez in SourceAssetDB has modification time of '2026-09-13T20:03:34.1774037Z' while content on disk has modification time of '2026-09-13T20:13:31.7275097Z'
  ERROR: Build asset version error: assets/streamingassets/klipik.rez in SourceAssetDB has modification time of '2026-09-13T20:03:34.1774037Z' while content on disk has modification time of '2026-09-13T20:13:31.7275097Z'
Number of updated asset objects reloaded before import = 0
Number of asset objects unloaded after import = 0
========================================================================
Received Import Request.
  Time since last request: 0.001505 seconds.
  path: Assets/StreamingAssets/klipik.rez
  artifactKey: Guid(c6703c17cc9a3ed4c85c64a4cc95ed5b) Importer(815301076,1909f56bfc062723c751e8b465ee728b)
Start importing Assets/StreamingAssets/klipik.rez using Guid(c6703c17cc9a3ed4c85c64a4cc95ed5b) Importer(815301076,1909f56bfc062723c751e8b465ee728b) [PhysX] Initialized MultithreadedTaskDispatcher with 16 workers.
 -> (artifact id: '00000000000000000000000000000000') in 0.001091 seconds
Import Error Code:(4)
Message: Build asset version error: assets/streamingassets/klipik.rez in SourceAssetDB has modification time of '2026-09-13T20:03:34.1774037Z' while content on disk has modification time of '2026-09-13T20:13:31.7275097Z'
  ERROR: Build asset version error: assets/streamingassets/klipik.rez in SourceAssetDB has modification time of '2026-09-13T20:03:34.1774037Z' while content on disk has modification time of '2026-09-13T20:13:31.7275097Z'
Number of updated asset objects reloaded before import = 0
Number of asset objects unloaded after import = 0
========================================================================
Received Import Request.
  Time since last request: 0.002716 seconds.
  path: Assets/StreamingAssets/klipik.rez
  artifactKey: Guid(c6703c17cc9a3ed4c85c64a4cc95ed5b) Importer(815301076,1909f56bfc062723c751e8b465ee728b)
Start importing Assets/StreamingAssets/klipik.rez using Guid(c6703c17cc9a3ed4c85c64a4cc95ed5b) Importer(815301076,1909f56bfc062723c751e8b465ee728b) [PhysX] Initialized MultithreadedTaskDispatcher with 16 workers.
 -> (artifact id: '00000000000000000000000000000000') in 0.001463 seconds
Import Error Code:(4)
Message: Build asset version error: assets/streamingassets/klipik.rez in SourceAssetDB has modification time of '2026-09-13T20:03:34.1774037Z' while content on disk has modification time of '2026-09-13T20:13:31.7275097Z'
  ERROR: Build asset version error: assets/streamingassets/klipik.rez in SourceAssetDB has modification time of '2026-09-13T20:03:34.1774037Z' while content on disk has modification time of '2026-09-13T20:13:31.7275097Z'
Number of updated asset objects reloaded before import = 0
Number of asset objects unloaded after import = 0
========================================================================
Received Import Request.
  Time since last request: 0.013497 seconds.
  path: Assets/StreamingAssets/klipik.rez
  artifactKey: Guid(c6703c17cc9a3ed4c85c64a4cc95ed5b) Importer(815301076,1909f56bfc062723c751e8b465ee728b)
Start importing Assets/StreamingAssets/klipik.rez using Guid(c6703c17cc9a3ed4c85c64a4cc95ed5b) Importer(815301076,1909f56bfc062723c751e8b465ee728b) [PhysX] Initialized MultithreadedTaskDispatcher with 16 workers.
 -> (artifact id: '00000000000000000000000000000000') in 0.001116 seconds
Import Error Code:(4)
Message: Build asset version error: assets/streamingassets/klipik.rez in SourceAssetDB has modification time of '2026-09-13T20:03:34.1774037Z' while content on disk has modification time of '2026-09-13T20:13:31.7275097Z'
  ERROR: Build asset version error: assets/streamingassets/klipik.rez in SourceAssetDB has modification time of '2026-09-13T20:03:34.1774037Z' while content on disk has modification time of '2026-09-13T20:13:31.7275097Z'
Number of updated asset objects reloaded before import = 0
Number of asset objects unloaded after import = 0
========================================================================
Received Import Request.
  Time since last request: 0.000847 seconds.
  path: Assets/StreamingAssets/klipik.rez
  artifactKey: Guid(c6703c17cc9a3ed4c85c64a4cc95ed5b) Importer(815301076,1909f56bfc062723c751e8b465ee728b)
Start importing Assets/StreamingAssets/klipik.rez using Guid(c6703c17cc9a3ed4c85c64a4cc95ed5b) Importer(815301076,1909f56bfc062723c751e8b465ee728b) [PhysX] Initialized MultithreadedTaskDispatcher with 16 workers.
 -> (artifact id: '00000000000000000000000000000000') in 0.001103 seconds
Import Error Code:(4)
Message: Build asset version error: assets/streamingassets/klipik.rez in SourceAssetDB has modification time of '2026-09-13T20:03:34.1774037Z' while content on disk has modification time of '2026-09-13T20:13:31.7275097Z'
  ERROR: Build asset version error: assets/streamingassets/klipik.rez in SourceAssetDB has modification time of '2026-09-13T20:03:34.1774037Z' while content on disk has modification time of '2026-09-13T20:13:31.7275097Z'
Number of updated asset objects reloaded before import = 0
Number of asset objects unloaded after import = 0
========================================================================
Received Import Request.
  Time since last request: 0.015858 seconds.
  path: Assets/StreamingAssets/klipik.rez
  artifactKey: Guid(c6703c17cc9a3ed4c85c64a4cc95ed5b) Importer(815301076,1909f56bfc062723c751e8b465ee728b)
Start importing Assets/StreamingAssets/klipik.rez using Guid(c6703c17cc9a3ed4c85c64a4cc95ed5b) Importer(815301076,1909f56bfc062723c751e8b465ee728b) [PhysX] Initialized MultithreadedTaskDispatcher with 16 workers.
 -> (artifact id: '00000000000000000000000000000000') in 0.001188 seconds
Import Error Code:(4)
Message: Build asset version error: assets/streamingassets/klipik.rez in SourceAssetDB has modification time of '2026-09-13T20:03:34.1774037Z' while content on disk has modification time of '2026-09-13T20:13:31.7275097Z'
  ERROR: Build asset version error: assets/streamingassets/klipik.rez in SourceAssetDB has modification time of '2026-09-13T20:03:34.1774037Z' while content on disk has modification time of '2026-09-13T20:13:31.7275097Z'
Number of updated asset objects reloaded before import = 0
Number of asset objects unloaded after import = 0
========================================================================
Received Import Request.
  Time since last request: 0.000931 seconds.
  path: Assets/StreamingAssets/klipik.rez
  artifactKey: Guid(c6703c17cc9a3ed4c85c64a4cc95ed5b) Importer(815301076,1909f56bfc062723c751e8b465ee728b)
Start importing Assets/StreamingAssets/klipik.rez using Guid(c6703c17cc9a3ed4c85c64a4cc95ed5b) Importer(815301076,1909f56bfc062723c751e8b465ee728b) [PhysX] Initialized MultithreadedTaskDispatcher with 16 workers.
 -> (artifact id: '00000000000000000000000000000000') in 0.001105 seconds
Import Error Code:(4)
Message: Build asset version error: assets/streamingassets/klipik.rez in SourceAssetDB has modification time of '2026-09-13T20:03:34.1774037Z' while content on disk has modification time of '2026-09-13T20:13:31.7275097Z'
  ERROR: Build asset version error: assets/streamingassets/klipik.rez in SourceAssetDB has modification time of '2026-09-13T20:03:34.1774037Z' while content on disk has modification time of '2026-09-13T20:13:31.7275097Z'
Number of updated asset objects reloaded before import = 0
Number of asset objects unloaded after import = 0
========================================================================
Received Import Request.
  Time since last request: 0.014737 seconds.
  path: Assets/StreamingAssets/klipik.rez
  artifactKey: Guid(c6703c17cc9a3ed4c85c64a4cc95ed5b) Importer(815301076,1909f56bfc062723c751e8b465ee728b)
Start importing Assets/StreamingAssets/klipik.rez using Guid(c6703c17cc9a3ed4c85c64a4cc95ed5b) Importer(815301076,1909f56bfc062723c751e8b465ee728b) [PhysX] Initialized MultithreadedTaskDispatcher with 16 workers.
 -> (artifact id: '00000000000000000000000000000000') in 0.001145 seconds
Import Error Code:(4)
Message: Build asset version error: assets/streamingassets/klipik.rez in SourceAssetDB has modification time of '2026-09-13T20:03:34.1774037Z' while content on disk has modification time of '2026-09-13T20:13:31.7275097Z'
  ERROR: Build asset version error: assets/streamingassets/klipik.rez in SourceAssetDB has modification time of '2026-09-13T20:03:34.1774037Z' while content on disk has modification time of '2026-09-13T20:13:31.7275097Z'
Number of updated asset objects reloaded before import = 0
Number of asset objects unloaded after import = 0
========================================================================
Received Import Request.
  Time since last request: 0.013859 seconds.
  path: Assets/StreamingAssets/klipik.rez
  artifactKey: Guid(c6703c17cc9a3ed4c85c64a4cc95ed5b) Importer(815301076,1909f56bfc062723c751e8b465ee728b)
Start importing Assets/StreamingAssets/klipik.rez using Guid(c6703c17cc9a3ed4c85c64a4cc95ed5b) Importer(815301076,1909f56bfc062723c751e8b465ee728b) [PhysX] Initialized MultithreadedTaskDispatcher with 16 workers.
 -> (artifact id: '00000000000000000000000000000000') in 0.001246 seconds
Import Error Code:(4)
Message: Build asset version error: assets/streamingassets/klipik.rez in SourceAssetDB has modification time of '2026-09-13T20:03:34.1774037Z' while content on disk has modification time of '2026-09-13T20:13:31.7275097Z'
  ERROR: Build asset version error: assets/streamingassets/klipik.rez in SourceAssetDB has modification time of '2026-09-13T20:03:34.1774037Z' while content on disk has modification time of '2026-09-13T20:13:31.7275097Z'
Number of updated asset objects reloaded before import = 0
Number of asset objects unloaded after import = 0
========================================================================
Received Import Request.
  Time since last request: 0.000721 seconds.
  path: Assets/StreamingAssets/klipik.rez
  artifactKey: Guid(c6703c17cc9a3ed4c85c64a4cc95ed5b) Importer(815301076,1909f56bfc062723c751e8b465ee728b)
Start importing Assets/StreamingAssets/klipik.rez using Guid(c6703c17cc9a3ed4c85c64a4cc95ed5b) Importer(815301076,1909f56bfc062723c751e8b465ee728b) [PhysX] Initialized MultithreadedTaskDispatcher with 16 workers.
 -> (artifact id: '00000000000000000000000000000000') in 0.001242 seconds
Import Error Code:(4)
Message: Build asset version error: assets/streamingassets/klipik.rez in SourceAssetDB has modification time of '2026-09-13T20:03:34.1774037Z' while content on disk has modification time of '2026-09-13T20:13:31.7275097Z'
  ERROR: Build asset version error: assets/streamingassets/klipik.rez in SourceAssetDB has modification time of '2026-09-13T20:03:34.1774037Z' while content on disk has modification time of '2026-09-13T20:13:31.7275097Z'
Number of updated asset objects reloaded before import = 0
Number of asset objects unloaded after import = 0
========================================================================
Received Import Request.
  Time since last request: 0.015883 seconds.
  path: Assets/StreamingAssets/klipik.rez
  artifactKey: Guid(c6703c17cc9a3ed4c85c64a4cc95ed5b) Importer(815301076,1909f56bfc062723c751e8b465ee728b)
Start importing Assets/StreamingAssets/klipik.rez using Guid(c6703c17cc9a3ed4c85c64a4cc95ed5b) Importer(815301076,1909f56bfc062723c751e8b465ee728b) [PhysX] Initialized MultithreadedTaskDispatcher with 16 workers.
 -> (artifact id: '00000000000000000000000000000000') in 0.001271 seconds
Import Error Code:(4)
Message: Build asset version error: assets/streamingassets/klipik.rez in SourceAssetDB has modification time of '2026-09-13T20:03:34.1774037Z' while content on disk has modification time of '2026-09-13T20:13:31.7275097Z'
  ERROR: Build asset version error: assets/streamingassets/klipik.rez in SourceAssetDB has modification time of '2026-09-13T20:03:34.1774037Z' while content on disk has modification time of '2026-09-13T20:13:31.7275097Z'
Number of updated asset objects reloaded before import = 0
Number of asset objects unloaded after import = 0
========================================================================
Received Import Request.
  Time since last request: 0.000839 seconds.
  path: Assets/StreamingAssets/klipik.rez
  artifactKey: Guid(c6703c17cc9a3ed4c85c64a4cc95ed5b) Importer(815301076,1909f56bfc062723c751e8b465ee728b)
Start importing Assets/StreamingAssets/klipik.rez using Guid(c6703c17cc9a3ed4c85c64a4cc95ed5b) Importer(815301076,1909f56bfc062723c751e8b465ee728b) [PhysX] Initialized MultithreadedTaskDispatcher with 16 workers.
 -> (artifact id: '00000000000000000000000000000000') in 0.001587 seconds
Import Error Code:(4)
Message: Build asset version error: assets/streamingassets/klipik.rez in SourceAssetDB has modification time of '2026-09-13T20:03:34.1774037Z' while content on disk has modification time of '2026-09-13T20:13:31.7275097Z'
  ERROR: Build asset version error: assets/streamingassets/klipik.rez in SourceAssetDB has modification time of '2026-09-13T20:03:34.1774037Z' while content on disk has modification time of '2026-09-13T20:13:31.7275097Z'
Number of updated asset objects reloaded before import = 0
Number of asset objects unloaded after import = 0
========================================================================
Received Import Request.
  Time since last request: 0.001094 seconds.
  path: Assets/StreamingAssets/klipik.rez
  artifactKey: Guid(c6703c17cc9a3ed4c85c64a4cc95ed5b) Importer(815301076,1909f56bfc062723c751e8b465ee728b)
Start importing Assets/StreamingAssets/klipik.rez using Guid(c6703c17cc9a3ed4c85c64a4cc95ed5b) Importer(815301076,1909f56bfc062723c751e8b465ee728b) [PhysX] Initialized MultithreadedTaskDispatcher with 16 workers.
 -> (artifact id: '00000000000000000000000000000000') in 0.001438 seconds
Import Error Code:(4)
Message: Build asset version error: assets/streamingassets/klipik.rez in SourceAssetDB has modification time of '2026-09-13T20:03:34.1774037Z' while content on disk has modification time of '2026-09-13T20:13:31.7275097Z'
  ERROR: Build asset version error: assets/streamingassets/klipik.rez in SourceAssetDB has modification time of '2026-09-13T20:03:34.1774037Z' while content on disk has modification time of '2026-09-13T20:13:31.7275097Z'
Number of updated asset objects reloaded before import = 0
Number of asset objects unloaded after import = 0
========================================================================
Received Import Request.
  Time since last request: 0.000912 seconds.
  path: Assets/StreamingAssets/klipik.rez
  artifactKey: Guid(c6703c17cc9a3ed4c85c64a4cc95ed5b) Importer(815301076,1909f56bfc062723c751e8b465ee728b)
Start importing Assets/StreamingAssets/klipik.rez using Guid(c6703c17cc9a3ed4c85c64a4cc95ed5b) Importer(815301076,1909f56bfc062723c751e8b465ee728b) [PhysX] Initialized MultithreadedTaskDispatcher with 16 workers.
 -> (artifact id: '00000000000000000000000000000000') in 0.001163 seconds
Import Error Code:(4)
Message: Build asset version error: assets/streamingassets/klipik.rez in SourceAssetDB has modification time of '2026-09-13T20:03:34.1774037Z' while content on disk has modification time of '2026-09-13T20:13:31.7275097Z'
  ERROR: Build asset version error: assets/streamingassets/klipik.rez in SourceAssetDB has modification time of '2026-09-13T20:03:34.1774037Z' while content on disk has modification time of '2026-09-13T20:13:31.7275097Z'
Number of updated asset objects reloaded before import = 0
Number of asset objects unloaded after import = 0
========================================================================
Received Import Request.
  Time since last request: 0.001223 seconds.
  path: Assets/StreamingAssets/klipik.rez
  artifactKey: Guid(c6703c17cc9a3ed4c85c64a4cc95ed5b) Importer(815301076,1909f56bfc062723c751e8b465ee728b)
Start importing Assets/StreamingAssets/klipik.rez using Guid(c6703c17cc9a3ed4c85c64a4cc95ed5b) Importer(815301076,1909f56bfc062723c751e8b465ee728b) [PhysX] Initialized MultithreadedTaskDispatcher with 16 workers.
 -> (artifact id: '00000000000000000000000000000000') in 0.001150 seconds
Import Error Code:(4)
Message: Build asset version error: assets/streamingassets/klipik.rez in SourceAssetDB has modification time of '2026-09-13T20:03:34.1774037Z' while content on disk has modification time of '2026-09-13T20:13:31.7275097Z'
  ERROR: Build asset version error: assets/streamingassets/klipik.rez in SourceAssetDB has modification time of '2026-09-13T20:03:34.1774037Z' while content on disk has modification time of '2026-09-13T20:13:31.7275097Z'
Number of updated asset objects reloaded before import = 0
Number of asset objects unloaded after import = 0
========================================================================
Received Import Request.
  Time since last request: 0.001241 seconds.
  path: Assets/StreamingAssets/klipik.rez
  artifactKey: Guid(c6703c17cc9a3ed4c85c64a4cc95ed5b) Importer(815301076,1909f56bfc062723c751e8b465ee728b)
Start importing Assets/StreamingAssets/klipik.rez using Guid(c6703c17cc9a3ed4c85c64a4cc95ed5b) Importer(815301076,1909f56bfc062723c751e8b465ee728b) [PhysX] Initialized MultithreadedTaskDispatcher with 16 workers.
 -> (artifact id: '00000000000000000000000000000000') in 0.001128 seconds
Import Error Code:(4)
Message: Build asset version error: assets/streamingassets/klipik.rez in SourceAssetDB has modification time of '2026-09-13T20:03:34.1774037Z' while content on disk has modification time of '2026-09-13T20:13:31.7275097Z'
  ERROR: Build asset version error: assets/streamingassets/klipik.rez in SourceAssetDB has modification time of '2026-09-13T20:03:34.1774037Z' while content on disk has modification time of '2026-09-13T20:13:31.7275097Z'
Number of updated asset objects reloaded before import = 0
Number of asset objects unloaded after import = 0
========================================================================
Received Import Request.
  Time since last request: 0.000531 seconds.
  path: Assets/StreamingAssets/klipik.rez
  artifactKey: Guid(c6703c17cc9a3ed4c85c64a4cc95ed5b) Importer(815301076,1909f56bfc062723c751e8b465ee728b)
Start importing Assets/StreamingAssets/klipik.rez using Guid(c6703c17cc9a3ed4c85c64a4cc95ed5b) Importer(815301076,1909f56bfc062723c751e8b465ee728b) [PhysX] Initialized MultithreadedTaskDispatcher with 16 workers.
 -> (artifact id: '00000000000000000000000000000000') in 0.001064 seconds
Import Error Code:(4)
Message: Build asset version error: assets/streamingassets/klipik.rez in SourceAssetDB has modification time of '2026-09-13T20:03:34.1774037Z' while content on disk has modification time of '2026-09-13T20:13:31.7275097Z'
  ERROR: Build asset version error: assets/streamingassets/klipik.rez in SourceAssetDB has modification time of '2026-09-13T20:03:34.1774037Z' while content on disk has modification time of '2026-09-13T20:13:31.7275097Z'
Number of updated asset objects reloaded before import = 0
Number of asset objects unloaded after import = 0
========================================================================
Received Import Request.
  Time since last request: 0.001451 seconds.
  path: Assets/StreamingAssets/klipik.rez
  artifactKey: Guid(c6703c17cc9a3ed4c85c64a4cc95ed5b) Importer(815301076,1909f56bfc062723c751e8b465ee728b)
Start importing Assets/StreamingAssets/klipik.rez using Guid(c6703c17cc9a3ed4c85c64a4cc95ed5b) Importer(815301076,1909f56bfc062723c751e8b465ee728b) [PhysX] Initialized MultithreadedTaskDispatcher with 16 workers.
 -> (artifact id: '00000000000000000000000000000000') in 0.001178 seconds
Import Error Code:(4)
Message: Build asset version error: assets/streamingassets/klipik.rez in SourceAssetDB has modification time of '2026-09-13T20:03:34.1774037Z' while content on disk has modification time of '2026-09-13T20:13:31.7275097Z'
  ERROR: Build asset version error: assets/streamingassets/klipik.rez in SourceAssetDB has modification time of '2026-09-13T20:03:34.1774037Z' while content on disk has modification time of '2026-09-13T20:13:31.7275097Z'
Number of updated asset objects reloaded before import = 0
Number of asset objects unloaded after import = 0
========================================================================
Received Import Request.
  Time since last request: 0.000856 seconds.
  path: Assets/StreamingAssets/klipik.rez
  artifactKey: Guid(c6703c17cc9a3ed4c85c64a4cc95ed5b) Importer(815301076,1909f56bfc062723c751e8b465ee728b)
Start importing Assets/StreamingAssets/klipik.rez using Guid(c6703c17cc9a3ed4c85c64a4cc95ed5b) Importer(815301076,1909f56bfc062723c751e8b465ee728b) [PhysX] Initialized MultithreadedTaskDispatcher with 16 workers.
 -> (artifact id: '00000000000000000000000000000000') in 0.001334 seconds
Import Error Code:(4)
Message: Build asset version error: assets/streamingassets/klipik.rez in SourceAssetDB has modification time of '2026-09-13T20:03:34.1774037Z' while content on disk has modification time of '2026-09-13T20:13:31.7275097Z'
  ERROR: Build asset version error: assets/streamingassets/klipik.rez in SourceAssetDB has modification time of '2026-09-13T20:03:34.1774037Z' while content on disk has modification time of '2026-09-13T20:13:31.7275097Z'
Number of updated asset objects reloaded before import = 0
Number of asset objects unloaded after import = 0
========================================================================
Received Import Request.
  Time since last request: 0.001197 seconds.
  path: Assets/StreamingAssets/klipik.rez
  artifactKey: Guid(c6703c17cc9a3ed4c85c64a4cc95ed5b) Importer(815301076,1909f56bfc062723c751e8b465ee728b)
Start importing Assets/StreamingAssets/klipik.rez using Guid(c6703c17cc9a3ed4c85c64a4cc95ed5b) Importer(815301076,1909f56bfc062723c751e8b465ee728b) [PhysX] Initialized MultithreadedTaskDispatcher with 16 workers.
 -> (artifact id: '00000000000000000000000000000000') in 0.001338 seconds
Import Error Code:(4)
Message: Build asset version error: assets/streamingassets/klipik.rez in SourceAssetDB has modification time of '2026-09-13T20:03:34.1774037Z' while content on disk has modification time of '2026-09-13T20:13:31.7275097Z'
  ERROR: Build asset version error: assets/streamingassets/klipik.rez in SourceAssetDB has modification time of '2026-09-13T20:03:34.1774037Z' while content on disk has modification time of '2026-09-13T20:13:31.7275097Z'
Number of updated asset objects reloaded before import = 0
Number of asset objects unloaded after import = 0
========================================================================
Received Import Request.
  Time since last request: 0.000905 seconds.
  path: Assets/StreamingAssets/klipik.rez
  artifactKey: Guid(c6703c17cc9a3ed4c85c64a4cc95ed5b) Importer(815301076,1909f56bfc062723c751e8b465ee728b)
Start importing Assets/StreamingAssets/klipik.rez using Guid(c6703c17cc9a3ed4c85c64a4cc95ed5b) Importer(815301076,1909f56bfc062723c751e8b465ee728b) [PhysX] Initialized MultithreadedTaskDispatcher with 16 workers.
 -> (artifact id: '00000000000000000000000000000000') in 0.001648 seconds
Import Error Code:(4)
Message: Build asset version error: assets/streamingassets/klipik.rez in SourceAssetDB has modification time of '2026-09-13T20:03:34.1774037Z' while content on disk has modification time of '2026-09-13T20:13:31.7275097Z'
  ERROR: Build asset version error: assets/streamingassets/klipik.rez in SourceAssetDB has modification time of '2026-09-13T20:03:34.1774037Z' while content on disk has modification time of '2026-09-13T20:13:31.7275097Z'
Number of updated asset objects reloaded before import = 0
Number of asset objects unloaded after import = 0
========================================================================
Received Import Request.
  Time since last request: 0.000997 seconds.
  path: Assets/StreamingAssets/klipik.rez
  artifactKey: Guid(c6703c17cc9a3ed4c85c64a4cc95ed5b) Importer(815301076,1909f56bfc062723c751e8b465ee728b)
Start importing Assets/StreamingAssets/klipik.rez using Guid(c6703c17cc9a3ed4c85c64a4cc95ed5b) Importer(815301076,1909f56bfc062723c751e8b465ee728b) [PhysX] Initialized MultithreadedTaskDispatcher with 16 workers.
 -> (artifact id: '00000000000000000000000000000000') in 0.001222 seconds
Import Error Code:(4)
Message: Build asset version error: assets/streamingassets/klipik.rez in SourceAssetDB has modification time of '2026-09-13T20:03:34.1774037Z' while content on disk has modification time of '2026-09-13T20:13:31.7275097Z'
  ERROR: Build asset version error: assets/streamingassets/klipik.rez in SourceAssetDB has modification time of '2026-09-13T20:03:34.1774037Z' while content on disk has modification time of '2026-09-13T20:13:31.7275097Z'
Number of updated asset objects reloaded before import = 0
Number of asset objects unloaded after import = 0
========================================================================
Received Import Request.
  Time since last request: 0.013883 seconds.
  path: Assets/StreamingAssets/klipik.rez
  artifactKey: Guid(c6703c17cc9a3ed4c85c64a4cc95ed5b) Importer(815301076,1909f56bfc062723c751e8b465ee728b)
Start importing Assets/StreamingAssets/klipik.rez using Guid(c6703c17cc9a3ed4c85c64a4cc95ed5b) Importer(815301076,1909f56bfc062723c751e8b465ee728b) [PhysX] Initialized MultithreadedTaskDispatcher with 16 workers.
 -> (artifact id: '00000000000000000000000000000000') in 0.001483 seconds
Import Error Code:(4)
Message: Build asset version error: assets/streamingassets/klipik.rez in SourceAssetDB has modification time of '2026-09-13T20:03:34.1774037Z' while content on disk has modification time of '2026-09-13T20:13:31.7275097Z'
  ERROR: Build asset version error: assets/streamingassets/klipik.rez in SourceAssetDB has modification time of '2026-09-13T20:03:34.1774037Z' while content on disk has modification time of '2026-09-13T20:13:31.7275097Z'
Number of updated asset objects reloaded before import = 0
Number of asset objects unloaded after import = 0
========================================================================
Received Import Request.
  Time since last request: 0.000380 seconds.
  path: Assets/StreamingAssets/klipik.rez
  artifactKey: Guid(c6703c17cc9a3ed4c85c64a4cc95ed5b) Importer(815301076,1909f56bfc062723c751e8b465ee728b)
Start importing Assets/StreamingAssets/klipik.rez using Guid(c6703c17cc9a3ed4c85c64a4cc95ed5b) Importer(815301076,1909f56bfc062723c751e8b465ee728b) [PhysX] Initialized MultithreadedTaskDispatcher with 16 workers.
 -> (artifact id: '00000000000000000000000000000000') in 0.001409 seconds
Import Error Code:(4)
Message: Build asset version error: assets/streamingassets/klipik.rez in SourceAssetDB has modification time of '2026-09-13T20:03:34.1774037Z' while content on disk has modification time of '2026-09-13T20:13:31.7275097Z'
  ERROR: Build asset version error: assets/streamingassets/klipik.rez in SourceAssetDB has modification time of '2026-09-13T20:03:34.1774037Z' while content on disk has modification time of '2026-09-13T20:13:31.7275097Z'
Number of updated asset objects reloaded before import = 0
Number of asset objects unloaded after import = 0
========================================================================
Received Import Request.
  Time since last request: 0.015079 seconds.
  path: Assets/StreamingAssets/klipik.rez
  artifactKey: Guid(c6703c17cc9a3ed4c85c64a4cc95ed5b) Importer(815301076,1909f56bfc062723c751e8b465ee728b)
Start importing Assets/StreamingAssets/klipik.rez using Guid(c6703c17cc9a3ed4c85c64a4cc95ed5b) Importer(815301076,1909f56bfc062723c751e8b465ee728b) [PhysX] Initialized MultithreadedTaskDispatcher with 16 workers.
 -> (artifact id: '00000000000000000000000000000000') in 0.001147 seconds
Import Error Code:(4)
Message: Build asset version error: assets/streamingassets/klipik.rez in SourceAssetDB has modification time of '2026-09-13T20:03:34.1774037Z' while content on disk has modification time of '2026-09-13T20:13:31.7275097Z'
  ERROR: Build asset version error: assets/streamingassets/klipik.rez in SourceAssetDB has modification time of '2026-09-13T20:03:34.1774037Z' while content on disk has modification time of '2026-09-13T20:13:31.7275097Z'
Number of updated asset objects reloaded before import = 0
Number of asset objects unloaded after import = 0
========================================================================
Received Import Request.
  Time since last request: 0.001127 seconds.
  path: Assets/StreamingAssets/klipik.rez
  artifactKey: Guid(c6703c17cc9a3ed4c85c64a4cc95ed5b) Importer(815301076,1909f56bfc062723c751e8b465ee728b)
Start importing Assets/StreamingAssets/klipik.rez using Guid(c6703c17cc9a3ed4c85c64a4cc95ed5b) Importer(815301076,1909f56bfc062723c751e8b465ee728b) [PhysX] Initialized MultithreadedTaskDispatcher with 16 workers.
 -> (artifact id: '00000000000000000000000000000000') in 0.001054 seconds
Import Error Code:(4)
Message: Build asset version error: assets/streamingassets/klipik.rez in SourceAssetDB has modification time of '2026-09-13T20:03:34.1774037Z' while content on disk has modification time of '2026-09-13T20:13:31.7275097Z'
  ERROR: Build asset version error: assets/streamingassets/klipik.rez in SourceAssetDB has modification time of '2026-09-13T20:03:34.1774037Z' while content on disk has modification time of '2026-09-13T20:13:31.7275097Z'
Number of updated asset objects reloaded before import = 0
Number of asset objects unloaded after import = 0
========================================================================
Received Import Request.
  Time since last request: 0.014008 seconds.
  path: Assets/StreamingAssets/klipik.rez
  artifactKey: Guid(c6703c17cc9a3ed4c85c64a4cc95ed5b) Importer(815301076,1909f56bfc062723c751e8b465ee728b)
Start importing Assets/StreamingAssets/klipik.rez using Guid(c6703c17cc9a3ed4c85c64a4cc95ed5b) Importer(815301076,1909f56bfc062723c751e8b465ee728b) [PhysX] Initialized MultithreadedTaskDispatcher with 16 workers.
 -> (artifact id: '00000000000000000000000000000000') in 0.001453 seconds
Import Error Code:(4)
Message: Build asset version error: assets/streamingassets/klipik.rez in SourceAssetDB has modification time of '2026-09-13T20:03:34.1774037Z' while content on disk has modification time of '2026-09-13T20:13:31.7275097Z'
  ERROR: Build asset version error: assets/streamingassets/klipik.rez in SourceAssetDB has modification time of '2026-09-13T20:03:34.1774037Z' while content on disk has modification time of '2026-09-13T20:13:31.7275097Z'
Number of updated asset objects reloaded before import = 0
Number of asset objects unloaded after import = 0
========================================================================
Received Import Request.
  Time since last request: 0.016277 seconds.
  path: Assets/StreamingAssets/klipik.rez
  artifactKey: Guid(c6703c17cc9a3ed4c85c64a4cc95ed5b) Importer(815301076,1909f56bfc062723c751e8b465ee728b)
Start importing Assets/StreamingAssets/klipik.rez using Guid(c6703c17cc9a3ed4c85c64a4cc95ed5b) Importer(815301076,1909f56bfc062723c751e8b465ee728b) [PhysX] Initialized MultithreadedTaskDispatcher with 16 workers.
 -> (artifact id: '00000000000000000000000000000000') in 0.001329 seconds
Import Error Code:(4)
Message: Build asset version error: assets/streamingassets/klipik.rez in SourceAssetDB has modification time of '2026-09-13T20:03:34.1774037Z' while content on disk has modification time of '2026-09-13T20:13:31.7275097Z'
  ERROR: Build asset version error: assets/streamingassets/klipik.rez in SourceAssetDB has modification time of '2026-09-13T20:03:34.1774037Z' while content on disk has modification time of '2026-09-13T20:13:31.7275097Z'
Number of updated asset objects reloaded before import = 0
Number of asset objects unloaded after import = 0
========================================================================
Received Import Request.
  Time since last request: 0.015214 seconds.
  path: Assets/StreamingAssets/klipik.rez
  artifactKey: Guid(c6703c17cc9a3ed4c85c64a4cc95ed5b) Importer(815301076,1909f56bfc062723c751e8b465ee728b)
Start importing Assets/StreamingAssets/klipik.rez using Guid(c6703c17cc9a3ed4c85c64a4cc95ed5b) Importer(815301076,1909f56bfc062723c751e8b465ee728b) [PhysX] Initialized MultithreadedTaskDispatcher with 16 workers.
 -> (artifact id: '00000000000000000000000000000000') in 0.001370 seconds
Import Error Code:(4)
Message: Build asset version error: assets/streamingassets/klipik.rez in SourceAssetDB has modification time of '2026-09-13T20:03:34.1774037Z' while content on disk has modification time of '2026-09-13T20:13:31.7275097Z'
  ERROR: Build asset version error: assets/streamingassets/klipik.rez in SourceAssetDB has modification time of '2026-09-13T20:03:34.1774037Z' while content on disk has modification time of '2026-09-13T20:13:31.7275097Z'
Number of updated asset objects reloaded before import = 0
Number of asset objects unloaded after import = 0
========================================================================
Received Import Request.
  Time since last request: 0.013830 seconds.
  path: Assets/StreamingAssets/klipik.rez
  artifactKey: Guid(c6703c17cc9a3ed4c85c64a4cc95ed5b) Importer(815301076,1909f56bfc062723c751e8b465ee728b)
Start importing Assets/StreamingAssets/klipik.rez using Guid(c6703c17cc9a3ed4c85c64a4cc95ed5b) Importer(815301076,1909f56bfc062723c751e8b465ee728b) [PhysX] Initialized MultithreadedTaskDispatcher with 16 workers.
 -> (artifact id: '00000000000000000000000000000000') in 0.001156 seconds
Import Error Code:(4)
Message: Build asset version error: assets/streamingassets/klipik.rez in SourceAssetDB has modification time of '2026-09-13T20:03:34.1774037Z' while content on disk has modification time of '2026-09-13T20:13:31.7275097Z'
  ERROR: Build asset version error: assets/streamingassets/klipik.rez in SourceAssetDB has modification time of '2026-09-13T20:03:34.1774037Z' while content on disk has modification time of '2026-09-13T20:13:31.7275097Z'
Number of updated asset objects reloaded before import = 0
Number of asset objects unloaded after import = 0
========================================================================
Received Import Request.
  Time since last request: 0.018762 seconds.
  path: Assets/StreamingAssets/klipik.rez
  artifactKey: Guid(c6703c17cc9a3ed4c85c64a4cc95ed5b) Importer(815301076,1909f56bfc062723c751e8b465ee728b)
Start importing Assets/StreamingAssets/klipik.rez using Guid(c6703c17cc9a3ed4c85c64a4cc95ed5b) Importer(815301076,1909f56bfc062723c751e8b465ee728b) [PhysX] Initialized MultithreadedTaskDispatcher with 16 workers.
 -> (artifact id: '00000000000000000000000000000000') in 0.001968 seconds
Import Error Code:(4)
Message: Build asset version error: assets/streamingassets/klipik.rez in SourceAssetDB has modification time of '2026-09-13T20:03:34.1774037Z' while content on disk has modification time of '2026-09-13T20:13:31.7275097Z'
  ERROR: Build asset version error: assets/streamingassets/klipik.rez in SourceAssetDB has modification time of '2026-09-13T20:03:34.1774037Z' while content on disk has modification time of '2026-09-13T20:13:31.7275097Z'
Number of updated asset objects reloaded before import = 0
Number of asset objects unloaded after import = 0
========================================================================
Received Import Request.
  Time since last request: 0.000431 seconds.
  path: Assets/StreamingAssets/klipik.rez
  artifactKey: Guid(c6703c17cc9a3ed4c85c64a4cc95ed5b) Importer(815301076,1909f56bfc062723c751e8b465ee728b)
Start importing Assets/StreamingAssets/klipik.rez using Guid(c6703c17cc9a3ed4c85c64a4cc95ed5b) Importer(815301076,1909f56bfc062723c751e8b465ee728b) [PhysX] Initialized MultithreadedTaskDispatcher with 16 workers.
 -> (artifact id: '00000000000000000000000000000000') in 0.001127 seconds
Import Error Code:(4)
Message: Build asset version error: assets/streamingassets/klipik.rez in SourceAssetDB has modification time of '2026-09-13T20:03:34.1774037Z' while content on disk has modification time of '2026-09-13T20:13:31.7275097Z'
  ERROR: Build asset version error: assets/streamingassets/klipik.rez in SourceAssetDB has modification time of '2026-09-13T20:03:34.1774037Z' while content on disk has modification time of '2026-09-13T20:13:31.7275097Z'
Number of updated asset objects reloaded before import = 0
Number of asset objects unloaded after import = 0
========================================================================
Received Import Request.
  Time since last request: 0.014237 seconds.
  path: Assets/StreamingAssets/klipik.rez
  artifactKey: Guid(c6703c17cc9a3ed4c85c64a4cc95ed5b) Importer(815301076,1909f56bfc062723c751e8b465ee728b)
Start importing Assets/StreamingAssets/klipik.rez using Guid(c6703c17cc9a3ed4c85c64a4cc95ed5b) Importer(815301076,1909f56bfc062723c751e8b465ee728b) [PhysX] Initialized MultithreadedTaskDispatcher with 16 workers.
 -> (artifact id: '00000000000000000000000000000000') in 0.001180 seconds
Import Error Code:(4)
Message: Build asset version error: assets/streamingassets/klipik.rez in SourceAssetDB has modification time of '2026-09-13T20:03:34.1774037Z' while content on disk has modification time of '2026-09-13T20:13:31.7275097Z'
  ERROR: Build asset version error: assets/streamingassets/klipik.rez in SourceAssetDB has modification time of '2026-09-13T20:03:34.1774037Z' while content on disk has modification time of '2026-09-13T20:13:31.7275097Z'
Number of updated asset objects reloaded before import = 0
Number of asset objects unloaded after import = 0
========================================================================
Received Import Request.
  Time since last request: 0.014386 seconds.
  path: Assets/StreamingAssets/klipik.rez
  artifactKey: Guid(c6703c17cc9a3ed4c85c64a4cc95ed5b) Importer(815301076,1909f56bfc062723c751e8b465ee728b)
Start importing Assets/StreamingAssets/klipik.rez using Guid(c6703c17cc9a3ed4c85c64a4cc95ed5b) Importer(815301076,1909f56bfc062723c751e8b465ee728b) [PhysX] Initialized MultithreadedTaskDispatcher with 16 workers.
 -> (artifact id: '00000000000000000000000000000000') in 0.001164 seconds
Import Error Code:(4)
Message: Build asset version error: assets/streamingassets/klipik.rez in SourceAssetDB has modification time of '2026-09-13T20:03:34.1774037Z' while content on disk has modification time of '2026-09-13T20:13:31.7275097Z'
  ERROR: Build asset version error: assets/streamingassets/klipik.rez in SourceAssetDB has modification time of '2026-09-13T20:03:34.1774037Z' while content on disk has modification time of '2026-09-13T20:13:31.7275097Z'
Number of updated asset objects reloaded before import = 0
Number of asset objects unloaded after import = 0
========================================================================
Received Import Request.
  Time since last request: 0.013736 seconds.
  path: Assets/StreamingAssets/klipik.rez
  artifactKey: Guid(c6703c17cc9a3ed4c85c64a4cc95ed5b) Importer(815301076,1909f56bfc062723c751e8b465ee728b)
Start importing Assets/StreamingAssets/klipik.rez using Guid(c6703c17cc9a3ed4c85c64a4cc95ed5b) Importer(815301076,1909f56bfc062723c751e8b465ee728b) [PhysX] Initialized MultithreadedTaskDispatcher with 16 workers.
 -> (artifact id: '00000000000000000000000000000000') in 0.001143 seconds
Import Error Code:(4)
Message: Build asset version error: assets/streamingassets/klipik.rez in SourceAssetDB has modification time of '2026-09-13T20:03:34.1774037Z' while content on disk has modification time of '2026-09-13T20:13:31.7275097Z'
  ERROR: Build asset version error: assets/streamingassets/klipik.rez in SourceAssetDB has modification time of '2026-09-13T20:03:34.1774037Z' while content on disk has modification time of '2026-09-13T20:13:31.7275097Z'
Number of updated asset objects reloaded before import = 0
Number of asset objects unloaded after import = 0
========================================================================
Received Import Request.
  Time since last request: 0.013698 seconds.
  path: Assets/StreamingAssets/klipik.rez
  artifactKey: Guid(c6703c17cc9a3ed4c85c64a4cc95ed5b) Importer(815301076,1909f56bfc062723c751e8b465ee728b)
Start importing Assets/StreamingAssets/klipik.rez using Guid(c6703c17cc9a3ed4c85c64a4cc95ed5b) Importer(815301076,1909f56bfc062723c751e8b465ee728b) [PhysX] Initialized MultithreadedTaskDispatcher with 16 workers.
 -> (artifact id: '00000000000000000000000000000000') in 0.001176 seconds
Import Error Code:(4)
Message: Build asset version error: assets/streamingassets/klipik.rez in SourceAssetDB has modification time of '2026-09-13T20:03:34.1774037Z' while content on disk has modification time of '2026-09-13T20:13:31.7275097Z'
  ERROR: Build asset version error: assets/streamingassets/klipik.rez in SourceAssetDB has modification time of '2026-09-13T20:03:34.1774037Z' while content on disk has modification time of '2026-09-13T20:13:31.7275097Z'
Number of updated asset objects reloaded before import = 0
Number of asset objects unloaded after import = 0
========================================================================
Received Import Request.
  Time since last request: 0.000581 seconds.
  path: Assets/StreamingAssets/klipik.rez
  artifactKey: Guid(c6703c17cc9a3ed4c85c64a4cc95ed5b) Importer(815301076,1909f56bfc062723c751e8b465ee728b)
Start importing Assets/StreamingAssets/klipik.rez using Guid(c6703c17cc9a3ed4c85c64a4cc95ed5b) Importer(815301076,1909f56bfc062723c751e8b465ee728b) [PhysX] Initialized MultithreadedTaskDispatcher with 16 workers.
 -> (artifact id: '00000000000000000000000000000000') in 0.001645 seconds
Import Error Code:(4)
Message: Build asset version error: assets/streamingassets/klipik.rez in SourceAssetDB has modification time of '2026-09-13T20:03:34.1774037Z' while content on disk has modification time of '2026-09-13T20:13:31.7275097Z'
  ERROR: Build asset version error: assets/streamingassets/klipik.rez in SourceAssetDB has modification time of '2026-09-13T20:03:34.1774037Z' while content on disk has modification time of '2026-09-13T20:13:31.7275097Z'
Number of updated asset objects reloaded before import = 0
Number of asset objects unloaded after import = 0
========================================================================
Received Import Request.
  Time since last request: 0.000898 seconds.
  path: Assets/StreamingAssets/klipik.rez
  artifactKey: Guid(c6703c17cc9a3ed4c85c64a4cc95ed5b) Importer(815301076,1909f56bfc062723c751e8b465ee728b)
Start importing Assets/StreamingAssets/klipik.rez using Guid(c6703c17cc9a3ed4c85c64a4cc95ed5b) Importer(815301076,1909f56bfc062723c751e8b465ee728b) [PhysX] Initialized MultithreadedTaskDispatcher with 16 workers.
 -> (artifact id: '00000000000000000000000000000000') in 0.001072 seconds
Import Error Code:(4)
Message: Build asset version error: assets/streamingassets/klipik.rez in SourceAssetDB has modification time of '2026-09-13T20:03:34.1774037Z' while content on disk has modification time of '2026-09-13T20:13:31.7275097Z'
  ERROR: Build asset version error: assets/streamingassets/klipik.rez in SourceAssetDB has modification time of '2026-09-13T20:03:34.1774037Z' while content on disk has modification time of '2026-09-13T20:13:31.7275097Z'
Number of updated asset objects reloaded before import = 0
Number of asset objects unloaded after import = 0
========================================================================
Received Import Request.
  Time since last request: 0.001303 seconds.
  path: Assets/StreamingAssets/klipik.rez
  artifactKey: Guid(c6703c17cc9a3ed4c85c64a4cc95ed5b) Importer(815301076,1909f56bfc062723c751e8b465ee728b)
Start importing Assets/StreamingAssets/klipik.rez using Guid(c6703c17cc9a3ed4c85c64a4cc95ed5b) Importer(815301076,1909f56bfc062723c751e8b465ee728b) [PhysX] Initialized MultithreadedTaskDispatcher with 16 workers.
 -> (artifact id: '00000000000000000000000000000000') in 0.001213 seconds
Import Error Code:(4)
Message: Build asset version error: assets/streamingassets/klipik.rez in SourceAssetDB has modification time of '2026-09-13T20:03:34.1774037Z' while content on disk has modification time of '2026-09-13T20:13:31.7275097Z'
  ERROR: Build asset version error: assets/streamingassets/klipik.rez in SourceAssetDB has modification time of '2026-09-13T20:03:34.1774037Z' while content on disk has modification time of '2026-09-13T20:13:31.7275097Z'
Number of updated asset objects reloaded before import = 0
Number of asset objects unloaded after import = 0
========================================================================
Received Import Request.
  Time since last request: 0.014500 seconds.
  path: Assets/StreamingAssets/klipik.rez
  artifactKey: Guid(c6703c17cc9a3ed4c85c64a4cc95ed5b) Importer(815301076,1909f56bfc062723c751e8b465ee728b)
Start importing Assets/StreamingAssets/klipik.rez using Guid(c6703c17cc9a3ed4c85c64a4cc95ed5b) Importer(815301076,1909f56bfc062723c751e8b465ee728b) [PhysX] Initialized MultithreadedTaskDispatcher with 16 workers.
 -> (artifact id: '00000000000000000000000000000000') in 0.001086 seconds
Import Error Code:(4)
Message: Build asset version error: assets/streamingassets/klipik.rez in SourceAssetDB has modification time of '2026-09-13T20:03:34.1774037Z' while content on disk has modification time of '2026-09-13T20:13:31.7275097Z'
  ERROR: Build asset version error: assets/streamingassets/klipik.rez in SourceAssetDB has modification time of '2026-09-13T20:03:34.1774037Z' while content on disk has modification time of '2026-09-13T20:13:31.7275097Z'
Number of updated asset objects reloaded before import = 0
Number of asset objects unloaded after import = 0
========================================================================
Received Import Request.
  Time since last request: 0.014202 seconds.
  path: Assets/StreamingAssets/klipik.rez
  artifactKey: Guid(c6703c17cc9a3ed4c85c64a4cc95ed5b) Importer(815301076,1909f56bfc062723c751e8b465ee728b)
Start importing Assets/StreamingAssets/klipik.rez using Guid(c6703c17cc9a3ed4c85c64a4cc95ed5b) Importer(815301076,1909f56bfc062723c751e8b465ee728b) [PhysX] Initialized MultithreadedTaskDispatcher with 16 workers.
 -> (artifact id: '00000000000000000000000000000000') in 0.001130 seconds
Import Error Code:(4)
Message: Build asset version error: assets/streamingassets/klipik.rez in SourceAssetDB has modification time of '2026-09-13T20:03:34.1774037Z' while content on disk has modification time of '2026-09-13T20:13:31.7275097Z'
  ERROR: Build asset version error: assets/streamingassets/klipik.rez in SourceAssetDB has modification time of '2026-09-13T20:03:34.1774037Z' while content on disk has modification time of '2026-09-13T20:13:31.7275097Z'
Number of updated asset objects reloaded before import = 0
Number of asset objects unloaded after import = 0
========================================================================
Received Import Request.
  Time since last request: 0.014301 seconds.
  path: Assets/StreamingAssets/klipik.rez
  artifactKey: Guid(c6703c17cc9a3ed4c85c64a4cc95ed5b) Importer(815301076,1909f56bfc062723c751e8b465ee728b)
Start importing Assets/StreamingAssets/klipik.rez using Guid(c6703c17cc9a3ed4c85c64a4cc95ed5b) Importer(815301076,1909f56bfc062723c751e8b465ee728b) [PhysX] Initialized MultithreadedTaskDispatcher with 16 workers.
 -> (artifact id: '00000000000000000000000000000000') in 0.001252 seconds
Import Error Code:(4)
Message: Build asset version error: assets/streamingassets/klipik.rez in SourceAssetDB has modification time of '2026-09-13T20:03:34.1774037Z' while content on disk has modification time of '2026-09-13T20:13:31.7275097Z'
  ERROR: Build asset version error: assets/streamingassets/klipik.rez in SourceAssetDB has modification time of '2026-09-13T20:03:34.1774037Z' while content on disk has modification time of '2026-09-13T20:13:31.7275097Z'
Number of updated asset objects reloaded before import = 0
Number of asset objects unloaded after import = 0
========================================================================
Received Import Request.
  Time since last request: 0.000788 seconds.
  path: Assets/StreamingAssets/klipik.rez
  artifactKey: Guid(c6703c17cc9a3ed4c85c64a4cc95ed5b) Importer(815301076,1909f56bfc062723c751e8b465ee728b)
Start importing Assets/StreamingAssets/klipik.rez using Guid(c6703c17cc9a3ed4c85c64a4cc95ed5b) Importer(815301076,1909f56bfc062723c751e8b465ee728b) [PhysX] Initialized MultithreadedTaskDispatcher with 16 workers.
 -> (artifact id: '00000000000000000000000000000000') in 0.001488 seconds
Import Error Code:(4)
Message: Build asset version error: assets/streamingassets/klipik.rez in SourceAssetDB has modification time of '2026-09-13T20:03:34.1774037Z' while content on disk has modification time of '2026-09-13T20:13:31.7275097Z'
  ERROR: Build asset version error: assets/streamingassets/klipik.rez in SourceAssetDB has modification time of '2026-09-13T20:03:34.1774037Z' while content on disk has modification time of '2026-09-13T20:13:31.7275097Z'
Number of updated asset objects reloaded before import = 0
Number of asset objects unloaded after import = 0
========================================================================
Received Import Request.
  Time since last request: 0.013965 seconds.
  path: Assets/StreamingAssets/klipik.rez
  artifactKey: Guid(c6703c17cc9a3ed4c85c64a4cc95ed5b) Importer(815301076,1909f56bfc062723c751e8b465ee728b)
Start importing Assets/StreamingAssets/klipik.rez using Guid(c6703c17cc9a3ed4c85c64a4cc95ed5b) Importer(815301076,1909f56bfc062723c751e8b465ee728b) [PhysX] Initialized MultithreadedTaskDispatcher with 16 workers.
 -> (artifact id: '00000000000000000000000000000000') in 0.001195 seconds
Import Error Code:(4)
Message: Build asset version error: assets/streamingassets/klipik.rez in SourceAssetDB has modification time of '2026-09-13T20:03:34.1774037Z' while content on disk has modification time of '2026-09-13T20:13:31.7275097Z'
  ERROR: Build asset version error: assets/streamingassets/klipik.rez in SourceAssetDB has modification time of '2026-09-13T20:03:34.1774037Z' while content on disk has modification time of '2026-09-13T20:13:31.7275097Z'
Number of updated asset objects reloaded before import = 0
Number of asset objects unloaded after import = 0
========================================================================
Received Import Request.
  Time since last request: 0.013460 seconds.
  path: Assets/StreamingAssets/klipik.rez
  artifactKey: Guid(c6703c17cc9a3ed4c85c64a4cc95ed5b) Importer(815301076,1909f56bfc062723c751e8b465ee728b)
Start importing Assets/StreamingAssets/klipik.rez using Guid(c6703c17cc9a3ed4c85c64a4cc95ed5b) Importer(815301076,1909f56bfc062723c751e8b465ee728b) [PhysX] Initialized MultithreadedTaskDispatcher with 16 workers.
 -> (artifact id: '00000000000000000000000000000000') in 0.001122 seconds
Import Error Code:(4)
Message: Build asset version error: assets/streamingassets/klipik.rez in SourceAssetDB has modification time of '2026-09-13T20:03:34.1774037Z' while content on disk has modification time of '2026-09-13T20:13:31.7275097Z'
  ERROR: Build asset version error: assets/streamingassets/klipik.rez in SourceAssetDB has modification time of '2026-09-13T20:03:34.1774037Z' while content on disk has modification time of '2026-09-13T20:13:31.7275097Z'
Number of updated asset objects reloaded before import = 0
Number of asset objects unloaded after import = 0
========================================================================
Received Import Request.
  Time since last request: 0.026869 seconds.
  path: Assets/StreamingAssets/klipik.rez
  artifactKey: Guid(c6703c17cc9a3ed4c85c64a4cc95ed5b) Importer(815301076,1909f56bfc062723c751e8b465ee728b)
Start importing Assets/StreamingAssets/klipik.rez using Guid(c6703c17cc9a3ed4c85c64a4cc95ed5b) Importer(815301076,1909f56bfc062723c751e8b465ee728b) [PhysX] Initialized MultithreadedTaskDispatcher with 16 workers.
 -> (artifact id: '00000000000000000000000000000000') in 0.001992 seconds
Import Error Code:(4)
Message: Build asset version error: assets/streamingassets/klipik.rez in SourceAssetDB has modification time of '2026-09-13T20:03:34.1774037Z' while content on disk has modification time of '2026-09-13T20:13:31.7275097Z'
  ERROR: Build asset version error: assets/streamingassets/klipik.rez in SourceAssetDB has modification time of '2026-09-13T20:03:34.1774037Z' while content on disk has modification time of '2026-09-13T20:13:31.7275097Z'
Number of updated asset objects reloaded before import = 0
Number of asset objects unloaded after import = 0
========================================================================
Received Import Request.
  Time since last request: 0.017293 seconds.
  path: Assets/StreamingAssets/klipik.rez
  artifactKey: Guid(c6703c17cc9a3ed4c85c64a4cc95ed5b) Importer(815301076,1909f56bfc062723c751e8b465ee728b)
Start importing Assets/StreamingAssets/klipik.rez using Guid(c6703c17cc9a3ed4c85c64a4cc95ed5b) Importer(815301076,1909f56bfc062723c751e8b465ee728b) [PhysX] Initialized MultithreadedTaskDispatcher with 16 workers.
 -> (artifact id: '00000000000000000000000000000000') in 0.001249 seconds
Import Error Code:(4)
Message: Build asset version error: assets/streamingassets/klipik.rez in SourceAssetDB has modification time of '2026-09-13T20:03:34.1774037Z' while content on disk has modification time of '2026-09-13T20:13:31.7275097Z'
  ERROR: Build asset version error: assets/streamingassets/klipik.rez in SourceAssetDB has modification time of '2026-09-13T20:03:34.1774037Z' while content on disk has modification time of '2026-09-13T20:13:31.7275097Z'
Number of updated asset objects reloaded before import = 0
Number of asset objects unloaded after import = 0
========================================================================
Received Import Request.
  Time since last request: 0.017525 seconds.
  path: Assets/StreamingAssets/klipik.rez
  artifactKey: Guid(c6703c17cc9a3ed4c85c64a4cc95ed5b) Importer(815301076,1909f56bfc062723c751e8b465ee728b)
Start importing Assets/StreamingAssets/klipik.rez using Guid(c6703c17cc9a3ed4c85c64a4cc95ed5b) Importer(815301076,1909f56bfc062723c751e8b465ee728b) [PhysX] Initialized MultithreadedTaskDispatcher with 16 workers.
 -> (artifact id: '00000000000000000000000000000000') in 0.001252 seconds
Import Error Code:(4)
Message: Build asset version error: assets/streamingassets/klipik.rez in SourceAssetDB has modification time of '2026-09-13T20:03:34.1774037Z' while content on disk has modification time of '2026-09-13T20:13:31.7275097Z'
  ERROR: Build asset version error: assets/streamingassets/klipik.rez in SourceAssetDB has modification time of '2026-09-13T20:03:34.1774037Z' while content on disk has modification time of '2026-09-13T20:13:31.7275097Z'
Number of updated asset objects reloaded before import = 0
Number of asset objects unloaded after import = 0
========================================================================
Received Import Request.
  Time since last request: 0.001645 seconds.
  path: Assets/StreamingAssets/klipik.rez
  artifactKey: Guid(c6703c17cc9a3ed4c85c64a4cc95ed5b) Importer(815301076,1909f56bfc062723c751e8b465ee728b)
Start importing Assets/StreamingAssets/klipik.rez using Guid(c6703c17cc9a3ed4c85c64a4cc95ed5b) Importer(815301076,1909f56bfc062723c751e8b465ee728b) [PhysX] Initialized MultithreadedTaskDispatcher with 16 workers.
 -> (artifact id: '00000000000000000000000000000000') in 0.001441 seconds
Import Error Code:(4)
Message: Build asset version error: assets/streamingassets/klipik.rez in SourceAssetDB has modification time of '2026-09-13T20:03:34.1774037Z' while content on disk has modification time of '2026-09-13T20:13:31.7275097Z'
  ERROR: Build asset version error: assets/streamingassets/klipik.rez in SourceAssetDB has modification time of '2026-09-13T20:03:34.1774037Z' while content on disk has modification time of '2026-09-13T20:13:31.7275097Z'
Number of updated asset objects reloaded before import = 0
Number of asset objects unloaded after import = 0
========================================================================
Received Import Request.
  Time since last request: 0.000107 seconds.
  path: Assets/StreamingAssets/klipik.rez
  artifactKey: Guid(c6703c17cc9a3ed4c85c64a4cc95ed5b) Importer(815301076,1909f56bfc062723c751e8b465ee728b)
Start importing Assets/StreamingAssets/klipik.rez using Guid(c6703c17cc9a3ed4c85c64a4cc95ed5b) Importer(815301076,1909f56bfc062723c751e8b465ee728b) [PhysX] Initialized MultithreadedTaskDispatcher with 16 workers.
 -> (artifact id: '00000000000000000000000000000000') in 0.001136 seconds
Import Error Code:(4)
Message: Build asset version error: assets/streamingassets/klipik.rez in SourceAssetDB has modification time of '2026-09-13T20:03:34.1774037Z' while content on disk has modification time of '2026-09-13T20:13:31.7275097Z'
  ERROR: Build asset version error: assets/streamingassets/klipik.rez in SourceAssetDB has modification time of '2026-09-13T20:03:34.1774037Z' while content on disk has modification time of '2026-09-13T20:13:31.7275097Z'
Number of updated asset objects reloaded before import = 0
Number of asset objects unloaded after import = 0
========================================================================
Received Import Request.
  Time since last request: 0.016661 seconds.
  path: Assets/StreamingAssets/klipik.rez
  artifactKey: Guid(c6703c17cc9a3ed4c85c64a4cc95ed5b) Importer(815301076,1909f56bfc062723c751e8b465ee728b)
Start importing Assets/StreamingAssets/klipik.rez using Guid(c6703c17cc9a3ed4c85c64a4cc95ed5b) Importer(815301076,1909f56bfc062723c751e8b465ee728b) [PhysX] Initialized MultithreadedTaskDispatcher with 16 workers.
 -> (artifact id: '00000000000000000000000000000000') in 0.001221 seconds
Import Error Code:(4)
Message: Build asset version error: assets/streamingassets/klipik.rez in SourceAssetDB has modification time of '2026-09-13T20:03:34.1774037Z' while content on disk has modification time of '2026-09-13T20:13:31.7275097Z'
  ERROR: Build asset version error: assets/streamingassets/klipik.rez in SourceAssetDB has modification time of '2026-09-13T20:03:34.1774037Z' while content on disk has modification time of '2026-09-13T20:13:31.7275097Z'
Number of updated asset objects reloaded before import = 0
Number of asset objects unloaded after import = 0
========================================================================
Received Import Request.
  Time since last request: 0.000899 seconds.
  path: Assets/StreamingAssets/klipik.rez
  artifactKey: Guid(c6703c17cc9a3ed4c85c64a4cc95ed5b) Importer(815301076,1909f56bfc062723c751e8b465ee728b)
Start importing Assets/StreamingAssets/klipik.rez using Guid(c6703c17cc9a3ed4c85c64a4cc95ed5b) Importer(815301076,1909f56bfc062723c751e8b465ee728b) [PhysX] Initialized MultithreadedTaskDispatcher with 16 workers.
 -> (artifact id: '00000000000000000000000000000000') in 0.001168 seconds
Import Error Code:(4)
Message: Build asset version error: assets/streamingassets/klipik.rez in SourceAssetDB has modification time of '2026-09-13T20:03:34.1774037Z' while content on disk has modification time of '2026-09-13T20:13:31.7275097Z'
  ERROR: Build asset version error: assets/streamingassets/klipik.rez in SourceAssetDB has modification time of '2026-09-13T20:03:34.1774037Z' while content on disk has modification time of '2026-09-13T20:13:31.7275097Z'
Number of updated asset objects reloaded before import = 0
Number of asset objects unloaded after import = 0
========================================================================
Received Import Request.
  Time since last request: 0.017988 seconds.
  path: Assets/StreamingAssets/klipik.rez
  artifactKey: Guid(c6703c17cc9a3ed4c85c64a4cc95ed5b) Importer(815301076,1909f56bfc062723c751e8b465ee728b)
Start importing Assets/StreamingAssets/klipik.rez using Guid(c6703c17cc9a3ed4c85c64a4cc95ed5b) Importer(815301076,1909f56bfc062723c751e8b465ee728b) [PhysX] Initialized MultithreadedTaskDispatcher with 16 workers.
 -> (artifact id: '00000000000000000000000000000000') in 0.000999 seconds
Import Error Code:(4)
Message: Build asset version error: assets/streamingassets/klipik.rez in SourceAssetDB has modification time of '2026-09-13T20:03:34.1774037Z' while content on disk has modification time of '2026-09-13T20:13:31.7275097Z'
  ERROR: Build asset version error: assets/streamingassets/klipik.rez in SourceAssetDB has modification time of '2026-09-13T20:03:34.1774037Z' while content on disk has modification time of '2026-09-13T20:13:31.7275097Z'
Number of updated asset objects reloaded before import = 0
Number of asset objects unloaded after import = 0
========================================================================
Received Import Request.
  Time since last request: 0.014036 seconds.
  path: Assets/StreamingAssets/klipik.rez
  artifactKey: Guid(c6703c17cc9a3ed4c85c64a4cc95ed5b) Importer(815301076,1909f56bfc062723c751e8b465ee728b)
Start importing Assets/StreamingAssets/klipik.rez using Guid(c6703c17cc9a3ed4c85c64a4cc95ed5b) Importer(815301076,1909f56bfc062723c751e8b465ee728b) [PhysX] Initialized MultithreadedTaskDispatcher with 16 workers.
 -> (artifact id: '00000000000000000000000000000000') in 0.001120 seconds
Import Error Code:(4)
Message: Build asset version error: assets/streamingassets/klipik.rez in SourceAssetDB has modification time of '2026-09-13T20:03:34.1774037Z' while content on disk has modification time of '2026-09-13T20:13:31.7275097Z'
  ERROR: Build asset version error: assets/streamingassets/klipik.rez in SourceAssetDB has modification time of '2026-09-13T20:03:34.1774037Z' while content on disk has modification time of '2026-09-13T20:13:31.7275097Z'
Number of updated asset objects reloaded before import = 0
Number of asset objects unloaded after import = 0
========================================================================
Received Import Request.
  Time since last request: 0.013529 seconds.
  path: Assets/StreamingAssets/klipik.rez
  artifactKey: Guid(c6703c17cc9a3ed4c85c64a4cc95ed5b) Importer(815301076,1909f56bfc062723c751e8b465ee728b)
Start importing Assets/StreamingAssets/klipik.rez using Guid(c6703c17cc9a3ed4c85c64a4cc95ed5b) Importer(815301076,1909f56bfc062723c751e8b465ee728b) [PhysX] Initialized MultithreadedTaskDispatcher with 16 workers.
 -> (artifact id: '00000000000000000000000000000000') in 0.001071 seconds
Import Error Code:(4)
Message: Build asset version error: assets/streamingassets/klipik.rez in SourceAssetDB has modification time of '2026-09-13T20:03:34.1774037Z' while content on disk has modification time of '2026-09-13T20:13:31.7275097Z'
  ERROR: Build asset version error: assets/streamingassets/klipik.rez in SourceAssetDB has modification time of '2026-09-13T20:03:34.1774037Z' while content on disk has modification time of '2026-09-13T20:13:31.7275097Z'
Number of updated asset objects reloaded before import = 0
Number of asset objects unloaded after import = 0
========================================================================
Received Import Request.
  Time since last request: 0.001469 seconds.
  path: Assets/StreamingAssets/klipik.rez
  artifactKey: Guid(c6703c17cc9a3ed4c85c64a4cc95ed5b) Importer(815301076,1909f56bfc062723c751e8b465ee728b)
Start importing Assets/StreamingAssets/klipik.rez using Guid(c6703c17cc9a3ed4c85c64a4cc95ed5b) Importer(815301076,1909f56bfc062723c751e8b465ee728b) [PhysX] Initialized MultithreadedTaskDispatcher with 16 workers.
 -> (artifact id: '00000000000000000000000000000000') in 0.000992 seconds
Import Error Code:(4)
Message: Build asset version error: assets/streamingassets/klipik.rez in SourceAssetDB has modification time of '2026-09-13T20:03:34.1774037Z' while content on disk has modification time of '2026-09-13T20:13:31.7275097Z'
  ERROR: Build asset version error: assets/streamingassets/klipik.rez in SourceAssetDB has modification time of '2026-09-13T20:03:34.1774037Z' while content on disk has modification time of '2026-09-13T20:13:31.7275097Z'
Number of updated asset objects reloaded before import = 0
Number of asset objects unloaded after import = 0
========================================================================
Received Import Request.
  Time since last request: 0.014707 seconds.
  path: Assets/StreamingAssets/klipik.rez
  artifactKey: Guid(c6703c17cc9a3ed4c85c64a4cc95ed5b) Importer(815301076,1909f56bfc062723c751e8b465ee728b)
Start importing Assets/StreamingAssets/klipik.rez using Guid(c6703c17cc9a3ed4c85c64a4cc95ed5b) Importer(815301076,1909f56bfc062723c751e8b465ee728b) [PhysX] Initialized MultithreadedTaskDispatcher with 16 workers.
 -> (artifact id: '00000000000000000000000000000000') in 0.001160 seconds
Import Error Code:(4)
Message: Build asset version error: assets/streamingassets/klipik.rez in SourceAssetDB has modification time of '2026-09-13T20:03:34.1774037Z' while content on disk has modification time of '2026-09-13T20:13:31.7275097Z'
  ERROR: Build asset version error: assets/streamingassets/klipik.rez in SourceAssetDB has modification time of '2026-09-13T20:03:34.1774037Z' while content on disk has modification time of '2026-09-13T20:13:31.7275097Z'
Number of updated asset objects reloaded before import = 0
Number of asset objects unloaded after import = 0
========================================================================
Received Import Request.
  Time since last request: 0.001328 seconds.
  path: Assets/StreamingAssets/klipik.rez
  artifactKey: Guid(c6703c17cc9a3ed4c85c64a4cc95ed5b) Importer(815301076,1909f56bfc062723c751e8b465ee728b)
Start importing Assets/StreamingAssets/klipik.rez using Guid(c6703c17cc9a3ed4c85c64a4cc95ed5b) Importer(815301076,1909f56bfc062723c751e8b465ee728b) [PhysX] Initialized MultithreadedTaskDispatcher with 16 workers.
 -> (artifact id: '00000000000000000000000000000000') in 0.001451 seconds
Import Error Code:(4)
Message: Build asset version error: assets/streamingassets/klipik.rez in SourceAssetDB has modification time of '2026-09-13T20:03:34.1774037Z' while content on disk has modification time of '2026-09-13T20:13:31.7275097Z'
  ERROR: Build asset version error: assets/streamingassets/klipik.rez in SourceAssetDB has modification time of '2026-09-13T20:03:34.1774037Z' while content on disk has modification time of '2026-09-13T20:13:31.7275097Z'
Number of updated asset objects reloaded before import = 0
Number of asset objects unloaded after import = 0
========================================================================
Received Import Request.
  Time since last request: 0.000904 seconds.
  path: Assets/StreamingAssets/klipik.rez
  artifactKey: Guid(c6703c17cc9a3ed4c85c64a4cc95ed5b) Importer(815301076,1909f56bfc062723c751e8b465ee728b)
Start importing Assets/StreamingAssets/klipik.rez using Guid(c6703c17cc9a3ed4c85c64a4cc95ed5b) Importer(815301076,1909f56bfc062723c751e8b465ee728b) [PhysX] Initialized MultithreadedTaskDispatcher with 16 workers.
 -> (artifact id: '00000000000000000000000000000000') in 0.001274 seconds
Import Error Code:(4)
Message: Build asset version error: assets/streamingassets/klipik.rez in SourceAssetDB has modification time of '2026-09-13T20:03:34.1774037Z' while content on disk has modification time of '2026-09-13T20:13:31.7275097Z'
  ERROR: Build asset version error: assets/streamingassets/klipik.rez in SourceAssetDB has modification time of '2026-09-13T20:03:34.1774037Z' while content on disk has modification time of '2026-09-13T20:13:31.7275097Z'
Number of updated asset objects reloaded before import = 0
Number of asset objects unloaded after import = 0
========================================================================
Received Import Request.
  Time since last request: 0.014877 seconds.
  path: Assets/StreamingAssets/klipik.rez
  artifactKey: Guid(c6703c17cc9a3ed4c85c64a4cc95ed5b) Importer(815301076,1909f56bfc062723c751e8b465ee728b)
Start importing Assets/StreamingAssets/klipik.rez using Guid(c6703c17cc9a3ed4c85c64a4cc95ed5b) Importer(815301076,1909f56bfc062723c751e8b465ee728b) [PhysX] Initialized MultithreadedTaskDispatcher with 16 workers.
 -> (artifact id: '00000000000000000000000000000000') in 0.000971 seconds
Import Error Code:(4)
Message: Build asset version error: assets/streamingassets/klipik.rez in SourceAssetDB has modification time of '2026-09-13T20:03:34.1774037Z' while content on disk has modification time of '2026-09-13T20:13:31.7275097Z'
  ERROR: Build asset version error: assets/streamingassets/klipik.rez in SourceAssetDB has modification time of '2026-09-13T20:03:34.1774037Z' while content on disk has modification time of '2026-09-13T20:13:31.7275097Z'
Number of updated asset objects reloaded before import = 0
Number of asset objects unloaded after import = 0
========================================================================
Received Import Request.
  Time since last request: 0.013440 seconds.
  path: Assets/StreamingAssets/klipik.rez
  artifactKey: Guid(c6703c17cc9a3ed4c85c64a4cc95ed5b) Importer(815301076,1909f56bfc062723c751e8b465ee728b)
Start importing Assets/StreamingAssets/klipik.rez using Guid(c6703c17cc9a3ed4c85c64a4cc95ed5b) Importer(815301076,1909f56bfc062723c751e8b465ee728b) [PhysX] Initialized MultithreadedTaskDispatcher with 16 workers.
 -> (artifact id: '00000000000000000000000000000000') in 0.001115 seconds
Import Error Code:(4)
Message: Build asset version error: assets/streamingassets/klipik.rez in SourceAssetDB has modification time of '2026-09-13T20:03:34.1774037Z' while content on disk has modification time of '2026-09-13T20:13:31.7275097Z'
  ERROR: Build asset version error: assets/streamingassets/klipik.rez in SourceAssetDB has modification time of '2026-09-13T20:03:34.1774037Z' while content on disk has modification time of '2026-09-13T20:13:31.7275097Z'
Number of updated asset objects reloaded before import = 0
Number of asset objects unloaded after import = 0
========================================================================
Received Import Request.
  Time since last request: 0.014217 seconds.
  path: Assets/StreamingAssets/klipik.rez
  artifactKey: Guid(c6703c17cc9a3ed4c85c64a4cc95ed5b) Importer(815301076,1909f56bfc062723c751e8b465ee728b)
Start importing Assets/StreamingAssets/klipik.rez using Guid(c6703c17cc9a3ed4c85c64a4cc95ed5b) Importer(815301076,1909f56bfc062723c751e8b465ee728b) [PhysX] Initialized MultithreadedTaskDispatcher with 16 workers.
 -> (artifact id: '00000000000000000000000000000000') in 0.001094 seconds
Import Error Code:(4)
Message: Build asset version error: assets/streamingassets/klipik.rez in SourceAssetDB has modification time of '2026-09-13T20:03:34.1774037Z' while content on disk has modification time of '2026-09-13T20:13:31.7275097Z'
  ERROR: Build asset version error: assets/streamingassets/klipik.rez in SourceAssetDB has modification time of '2026-09-13T20:03:34.1774037Z' while content on disk has modification time of '2026-09-13T20:13:31.7275097Z'
Number of updated asset objects reloaded before import = 0
Number of asset objects unloaded after import = 0
========================================================================
Received Import Request.
  Time since last request: 0.000997 seconds.
  path: Assets/StreamingAssets/klipik.rez
  artifactKey: Guid(c6703c17cc9a3ed4c85c64a4cc95ed5b) Importer(815301076,1909f56bfc062723c751e8b465ee728b)
Start importing Assets/StreamingAssets/klipik.rez using Guid(c6703c17cc9a3ed4c85c64a4cc95ed5b) Importer(815301076,1909f56bfc062723c751e8b465ee728b) [PhysX] Initialized MultithreadedTaskDispatcher with 16 workers.
 -> (artifact id: '00000000000000000000000000000000') in 0.001164 seconds
Import Error Code:(4)
Message: Build asset version error: assets/streamingassets/klipik.rez in SourceAssetDB has modification time of '2026-09-13T20:03:34.1774037Z' while content on disk has modification time of '2026-09-13T20:13:31.7275097Z'
  ERROR: Build asset version error: assets/streamingassets/klipik.rez in SourceAssetDB has modification time of '2026-09-13T20:03:34.1774037Z' while content on disk has modification time of '2026-09-13T20:13:31.7275097Z'
Number of updated asset objects reloaded before import = 0
Number of asset objects unloaded after import = 0
========================================================================
Received Import Request.
  Time since last request: 0.000530 seconds.
  path: Assets/StreamingAssets/klipik.rez
  artifactKey: Guid(c6703c17cc9a3ed4c85c64a4cc95ed5b) Importer(815301076,1909f56bfc062723c751e8b465ee728b)
Start importing Assets/StreamingAssets/klipik.rez using Guid(c6703c17cc9a3ed4c85c64a4cc95ed5b) Importer(815301076,1909f56bfc062723c751e8b465ee728b) [PhysX] Initialized MultithreadedTaskDispatcher with 16 workers.
 -> (artifact id: '00000000000000000000000000000000') in 0.000979 seconds
Import Error Code:(4)
Message: Build asset version error: assets/streamingassets/klipik.rez in SourceAssetDB has modification time of '2026-09-13T20:03:34.1774037Z' while content on disk has modification time of '2026-09-13T20:13:31.7275097Z'
  ERROR: Build asset version error: assets/streamingassets/klipik.rez in SourceAssetDB has modification time of '2026-09-13T20:03:34.1774037Z' while content on disk has modification time of '2026-09-13T20:13:31.7275097Z'
Number of updated asset objects reloaded before import = 0
Number of asset objects unloaded after import = 0
========================================================================
Received Import Request.
  Time since last request: 0.001454 seconds.
  path: Assets/StreamingAssets/klipik.rez
  artifactKey: Guid(c6703c17cc9a3ed4c85c64a4cc95ed5b) Importer(815301076,1909f56bfc062723c751e8b465ee728b)
Start importing Assets/StreamingAssets/klipik.rez using Guid(c6703c17cc9a3ed4c85c64a4cc95ed5b) Importer(815301076,1909f56bfc062723c751e8b465ee728b) [PhysX] Initialized MultithreadedTaskDispatcher with 16 workers.
 -> (artifact id: '00000000000000000000000000000000') in 0.001245 seconds
Import Error Code:(4)
Message: Build asset version error: assets/streamingassets/klipik.rez in SourceAssetDB has modification time of '2026-09-13T20:03:34.1774037Z' while content on disk has modification time of '2026-09-13T20:13:31.7275097Z'
  ERROR: Build asset version error: assets/streamingassets/klipik.rez in SourceAssetDB has modification time of '2026-09-13T20:03:34.1774037Z' while content on disk has modification time of '2026-09-13T20:13:31.7275097Z'
Number of updated asset objects reloaded before import = 0
Number of asset objects unloaded after import = 0
========================================================================
Received Import Request.
  Time since last request: 0.001417 seconds.
  path: Assets/StreamingAssets/klipik.rez
  artifactKey: Guid(c6703c17cc9a3ed4c85c64a4cc95ed5b) Importer(815301076,1909f56bfc062723c751e8b465ee728b)
Start importing Assets/StreamingAssets/klipik.rez using Guid(c6703c17cc9a3ed4c85c64a4cc95ed5b) Importer(815301076,1909f56bfc062723c751e8b465ee728b) [PhysX] Initialized MultithreadedTaskDispatcher with 16 workers.
 -> (artifact id: '00000000000000000000000000000000') in 0.001153 seconds
Import Error Code:(4)
Message: Build asset version error: assets/streamingassets/klipik.rez in SourceAssetDB has modification time of '2026-09-13T20:03:34.1774037Z' while content on disk has modification time of '2026-09-13T20:13:31.7275097Z'
  ERROR: Build asset version error: assets/streamingassets/klipik.rez in SourceAssetDB has modification time of '2026-09-13T20:03:34.1774037Z' while content on disk has modification time of '2026-09-13T20:13:31.7275097Z'
Number of updated asset objects reloaded before import = 0
Number of asset objects unloaded after import = 0
========================================================================
Received Import Request.
  Time since last request: 0.000945 seconds.
  path: Assets/StreamingAssets/klipik.rez
  artifactKey: Guid(c6703c17cc9a3ed4c85c64a4cc95ed5b) Importer(815301076,1909f56bfc062723c751e8b465ee728b)
Start importing Assets/StreamingAssets/klipik.rez using Guid(c6703c17cc9a3ed4c85c64a4cc95ed5b) Importer(815301076,1909f56bfc062723c751e8b465ee728b) [PhysX] Initialized MultithreadedTaskDispatcher with 16 workers.
 -> (artifact id: '00000000000000000000000000000000') in 0.001100 seconds
Import Error Code:(4)
Message: Build asset version error: assets/streamingassets/klipik.rez in SourceAssetDB has modification time of '2026-09-13T20:03:34.1774037Z' while content on disk has modification time of '2026-09-13T20:13:31.7275097Z'
  ERROR: Build asset version error: assets/streamingassets/klipik.rez in SourceAssetDB has modification time of '2026-09-13T20:03:34.1774037Z' while content on disk has modification time of '2026-09-13T20:13:31.7275097Z'
Number of updated asset objects reloaded before import = 0
Number of asset objects unloaded after import = 0
========================================================================
Received Import Request.
  Time since last request: 0.013818 seconds.
  path: Assets/StreamingAssets/klipik.rez
  artifactKey: Guid(c6703c17cc9a3ed4c85c64a4cc95ed5b) Importer(815301076,1909f56bfc062723c751e8b465ee728b)
Start importing Assets/StreamingAssets/klipik.rez using Guid(c6703c17cc9a3ed4c85c64a4cc95ed5b) Importer(815301076,1909f56bfc062723c751e8b465ee728b) [PhysX] Initialized MultithreadedTaskDispatcher with 16 workers.
 -> (artifact id: '00000000000000000000000000000000') in 0.001145 seconds
Import Error Code:(4)
Message: Build asset version error: assets/streamingassets/klipik.rez in SourceAssetDB has modification time of '2026-09-13T20:03:34.1774037Z' while content on disk has modification time of '2026-09-13T20:13:31.7275097Z'
  ERROR: Build asset version error: assets/streamingassets/klipik.rez in SourceAssetDB has modification time of '2026-09-13T20:03:34.1774037Z' while content on disk has modification time of '2026-09-13T20:13:31.7275097Z'
Number of updated asset objects reloaded before import = 0
Number of asset objects unloaded after import = 0
========================================================================
Received Import Request.
  Time since last request: 0.000577 seconds.
  path: Assets/StreamingAssets/klipik.rez
  artifactKey: Guid(c6703c17cc9a3ed4c85c64a4cc95ed5b) Importer(815301076,1909f56bfc062723c751e8b465ee728b)
Start importing Assets/StreamingAssets/klipik.rez using Guid(c6703c17cc9a3ed4c85c64a4cc95ed5b) Importer(815301076,1909f56bfc062723c751e8b465ee728b) [PhysX] Initialized MultithreadedTaskDispatcher with 16 workers.
 -> (artifact id: '00000000000000000000000000000000') in 0.001029 seconds
Import Error Code:(4)
Message: Build asset version error: assets/streamingassets/klipik.rez in SourceAssetDB has modification time of '2026-09-13T20:03:34.1774037Z' while content on disk has modification time of '2026-09-13T20:13:31.7275097Z'
  ERROR: Build asset version error: assets/streamingassets/klipik.rez in SourceAssetDB has modification time of '2026-09-13T20:03:34.1774037Z' while content on disk has modification time of '2026-09-13T20:13:31.7275097Z'
Number of updated asset objects reloaded before import = 0
Number of asset objects unloaded after import = 0
========================================================================
Received Import Request.
  Time since last request: 0.014643 seconds.
  path: Assets/StreamingAssets/klipik.rez
  artifactKey: Guid(c6703c17cc9a3ed4c85c64a4cc95ed5b) Importer(815301076,1909f56bfc062723c751e8b465ee728b)
Start importing Assets/StreamingAssets/klipik.rez using Guid(c6703c17cc9a3ed4c85c64a4cc95ed5b) Importer(815301076,1909f56bfc062723c751e8b465ee728b) [PhysX] Initialized MultithreadedTaskDispatcher with 16 workers.
 -> (artifact id: '00000000000000000000000000000000') in 0.001297 seconds
Import Error Code:(4)
Message: Build asset version error: assets/streamingassets/klipik.rez in SourceAssetDB has modification time of '2026-09-13T20:03:34.1774037Z' while content on disk has modification time of '2026-09-13T20:13:31.7275097Z'
  ERROR: Build asset version error: assets/streamingassets/klipik.rez in SourceAssetDB has modification time of '2026-09-13T20:03:34.1774037Z' while content on disk has modification time of '2026-09-13T20:13:31.7275097Z'
Number of updated asset objects reloaded before import = 0
Number of asset objects unloaded after import = 0
========================================================================
Received Import Request.
  Time since last request: 0.000595 seconds.
  path: Assets/StreamingAssets/klipik.rez
  artifactKey: Guid(c6703c17cc9a3ed4c85c64a4cc95ed5b) Importer(815301076,1909f56bfc062723c751e8b465ee728b)
Start importing Assets/StreamingAssets/klipik.rez using Guid(c6703c17cc9a3ed4c85c64a4cc95ed5b) Importer(815301076,1909f56bfc062723c751e8b465ee728b) [PhysX] Initialized MultithreadedTaskDispatcher with 16 workers.
 -> (artifact id: '00000000000000000000000000000000') in 0.001237 seconds
Import Error Code:(4)
Message: Build asset version error: assets/streamingassets/klipik.rez in SourceAssetDB has modification time of '2026-09-13T20:03:34.1774037Z' while content on disk has modification time of '2026-09-13T20:13:31.7275097Z'
  ERROR: Build asset version error: assets/streamingassets/klipik.rez in SourceAssetDB has modification time of '2026-09-13T20:03:34.1774037Z' while content on disk has modification time of '2026-09-13T20:13:31.7275097Z'
Number of updated asset objects reloaded before import = 0
Number of asset objects unloaded after import = 0
========================================================================
Received Import Request.
  Time since last request: 0.000733 seconds.
  path: Assets/StreamingAssets/klipik.rez
  artifactKey: Guid(c6703c17cc9a3ed4c85c64a4cc95ed5b) Importer(815301076,1909f56bfc062723c751e8b465ee728b)
Start importing Assets/StreamingAssets/klipik.rez using Guid(c6703c17cc9a3ed4c85c64a4cc95ed5b) Importer(815301076,1909f56bfc062723c751e8b465ee728b) [PhysX] Initialized MultithreadedTaskDispatcher with 16 workers.
 -> (artifact id: '00000000000000000000000000000000') in 0.001941 seconds
Import Error Code:(4)
Message: Build asset version error: assets/streamingassets/klipik.rez in SourceAssetDB has modification time of '2026-09-13T20:03:34.1774037Z' while content on disk has modification time of '2026-09-13T20:13:31.7275097Z'
  ERROR: Build asset version error: assets/streamingassets/klipik.rez in SourceAssetDB has modification time of '2026-09-13T20:03:34.1774037Z' while content on disk has modification time of '2026-09-13T20:13:31.7275097Z'
Number of updated asset objects reloaded before import = 0
Number of asset objects unloaded after import = 0
========================================================================
Received Import Request.
  Time since last request: 0.001213 seconds.
  path: Assets/StreamingAssets/klipik.rez
  artifactKey: Guid(c6703c17cc9a3ed4c85c64a4cc95ed5b) Importer(815301076,1909f56bfc062723c751e8b465ee728b)
Start importing Assets/StreamingAssets/klipik.rez using Guid(c6703c17cc9a3ed4c85c64a4cc95ed5b) Importer(815301076,1909f56bfc062723c751e8b465ee728b) [PhysX] Initialized MultithreadedTaskDispatcher with 16 workers.
 -> (artifact id: '00000000000000000000000000000000') in 0.001339 seconds
Import Error Code:(4)
Message: Build asset version error: assets/streamingassets/klipik.rez in SourceAssetDB has modification time of '2026-09-13T20:03:34.1774037Z' while content on disk has modification time of '2026-09-13T20:13:31.7275097Z'
  ERROR: Build asset version error: assets/streamingassets/klipik.rez in SourceAssetDB has modification time of '2026-09-13T20:03:34.1774037Z' while content on disk has modification time of '2026-09-13T20:13:31.7275097Z'
Number of updated asset objects reloaded before import = 0
Number of asset objects unloaded after import = 0
========================================================================
Received Import Request.
  Time since last request: 0.000792 seconds.
  path: Assets/StreamingAssets/klipik.rez
  artifactKey: Guid(c6703c17cc9a3ed4c85c64a4cc95ed5b) Importer(815301076,1909f56bfc062723c751e8b465ee728b)
Start importing Assets/StreamingAssets/klipik.rez using Guid(c6703c17cc9a3ed4c85c64a4cc95ed5b) Importer(815301076,1909f56bfc062723c751e8b465ee728b) [PhysX] Initialized MultithreadedTaskDispatcher with 16 workers.
 -> (artifact id: '00000000000000000000000000000000') in 0.001072 seconds
Import Error Code:(4)
Message: Build asset version error: assets/streamingassets/klipik.rez in SourceAssetDB has modification time of '2026-09-13T20:03:34.1774037Z' while content on disk has modification time of '2026-09-13T20:13:31.7275097Z'
  ERROR: Build asset version error: assets/streamingassets/klipik.rez in SourceAssetDB has modification time of '2026-09-13T20:03:34.1774037Z' while content on disk has modification time of '2026-09-13T20:13:31.7275097Z'
Number of updated asset objects reloaded before import = 0
Number of asset objects unloaded after import = 0
========================================================================
Received Import Request.
  Time since last request: 0.013783 seconds.
  path: Assets/StreamingAssets/klipik.rez
  artifactKey: Guid(c6703c17cc9a3ed4c85c64a4cc95ed5b) Importer(815301076,1909f56bfc062723c751e8b465ee728b)
Start importing Assets/StreamingAssets/klipik.rez using Guid(c6703c17cc9a3ed4c85c64a4cc95ed5b) Importer(815301076,1909f56bfc062723c751e8b465ee728b) [PhysX] Initialized MultithreadedTaskDispatcher with 16 workers.
 -> (artifact id: '00000000000000000000000000000000') in 0.001172 seconds
Import Error Code:(4)
Message: Build asset version error: assets/streamingassets/klipik.rez in SourceAssetDB has modification time of '2026-09-13T20:03:34.1774037Z' while content on disk has modification time of '2026-09-13T20:13:31.7275097Z'
  ERROR: Build asset version error: assets/streamingassets/klipik.rez in SourceAssetDB has modification time of '2026-09-13T20:03:34.1774037Z' while content on disk has modification time of '2026-09-13T20:13:31.7275097Z'
Number of updated asset objects reloaded before import = 0
Number of asset objects unloaded after import = 0
========================================================================
Received Import Request.
  Time since last request: 0.001159 seconds.
  path: Assets/StreamingAssets/klipik.rez
  artifactKey: Guid(c6703c17cc9a3ed4c85c64a4cc95ed5b) Importer(815301076,1909f56bfc062723c751e8b465ee728b)
Start importing Assets/StreamingAssets/klipik.rez using Guid(c6703c17cc9a3ed4c85c64a4cc95ed5b) Importer(815301076,1909f56bfc062723c751e8b465ee728b) [PhysX] Initialized MultithreadedTaskDispatcher with 16 workers.
 -> (artifact id: '00000000000000000000000000000000') in 0.001280 seconds
Import Error Code:(4)
Message: Build asset version error: assets/streamingassets/klipik.rez in SourceAssetDB has modification time of '2026-09-13T20:03:34.1774037Z' while content on disk has modification time of '2026-09-13T20:13:31.7275097Z'
  ERROR: Build asset version error: assets/streamingassets/klipik.rez in SourceAssetDB has modification time of '2026-09-13T20:03:34.1774037Z' while content on disk has modification time of '2026-09-13T20:13:31.7275097Z'
Number of updated asset objects reloaded before import = 0
Number of asset objects unloaded after import = 0
========================================================================
Received Import Request.
  Time since last request: 0.014503 seconds.
  path: Assets/StreamingAssets/klipik.rez
  artifactKey: Guid(c6703c17cc9a3ed4c85c64a4cc95ed5b) Importer(815301076,1909f56bfc062723c751e8b465ee728b)
Start importing Assets/StreamingAssets/klipik.rez using Guid(c6703c17cc9a3ed4c85c64a4cc95ed5b) Importer(815301076,1909f56bfc062723c751e8b465ee728b) [PhysX] Initialized MultithreadedTaskDispatcher with 16 workers.
 -> (artifact id: '00000000000000000000000000000000') in 0.001051 seconds
Import Error Code:(4)
Message: Build asset version error: assets/streamingassets/klipik.rez in SourceAssetDB has modification time of '2026-09-13T20:03:34.1774037Z' while content on disk has modification time of '2026-09-13T20:13:31.7275097Z'
  ERROR: Build asset version error: assets/streamingassets/klipik.rez in SourceAssetDB has modification time of '2026-09-13T20:03:34.1774037Z' while content on disk has modification time of '2026-09-13T20:13:31.7275097Z'
Number of updated asset objects reloaded before import = 0
Number of asset objects unloaded after import = 0
========================================================================
Received Import Request.
  Time since last request: 0.014508 seconds.
  path: Assets/StreamingAssets/klipik.rez
  artifactKey: Guid(c6703c17cc9a3ed4c85c64a4cc95ed5b) Importer(815301076,1909f56bfc062723c751e8b465ee728b)
Start importing Assets/StreamingAssets/klipik.rez using Guid(c6703c17cc9a3ed4c85c64a4cc95ed5b) Importer(815301076,1909f56bfc062723c751e8b465ee728b) [PhysX] Initialized MultithreadedTaskDispatcher with 16 workers.
 -> (artifact id: '00000000000000000000000000000000') in 0.001215 seconds
Import Error Code:(4)
Message: Build asset version error: assets/streamingassets/klipik.rez in SourceAssetDB has modification time of '2026-09-13T20:03:34.1774037Z' while content on disk has modification time of '2026-09-13T20:13:31.7275097Z'
  ERROR: Build asset version error: assets/streamingassets/klipik.rez in SourceAssetDB has modification time of '2026-09-13T20:03:34.1774037Z' while content on disk has modification time of '2026-09-13T20:13:31.7275097Z'
Number of updated asset objects reloaded before import = 0
Number of asset objects unloaded after import = 0
========================================================================
Received Prepare
Caller must complete domain reload
Begin MonoManager ReloadAssembly
- Loaded All Assemblies, in  0.920 seconds
Native extension for UWP target not found
Native extension for WindowsStandalone target not found
Native extension for WebGL target not found
[Package Manager] Server::EnsureServerProcessIsRunning -- launch failed, reason: Unity was launched with the -noUpm command-line argument
[Package Manager] UpmClient::Send -- Unable to send message (not connected to UPM process).
[Package Manager] Cannot connect to Unity Package Manager local server
Mono: successfully reloaded assembly
- Finished resetting the current domain, in  1.965 seconds
Domain Reload Profiling: 2873ms
	BeginReloadAssembly (238ms)
		ExecutionOrderSort (0ms)
		DisableScriptedObjects (6ms)
		BackupInstance (0ms)
		ReleaseScriptingObjects (0ms)
		CreateAndSetChildDomain (57ms)
	RebuildCommonClasses (53ms)
	RebuildNativeTypeToScriptingClass (21ms)
	initialDomainReloadingComplete (63ms)
	LoadAllAssembliesAndSetupDomain (533ms)
		LoadAssemblies (632ms)
		RebuildTransferFunctionScriptingTraits (0ms)
		AnalyzeDomain (26ms)
			TypeCache.Refresh (8ms)
				TypeCache.ScanAssembly (0ms)
			ScanForSourceGeneratedMonoScriptInfo (0ms)
			ResolveRequiredComponents (14ms)
	FinalizeReload (1966ms)
		ReleaseScriptCaches (0ms)
		RebuildScriptCaches (0ms)
		SetupLoadedEditorAssemblies (771ms)
			LogAssemblyErrors (0ms)
			InitializePlatformSupportModulesInManaged (15ms)
			SetLoadedEditorAssemblies (7ms)
			RefreshPlugins (0ms)
			BeforeProcessingInitializeOnLoad (116ms)
			ProcessInitializeOnLoadAttributes (467ms)
			ProcessInitializeOnLoadMethodAttributes (151ms)
			AfterProcessingInitializeOnLoad (15ms)
			EditorAssembliesLoaded (0ms)
		ExecutionOrderSort2 (0ms)
		AwakeInstancesAfterBackupRestoration (30ms)
Shader Hidden/ProbeVolume/VoxelizeScene is not supported: GPU does not support conservative rasterization
Refreshing native plugins compatible for Editor in 18.05 ms, found 2 plugins.
Preloading 0 native plugins for Editor in 0.00 ms.
Unloading 4930 Unused Serialized files (Serialized files now loaded: 0)
Unloading 45 unused Assets / (1.1 MB). Loaded Objects now: 5760.
Memory consumption went from 208.9 MB to 207.9 MB.
Total: 4.863200 ms (FindLiveObjects: 0.567000 ms CreateObjectMapping: 0.181900 ms MarkObjects: 3.815800 ms  DeleteObjects: 0.296600 ms)

Prepare: number of updated asset objects reloaded= 0
AssetImportParameters requested are different than current active one (requested -> active):
  custom:container-demuxer-ogg: 62fdf1f143b41e24485cea50d1cbac27 -> 
  custom:video-codec-MediaFoundation-h265: 746d11721c4dcdbdad8f713fa42b33f4 -> 
  custom:video-decoder-ogg-theora: a1e56fd34408186e4bbccfd4996cb3dc -> 
  custom:framework-win-MediaFoundation: 216162199b28c13a410421893ffa2e32 -> 
  custom:CustomObjectIndexerAttribute: 72b91833f83ae208fae7752999fa3104 -> 
  custom:container-demuxer-webm: 4f35f7cbe854078d1ac9338744f61a02 -> 
  custom:container-muxer-webm: aa71ff27fc2769a1b78a27578f13a17b -> 
  custom:video-decoder-webm-vp8: 9c59270c3fd7afecdb556c50c9e8de78 -> 
  custom:SearchIndexIgnoredProperties: e643bd26f0fe6173181afceb89e7c659 -> 
  custom:AudioImporter_EditorPlatform: d09bf68614088b80899f8185d706f6e7 -> 
  custom:video-encoder-webm-vp8: eb34c28f22e8b96e1ab97ce403110664 -> 
  custom:audio-decoder-ogg-vorbis: bf7c407c2cedff20999df2af8eb42d56 -> 
  custom:audio-encoder-webm-vorbis: bf7c407c2cedff20999df2af8eb42d56 -> 
========================================================================
Received Prepare
Shader Hidden/ProbeVolume/VoxelizeScene is not supported: GPU does not support conservative rasterization
Refreshing native plugins compatible for Editor in 21.00 ms, found 2 plugins.
Preloading 0 native plugins for Editor in 0.00 ms.
Unloading 3 Unused Serialized files (Serialized files now loaded: 0)
Unloading 3 unused Assets / (1.0 MB). Loaded Objects now: 5760.
Memory consumption went from 132.3 MB to 131.3 MB.
Total: 7.408100 ms (FindLiveObjects: 0.605800 ms CreateObjectMapping: 0.248300 ms MarkObjects: 6.191000 ms  DeleteObjects: 0.355100 ms)

Prepare: number of updated asset objects reloaded= 0
AssetImportParameters requested are different than current active one (requested -> active):
  custom:container-demuxer-ogg: 62fdf1f143b41e24485cea50d1cbac27 -> 
  custom:video-codec-MediaFoundation-h265: 746d11721c4dcdbdad8f713fa42b33f4 -> 
  custom:video-decoder-ogg-theora: a1e56fd34408186e4bbccfd4996cb3dc -> 
  custom:framework-win-MediaFoundation: 216162199b28c13a410421893ffa2e32 -> 
  custom:CustomObjectIndexerAttribute: 72b91833f83ae208fae7752999fa3104 -> 
  custom:container-demuxer-webm: 4f35f7cbe854078d1ac9338744f61a02 -> 
  custom:container-muxer-webm: aa71ff27fc2769a1b78a27578f13a17b -> 
  custom:video-decoder-webm-vp8: 9c59270c3fd7afecdb556c50c9e8de78 -> 
  custom:SearchIndexIgnoredProperties: e643bd26f0fe6173181afceb89e7c659 -> 
  custom:AudioImporter_EditorPlatform: d09bf68614088b80899f8185d706f6e7 -> 
  custom:video-encoder-webm-vp8: eb34c28f22e8b96e1ab97ce403110664 -> 
  custom:audio-decoder-ogg-vorbis: bf7c407c2cedff20999df2af8eb42d56 -> 
  custom:audio-encoder-webm-vorbis: bf7c407c2cedff20999df2af8eb42d56 -> 
